  Number of PTC Nodes  from 0 to          503
 ****************************************************
  Node Number            0
  Number of PTC Integration Nodes           8
   0.0000000000000000      SIS18$START                         1          -1
   0.0000000000000000      SIS18$START                         1           1
   0.0000000000000000      SIS18$START                         1           0
   0.0000000000000000      SIS18$START                         1           2
   0.0000000000000000      SIS18$START                         1          -2
   0.0000000000000000      DR1                                 2          -1
   0.0000000000000000      DR1                                 2           1
   0.0000000000000000      DR1                                 2           0
 ****************************************************
  Node Number            1
  Number of PTC Integration Nodes           5
  0.32250000000000001      DR1                                 2           0
  0.64500000000000002      DR1                                 2           2
  0.64500000000000002      DR1                                 2          -2
  0.64500000000000002      RB                                  3          -1
  0.64500000000000002      RB                                  3           1
 ****************************************************
  Node Number            2
  Number of PTC Integration Nodes           1
  0.64500000000000002      RB                                  3           0
 ****************************************************
  Node Number            3
  Number of PTC Integration Nodes           1
   1.0813323129985817      RB                                  3           0
 ****************************************************
  Node Number            4
  Number of PTC Integration Nodes           1
   1.5176646259971633      RB                                  3           0
 ****************************************************
  Node Number            5
  Number of PTC Integration Nodes           1
   1.9539969389957450      RB                                  3           0
 ****************************************************
  Node Number            6
  Number of PTC Integration Nodes           1
   2.3903292519943267      RB                                  3           0
 ****************************************************
  Node Number            7
  Number of PTC Integration Nodes           5
   2.8266615649929081      RB                                  3           0
   3.2629938779914900      RB                                  3           2
   3.2629938779914900      RB                                  3          -2
   3.2629938779914900      DR2                                 4          -1
   3.2629938779914900      DR2                                 4           1
 ****************************************************
  Node Number            8
  Number of PTC Integration Nodes           1
   3.2629938779914900      DR2                                 4           0
 ****************************************************
  Node Number            9
  Number of PTC Integration Nodes           5
   3.7479938779914899      DR2                                 4           0
   4.2329938779914897      DR2                                 4           2
   4.2329938779914897      DR2                                 4          -2
   4.2329938779914897      RB                                  5          -1
   4.2329938779914897      RB                                  5           1
 ****************************************************
  Node Number           10
  Number of PTC Integration Nodes           1
   4.2329938779914897      RB                                  5           0
 ****************************************************
  Node Number           11
  Number of PTC Integration Nodes           1
   4.6693261909900716      RB                                  5           0
 ****************************************************
  Node Number           12
  Number of PTC Integration Nodes           1
   5.1056585039886535      RB                                  5           0
 ****************************************************
  Node Number           13
  Number of PTC Integration Nodes           1
   5.5419908169872354      RB                                  5           0
 ****************************************************
  Node Number           14
  Number of PTC Integration Nodes           1
   5.9783231299858173      RB                                  5           0
 ****************************************************
  Node Number           15
  Number of PTC Integration Nodes           5
   6.4146554429843992      RB                                  5           0
   6.8509877559829810      RB                                  5           2
   6.8509877559829810      RB                                  5          -2
   6.8509877559829810      DR3                                 6          -1
   6.8509877559829810      DR3                                 6           1
 ****************************************************
  Node Number           16
  Number of PTC Integration Nodes           1
   6.8509877559829810      DR3                                 6           0
 ****************************************************
  Node Number           17
  Number of PTC Integration Nodes           1
   7.3394885916972665      DR3                                 6           0
 ****************************************************
  Node Number           18
  Number of PTC Integration Nodes           1
   7.8279894274115520      DR3                                 6           0
 ****************************************************
  Node Number           19
  Number of PTC Integration Nodes           1
   8.3164902631258375      DR3                                 6           0
 ****************************************************
  Node Number           20
  Number of PTC Integration Nodes           1
   8.8049910988401230      DR3                                 6           0
 ****************************************************
  Node Number           21
  Number of PTC Integration Nodes           1
   9.2934919345544085      DR3                                 6           0
 ****************************************************
  Node Number           22
  Number of PTC Integration Nodes           1
   9.7819927702686940      DR3                                 6           0
 ****************************************************
  Node Number           23
  Number of PTC Integration Nodes           1
   10.270493605982979      DR3                                 6           0
 ****************************************************
  Node Number           24
  Number of PTC Integration Nodes           1
   10.758994441697265      DR3                                 6           0
 ****************************************************
  Node Number           25
  Number of PTC Integration Nodes           1
   11.247495277411550      DR3                                 6           0
 ****************************************************
  Node Number           26
  Number of PTC Integration Nodes           1
   11.735996113125836      DR3                                 6           0
 ****************************************************
  Node Number           27
  Number of PTC Integration Nodes           1
   12.224496948840121      DR3                                 6           0
 ****************************************************
  Node Number           28
  Number of PTC Integration Nodes           1
   12.712997784554407      DR3                                 6           0
 ****************************************************
  Node Number           29
  Number of PTC Integration Nodes           5
   13.201498620268692      DR3                                 6           0
   13.689999455982978      DR3                                 6           2
   13.689999455982978      DR3                                 6          -2
   13.689999455982978      QS1F                                7          -1
   13.689999455982978      QS1F                                7           1
 ****************************************************
  Node Number           30
  Number of PTC Integration Nodes           1
   13.689999455982978      QS1F                                7           0
 ****************************************************
  Node Number           31
  Number of PTC Integration Nodes           1
   13.949999455982978      QS1F                                7           0
 ****************************************************
  Node Number           32
  Number of PTC Integration Nodes           1
   14.209999455982977      QS1F                                7           0
 ****************************************************
  Node Number           33
  Number of PTC Integration Nodes           5
   14.469999455982977      QS1F                                7           0
   14.729999455982977      QS1F                                7           2
   14.729999455982977      QS1F                                7          -2
   14.729999455982977      DR4                                 8          -1
   14.729999455982977      DR4                                 8           1
 ****************************************************
  Node Number           34
  Number of PTC Integration Nodes           1
   14.729999455982977      DR4                                 8           0
 ****************************************************
  Node Number           35
  Number of PTC Integration Nodes           6
   15.029999455982978      DR4                                 8           0
   15.329999455982978      DR4                                 8           2
   15.329999455982978      DR4                                 8          -2
   15.329999455982978      QS2D                                9          -1
   15.329999455982978      QS2D                                9           1
   15.329999455982978      QS2D                                9           0
 ****************************************************
  Node Number           36
  Number of PTC Integration Nodes           3
   15.478570884554408      QS2D                                9           0
   15.627142313125837      QS2D                                9           0
   15.775713741697267      QS2D                                9           0
 ****************************************************
  Node Number           37
  Number of PTC Integration Nodes           7
   15.924285170268696      QS2D                                9           0
   16.072856598840126      QS2D                                9           0
   16.221428027411555      QS2D                                9           0
   16.369999455982985      QS2D                                9           2
   16.369999455982985      QS2D                                9          -2
   16.369999455982985      DR5                                10          -1
   16.369999455982985      DR5                                10           1
 ****************************************************
  Node Number           38
  Number of PTC Integration Nodes           1
   16.369999455982985      DR5                                10           0
 ****************************************************
  Node Number           39
  Number of PTC Integration Nodes           6
   16.724899455982985      DR5                                10           0
   17.079799455982986      DR5                                10           2
   17.079799455982986      DR5                                10          -2
   17.079799455982986      QS3T                               11          -1
   17.079799455982986      QS3T                               11           1
   17.079799455982986      QS3T                               11           0
 ****************************************************
  Node Number           40
  Number of PTC Integration Nodes           7
   17.199899455982987      QS3T                               11           0
   17.319999455982988      QS3T                               11           0
   17.440099455982988      QS3T                               11           0
   17.560199455982989      QS3T                               11           2
   17.560199455982989      QS3T                               11          -2
   17.560199455982989      DR6                                12          -1
   17.560199455982989      DR6                                12           1
 ****************************************************
  Node Number           41
  Number of PTC Integration Nodes          10
   17.560199455982989      DR6                                12           0
   18.059999455982990      DR6                                12           2
   18.059999455982990      DR6                                12          -2
   18.059999455982990      S                                  13          -1
   18.059999455982990      S                                  13           1
   18.059999455982990      S                                  13           0
   18.059999455982990      S                                  13           2
   18.059999455982990      S                                  13          -2
   18.059999455982990      DR1                                14          -1
   18.059999455982990      DR1                                14           1
 ****************************************************
  Node Number           42
  Number of PTC Integration Nodes           1
   18.059999455982990      DR1                                14           0
 ****************************************************
  Node Number           43
  Number of PTC Integration Nodes           5
   18.382499455982991      DR1                                14           0
   18.704999455982993      DR1                                14           2
   18.704999455982993      DR1                                14          -2
   18.704999455982993      RB                                 15          -1
   18.704999455982993      RB                                 15           1
 ****************************************************
  Node Number           44
  Number of PTC Integration Nodes           1
   18.704999455982993      RB                                 15           0
 ****************************************************
  Node Number           45
  Number of PTC Integration Nodes           1
   19.141331768981573      RB                                 15           0
 ****************************************************
  Node Number           46
  Number of PTC Integration Nodes           1
   19.577664081980153      RB                                 15           0
 ****************************************************
  Node Number           47
  Number of PTC Integration Nodes           1
   20.013996394978733      RB                                 15           0
 ****************************************************
  Node Number           48
  Number of PTC Integration Nodes           1
   20.450328707977313      RB                                 15           0
 ****************************************************
  Node Number           49
  Number of PTC Integration Nodes           5
   20.886661020975893      RB                                 15           0
   21.322993333974473      RB                                 15           2
   21.322993333974473      RB                                 15          -2
   21.322993333974473      DR2                                16          -1
   21.322993333974473      DR2                                16           1
 ****************************************************
  Node Number           50
  Number of PTC Integration Nodes           1
   21.322993333974473      DR2                                16           0
 ****************************************************
  Node Number           51
  Number of PTC Integration Nodes           5
   21.807993333974473      DR2                                16           0
   22.292993333974472      DR2                                16           2
   22.292993333974472      DR2                                16          -2
   22.292993333974472      RB                                 17          -1
   22.292993333974472      RB                                 17           1
 ****************************************************
  Node Number           52
  Number of PTC Integration Nodes           1
   22.292993333974472      RB                                 17           0
 ****************************************************
  Node Number           53
  Number of PTC Integration Nodes           1
   22.729325646973052      RB                                 17           0
 ****************************************************
  Node Number           54
  Number of PTC Integration Nodes           1
   23.165657959971632      RB                                 17           0
 ****************************************************
  Node Number           55
  Number of PTC Integration Nodes           1
   23.601990272970212      RB                                 17           0
 ****************************************************
  Node Number           56
  Number of PTC Integration Nodes           1
   24.038322585968793      RB                                 17           0
 ****************************************************
  Node Number           57
  Number of PTC Integration Nodes           5
   24.474654898967373      RB                                 17           0
   24.910987211965953      RB                                 17           2
   24.910987211965953      RB                                 17          -2
   24.910987211965953      DR3                                18          -1
   24.910987211965953      DR3                                18           1
 ****************************************************
  Node Number           58
  Number of PTC Integration Nodes           1
   24.910987211965953      DR3                                18           0
 ****************************************************
  Node Number           59
  Number of PTC Integration Nodes           1
   25.399488047680240      DR3                                18           0
 ****************************************************
  Node Number           60
  Number of PTC Integration Nodes           1
   25.887988883394527      DR3                                18           0
 ****************************************************
  Node Number           61
  Number of PTC Integration Nodes           1
   26.376489719108815      DR3                                18           0
 ****************************************************
  Node Number           62
  Number of PTC Integration Nodes           1
   26.864990554823102      DR3                                18           0
 ****************************************************
  Node Number           63
  Number of PTC Integration Nodes           1
   27.353491390537389      DR3                                18           0
 ****************************************************
  Node Number           64
  Number of PTC Integration Nodes           1
   27.841992226251676      DR3                                18           0
 ****************************************************
  Node Number           65
  Number of PTC Integration Nodes           1
   28.330493061965964      DR3                                18           0
 ****************************************************
  Node Number           66
  Number of PTC Integration Nodes           1
   28.818993897680251      DR3                                18           0
 ****************************************************
  Node Number           67
  Number of PTC Integration Nodes           1
   29.307494733394538      DR3                                18           0
 ****************************************************
  Node Number           68
  Number of PTC Integration Nodes           1
   29.795995569108825      DR3                                18           0
 ****************************************************
  Node Number           69
  Number of PTC Integration Nodes           1
   30.284496404823113      DR3                                18           0
 ****************************************************
  Node Number           70
  Number of PTC Integration Nodes           1
   30.772997240537400      DR3                                18           0
 ****************************************************
  Node Number           71
  Number of PTC Integration Nodes           5
   31.261498076251687      DR3                                18           0
   31.749998911965974      DR3                                18           2
   31.749998911965974      DR3                                18          -2
   31.749998911965974      QS1F                               19          -1
   31.749998911965974      QS1F                               19           1
 ****************************************************
  Node Number           72
  Number of PTC Integration Nodes           1
   31.749998911965974      QS1F                               19           0
 ****************************************************
  Node Number           73
  Number of PTC Integration Nodes           1
   32.009998911965972      QS1F                               19           0
 ****************************************************
  Node Number           74
  Number of PTC Integration Nodes           1
   32.269998911965970      QS1F                               19           0
 ****************************************************
  Node Number           75
  Number of PTC Integration Nodes           5
   32.529998911965968      QS1F                               19           0
   32.789998911965966      QS1F                               19           2
   32.789998911965966      QS1F                               19          -2
   32.789998911965966      DR4                                20          -1
   32.789998911965966      DR4                                20           1
 ****************************************************
  Node Number           76
  Number of PTC Integration Nodes           1
   32.789998911965966      DR4                                20           0
 ****************************************************
  Node Number           77
  Number of PTC Integration Nodes           6
   33.089998911965964      DR4                                20           0
   33.389998911965961      DR4                                20           2
   33.389998911965961      DR4                                20          -2
   33.389998911965961      QS2D                               21          -1
   33.389998911965961      QS2D                               21           1
   33.389998911965961      QS2D                               21           0
 ****************************************************
  Node Number           78
  Number of PTC Integration Nodes           3
   33.538570340537390      QS2D                               21           0
   33.687141769108820      QS2D                               21           0
   33.835713197680249      QS2D                               21           0
 ****************************************************
  Node Number           79
  Number of PTC Integration Nodes           7
   33.984284626251679      QS2D                               21           0
   34.132856054823108      QS2D                               21           0
   34.281427483394538      QS2D                               21           0
   34.429998911965967      QS2D                               21           2
   34.429998911965967      QS2D                               21          -2
   34.429998911965967      DR5                                22          -1
   34.429998911965967      DR5                                22           1
 ****************************************************
  Node Number           80
  Number of PTC Integration Nodes           1
   34.429998911965967      DR5                                22           0
 ****************************************************
  Node Number           81
  Number of PTC Integration Nodes           6
   34.784898911965968      DR5                                22           0
   35.139798911965968      DR5                                22           2
   35.139798911965968      DR5                                22          -2
   35.139798911965968      QS3T                               23          -1
   35.139798911965968      QS3T                               23           1
   35.139798911965968      QS3T                               23           0
 ****************************************************
  Node Number           82
  Number of PTC Integration Nodes           7
   35.259898911965969      QS3T                               23           0
   35.379998911965970      QS3T                               23           0
   35.500098911965971      QS3T                               23           0
   35.620198911965971      QS3T                               23           2
   35.620198911965971      QS3T                               23          -2
   35.620198911965971      DR6                                24          -1
   35.620198911965971      DR6                                24           1
 ****************************************************
  Node Number           83
  Number of PTC Integration Nodes           5
   35.620198911965971      DR6                                24           0
   36.119998911965972      DR6                                24           2
   36.119998911965972      DR6                                24          -2
   36.119998911965972      DR1                                25          -1
   36.119998911965972      DR1                                25           1
 ****************************************************
  Node Number           84
  Number of PTC Integration Nodes           1
   36.119998911965972      DR1                                25           0
 ****************************************************
  Node Number           85
  Number of PTC Integration Nodes           5
   36.442498911965970      DR1                                25           0
   36.764998911965968      DR1                                25           2
   36.764998911965968      DR1                                25          -2
   36.764998911965968      RB                                 26          -1
   36.764998911965968      RB                                 26           1
 ****************************************************
  Node Number           86
  Number of PTC Integration Nodes           1
   36.764998911965968      RB                                 26           0
 ****************************************************
  Node Number           87
  Number of PTC Integration Nodes           1
   37.201331224964548      RB                                 26           0
 ****************************************************
  Node Number           88
  Number of PTC Integration Nodes           1
   37.637663537963128      RB                                 26           0
 ****************************************************
  Node Number           89
  Number of PTC Integration Nodes           1
   38.073995850961708      RB                                 26           0
 ****************************************************
  Node Number           90
  Number of PTC Integration Nodes           1
   38.510328163960288      RB                                 26           0
 ****************************************************
  Node Number           91
  Number of PTC Integration Nodes           5
   38.946660476958868      RB                                 26           0
   39.382992789957449      RB                                 26           2
   39.382992789957449      RB                                 26          -2
   39.382992789957449      DR2                                27          -1
   39.382992789957449      DR2                                27           1
 ****************************************************
  Node Number           92
  Number of PTC Integration Nodes           1
   39.382992789957449      DR2                                27           0
 ****************************************************
  Node Number           93
  Number of PTC Integration Nodes           5
   39.867992789957448      DR2                                27           0
   40.352992789957447      DR2                                27           2
   40.352992789957447      DR2                                27          -2
   40.352992789957447      RB                                 28          -1
   40.352992789957447      RB                                 28           1
 ****************************************************
  Node Number           94
  Number of PTC Integration Nodes           1
   40.352992789957447      RB                                 28           0
 ****************************************************
  Node Number           95
  Number of PTC Integration Nodes           1
   40.789325102956028      RB                                 28           0
 ****************************************************
  Node Number           96
  Number of PTC Integration Nodes           1
   41.225657415954608      RB                                 28           0
 ****************************************************
  Node Number           97
  Number of PTC Integration Nodes           1
   41.661989728953188      RB                                 28           0
 ****************************************************
  Node Number           98
  Number of PTC Integration Nodes           1
   42.098322041951768      RB                                 28           0
 ****************************************************
  Node Number           99
  Number of PTC Integration Nodes           5
   42.534654354950348      RB                                 28           0
   42.970986667948928      RB                                 28           2
   42.970986667948928      RB                                 28          -2
   42.970986667948928      DR3                                29          -1
   42.970986667948928      DR3                                29           1
 ****************************************************
  Node Number          100
  Number of PTC Integration Nodes           1
   42.970986667948928      DR3                                29           0
 ****************************************************
  Node Number          101
  Number of PTC Integration Nodes           1
   43.459487503663212      DR3                                29           0
 ****************************************************
  Node Number          102
  Number of PTC Integration Nodes           1
   43.947988339377495      DR3                                29           0
 ****************************************************
  Node Number          103
  Number of PTC Integration Nodes           1
   44.436489175091779      DR3                                29           0
 ****************************************************
  Node Number          104
  Number of PTC Integration Nodes           1
   44.924990010806063      DR3                                29           0
 ****************************************************
  Node Number          105
  Number of PTC Integration Nodes           1
   45.413490846520347      DR3                                29           0
 ****************************************************
  Node Number          106
  Number of PTC Integration Nodes           1
   45.901991682234630      DR3                                29           0
 ****************************************************
  Node Number          107
  Number of PTC Integration Nodes           1
   46.390492517948914      DR3                                29           0
 ****************************************************
  Node Number          108
  Number of PTC Integration Nodes           1
   46.878993353663198      DR3                                29           0
 ****************************************************
  Node Number          109
  Number of PTC Integration Nodes           1
   47.367494189377481      DR3                                29           0
 ****************************************************
  Node Number          110
  Number of PTC Integration Nodes           1
   47.855995025091765      DR3                                29           0
 ****************************************************
  Node Number          111
  Number of PTC Integration Nodes           1
   48.344495860806049      DR3                                29           0
 ****************************************************
  Node Number          112
  Number of PTC Integration Nodes           1
   48.832996696520333      DR3                                29           0
 ****************************************************
  Node Number          113
  Number of PTC Integration Nodes           5
   49.321497532234616      DR3                                29           0
   49.809998367948900      DR3                                29           2
   49.809998367948900      DR3                                29          -2
   49.809998367948900      QS1F                               30          -1
   49.809998367948900      QS1F                               30           1
 ****************************************************
  Node Number          114
  Number of PTC Integration Nodes           1
   49.809998367948900      QS1F                               30           0
 ****************************************************
  Node Number          115
  Number of PTC Integration Nodes           1
   50.069998367948898      QS1F                               30           0
 ****************************************************
  Node Number          116
  Number of PTC Integration Nodes           1
   50.329998367948896      QS1F                               30           0
 ****************************************************
  Node Number          117
  Number of PTC Integration Nodes           5
   50.589998367948894      QS1F                               30           0
   50.849998367948892      QS1F                               30           2
   50.849998367948892      QS1F                               30          -2
   50.849998367948892      DR4                                31          -1
   50.849998367948892      DR4                                31           1
 ****************************************************
  Node Number          118
  Number of PTC Integration Nodes           1
   50.849998367948892      DR4                                31           0
 ****************************************************
  Node Number          119
  Number of PTC Integration Nodes           6
   51.149998367948889      DR4                                31           0
   51.449998367948886      DR4                                31           2
   51.449998367948886      DR4                                31          -2
   51.449998367948886      QS2D                               32          -1
   51.449998367948886      QS2D                               32           1
   51.449998367948886      QS2D                               32           0
 ****************************************************
  Node Number          120
  Number of PTC Integration Nodes           3
   51.598569796520316      QS2D                               32           0
   51.747141225091745      QS2D                               32           0
   51.895712653663175      QS2D                               32           0
 ****************************************************
  Node Number          121
  Number of PTC Integration Nodes           7
   52.044284082234604      QS2D                               32           0
   52.192855510806034      QS2D                               32           0
   52.341426939377463      QS2D                               32           0
   52.489998367948893      QS2D                               32           2
   52.489998367948893      QS2D                               32          -2
   52.489998367948893      DR5                                33          -1
   52.489998367948893      DR5                                33           1
 ****************************************************
  Node Number          122
  Number of PTC Integration Nodes           1
   52.489998367948893      DR5                                33           0
 ****************************************************
  Node Number          123
  Number of PTC Integration Nodes           6
   52.844898367948893      DR5                                33           0
   53.199798367948894      DR5                                33           2
   53.199798367948894      DR5                                33          -2
   53.199798367948894      QS3T                               34          -1
   53.199798367948894      QS3T                               34           1
   53.199798367948894      QS3T                               34           0
 ****************************************************
  Node Number          124
  Number of PTC Integration Nodes           7
   53.319898367948895      QS3T                               34           0
   53.439998367948895      QS3T                               34           0
   53.560098367948896      QS3T                               34           0
   53.680198367948897      QS3T                               34           2
   53.680198367948897      QS3T                               34          -2
   53.680198367948897      DR6                                35          -1
   53.680198367948897      DR6                                35           1
 ****************************************************
  Node Number          125
  Number of PTC Integration Nodes           5
   53.680198367948897      DR6                                35           0
   54.179998367948897      DR6                                35           2
   54.179998367948897      DR6                                35          -2
   54.179998367948897      DR1                                36          -1
   54.179998367948897      DR1                                36           1
 ****************************************************
  Node Number          126
  Number of PTC Integration Nodes           1
   54.179998367948897      DR1                                36           0
 ****************************************************
  Node Number          127
  Number of PTC Integration Nodes           5
   54.502498367948895      DR1                                36           0
   54.824998367948893      DR1                                36           2
   54.824998367948893      DR1                                36          -2
   54.824998367948893      RB                                 37          -1
   54.824998367948893      RB                                 37           1
 ****************************************************
  Node Number          128
  Number of PTC Integration Nodes           1
   54.824998367948893      RB                                 37           0
 ****************************************************
  Node Number          129
  Number of PTC Integration Nodes           1
   55.261330680947474      RB                                 37           0
 ****************************************************
  Node Number          130
  Number of PTC Integration Nodes           1
   55.697662993946054      RB                                 37           0
 ****************************************************
  Node Number          131
  Number of PTC Integration Nodes           1
   56.133995306944634      RB                                 37           0
 ****************************************************
  Node Number          132
  Number of PTC Integration Nodes           1
   56.570327619943214      RB                                 37           0
 ****************************************************
  Node Number          133
  Number of PTC Integration Nodes           5
   57.006659932941794      RB                                 37           0
   57.442992245940374      RB                                 37           2
   57.442992245940374      RB                                 37          -2
   57.442992245940374      DR2                                38          -1
   57.442992245940374      DR2                                38           1
 ****************************************************
  Node Number          134
  Number of PTC Integration Nodes           1
   57.442992245940374      DR2                                38           0
 ****************************************************
  Node Number          135
  Number of PTC Integration Nodes           5
   57.927992245940374      DR2                                38           0
   58.412992245940373      DR2                                38           2
   58.412992245940373      DR2                                38          -2
   58.412992245940373      RB                                 39          -1
   58.412992245940373      RB                                 39           1
 ****************************************************
  Node Number          136
  Number of PTC Integration Nodes           1
   58.412992245940373      RB                                 39           0
 ****************************************************
  Node Number          137
  Number of PTC Integration Nodes           1
   58.849324558938953      RB                                 39           0
 ****************************************************
  Node Number          138
  Number of PTC Integration Nodes           1
   59.285656871937533      RB                                 39           0
 ****************************************************
  Node Number          139
  Number of PTC Integration Nodes           1
   59.721989184936113      RB                                 39           0
 ****************************************************
  Node Number          140
  Number of PTC Integration Nodes           1
   60.158321497934693      RB                                 39           0
 ****************************************************
  Node Number          141
  Number of PTC Integration Nodes           5
   60.594653810933274      RB                                 39           0
   61.030986123931854      RB                                 39           2
   61.030986123931854      RB                                 39          -2
   61.030986123931854      DR3                                40          -1
   61.030986123931854      DR3                                40           1
 ****************************************************
  Node Number          142
  Number of PTC Integration Nodes           1
   61.030986123931854      DR3                                40           0
 ****************************************************
  Node Number          143
  Number of PTC Integration Nodes           1
   61.519486959646137      DR3                                40           0
 ****************************************************
  Node Number          144
  Number of PTC Integration Nodes           1
   62.007987795360421      DR3                                40           0
 ****************************************************
  Node Number          145
  Number of PTC Integration Nodes           1
   62.496488631074705      DR3                                40           0
 ****************************************************
  Node Number          146
  Number of PTC Integration Nodes           1
   62.984989466788988      DR3                                40           0
 ****************************************************
  Node Number          147
  Number of PTC Integration Nodes           1
   63.473490302503272      DR3                                40           0
 ****************************************************
  Node Number          148
  Number of PTC Integration Nodes           1
   63.961991138217556      DR3                                40           0
 ****************************************************
  Node Number          149
  Number of PTC Integration Nodes           1
   64.450491973931847      DR3                                40           0
 ****************************************************
  Node Number          150
  Number of PTC Integration Nodes           1
   64.938992809646138      DR3                                40           0
 ****************************************************
  Node Number          151
  Number of PTC Integration Nodes           1
   65.427493645360428      DR3                                40           0
 ****************************************************
  Node Number          152
  Number of PTC Integration Nodes           1
   65.915994481074719      DR3                                40           0
 ****************************************************
  Node Number          153
  Number of PTC Integration Nodes           1
   66.404495316789010      DR3                                40           0
 ****************************************************
  Node Number          154
  Number of PTC Integration Nodes           1
   66.892996152503301      DR3                                40           0
 ****************************************************
  Node Number          155
  Number of PTC Integration Nodes           5
   67.381496988217592      DR3                                40           0
   67.869997823931882      DR3                                40           2
   67.869997823931882      DR3                                40          -2
   67.869997823931882      QS1F                               41          -1
   67.869997823931882      QS1F                               41           1
 ****************************************************
  Node Number          156
  Number of PTC Integration Nodes           1
   67.869997823931882      QS1F                               41           0
 ****************************************************
  Node Number          157
  Number of PTC Integration Nodes           1
   68.129997823931888      QS1F                               41           0
 ****************************************************
  Node Number          158
  Number of PTC Integration Nodes           1
   68.389997823931893      QS1F                               41           0
 ****************************************************
  Node Number          159
  Number of PTC Integration Nodes           5
   68.649997823931898      QS1F                               41           0
   68.909997823931903      QS1F                               41           2
   68.909997823931903      QS1F                               41          -2
   68.909997823931903      DR4                                42          -1
   68.909997823931903      DR4                                42           1
 ****************************************************
  Node Number          160
  Number of PTC Integration Nodes           1
   68.909997823931903      DR4                                42           0
 ****************************************************
  Node Number          161
  Number of PTC Integration Nodes           6
   69.209997823931900      DR4                                42           0
   69.509997823931897      DR4                                42           2
   69.509997823931897      DR4                                42          -2
   69.509997823931897      QS2D                               43          -1
   69.509997823931897      QS2D                               43           1
   69.509997823931897      QS2D                               43           0
 ****************************************************
  Node Number          162
  Number of PTC Integration Nodes           3
   69.658569252503327      QS2D                               43           0
   69.807140681074756      QS2D                               43           0
   69.955712109646186      QS2D                               43           0
 ****************************************************
  Node Number          163
  Number of PTC Integration Nodes           7
   70.104283538217615      QS2D                               43           0
   70.252854966789045      QS2D                               43           0
   70.401426395360474      QS2D                               43           0
   70.549997823931903      QS2D                               43           2
   70.549997823931903      QS2D                               43          -2
   70.549997823931903      DR5                                44          -1
   70.549997823931903      DR5                                44           1
 ****************************************************
  Node Number          164
  Number of PTC Integration Nodes           1
   70.549997823931903      DR5                                44           0
 ****************************************************
  Node Number          165
  Number of PTC Integration Nodes           6
   70.904897823931904      DR5                                44           0
   71.259797823931905      DR5                                44           2
   71.259797823931905      DR5                                44          -2
   71.259797823931905      QS3T                               45          -1
   71.259797823931905      QS3T                               45           1
   71.259797823931905      QS3T                               45           0
 ****************************************************
  Node Number          166
  Number of PTC Integration Nodes           7
   71.379897823931898      QS3T                               45           0
   71.499997823931892      QS3T                               45           0
   71.620097823931886      QS3T                               45           0
   71.740197823931879      QS3T                               45           2
   71.740197823931879      QS3T                               45          -2
   71.740197823931879      DR6                                46          -1
   71.740197823931879      DR6                                46           1
 ****************************************************
  Node Number          167
  Number of PTC Integration Nodes           5
   71.740197823931879      DR6                                46           0
   72.239997823931873      DR6                                46           2
   72.239997823931873      DR6                                46          -2
   72.239997823931873      DR1                                47          -1
   72.239997823931873      DR1                                47           1
 ****************************************************
  Node Number          168
  Number of PTC Integration Nodes           1
   72.239997823931873      DR1                                47           0
 ****************************************************
  Node Number          169
  Number of PTC Integration Nodes           5
   72.562497823931878      DR1                                47           0
   72.884997823931883      DR1                                47           2
   72.884997823931883      DR1                                47          -2
   72.884997823931883      RB                                 48          -1
   72.884997823931883      RB                                 48           1
 ****************************************************
  Node Number          170
  Number of PTC Integration Nodes           1
   72.884997823931883      RB                                 48           0
 ****************************************************
  Node Number          171
  Number of PTC Integration Nodes           1
   73.321330136930470      RB                                 48           0
 ****************************************************
  Node Number          172
  Number of PTC Integration Nodes           1
   73.757662449929057      RB                                 48           0
 ****************************************************
  Node Number          173
  Number of PTC Integration Nodes           1
   74.193994762927645      RB                                 48           0
 ****************************************************
  Node Number          174
  Number of PTC Integration Nodes           1
   74.630327075926232      RB                                 48           0
 ****************************************************
  Node Number          175
  Number of PTC Integration Nodes           5
   75.066659388924819      RB                                 48           0
   75.502991701923406      RB                                 48           2
   75.502991701923406      RB                                 48          -2
   75.502991701923406      DR2                                49          -1
   75.502991701923406      DR2                                49           1
 ****************************************************
  Node Number          176
  Number of PTC Integration Nodes           1
   75.502991701923406      DR2                                49           0
 ****************************************************
  Node Number          177
  Number of PTC Integration Nodes           5
   75.987991701923406      DR2                                49           0
   76.472991701923405      DR2                                49           2
   76.472991701923405      DR2                                49          -2
   76.472991701923405      RB                                 50          -1
   76.472991701923405      RB                                 50           1
 ****************************************************
  Node Number          178
  Number of PTC Integration Nodes           1
   76.472991701923405      RB                                 50           0
 ****************************************************
  Node Number          179
  Number of PTC Integration Nodes           1
   76.909324014921992      RB                                 50           0
 ****************************************************
  Node Number          180
  Number of PTC Integration Nodes           1
   77.345656327920580      RB                                 50           0
 ****************************************************
  Node Number          181
  Number of PTC Integration Nodes           1
   77.781988640919167      RB                                 50           0
 ****************************************************
  Node Number          182
  Number of PTC Integration Nodes           1
   78.218320953917754      RB                                 50           0
 ****************************************************
  Node Number          183
  Number of PTC Integration Nodes           5
   78.654653266916341      RB                                 50           0
   79.090985579914928      RB                                 50           2
   79.090985579914928      RB                                 50          -2
   79.090985579914928      DR3                                51          -1
   79.090985579914928      DR3                                51           1
 ****************************************************
  Node Number          184
  Number of PTC Integration Nodes           1
   79.090985579914928      DR3                                51           0
 ****************************************************
  Node Number          185
  Number of PTC Integration Nodes           1
   79.579486415629219      DR3                                51           0
 ****************************************************
  Node Number          186
  Number of PTC Integration Nodes           1
   80.067987251343510      DR3                                51           0
 ****************************************************
  Node Number          187
  Number of PTC Integration Nodes           1
   80.556488087057801      DR3                                51           0
 ****************************************************
  Node Number          188
  Number of PTC Integration Nodes           1
   81.044988922772092      DR3                                51           0
 ****************************************************
  Node Number          189
  Number of PTC Integration Nodes           1
   81.533489758486382      DR3                                51           0
 ****************************************************
  Node Number          190
  Number of PTC Integration Nodes           1
   82.021990594200673      DR3                                51           0
 ****************************************************
  Node Number          191
  Number of PTC Integration Nodes           1
   82.510491429914964      DR3                                51           0
 ****************************************************
  Node Number          192
  Number of PTC Integration Nodes           1
   82.998992265629255      DR3                                51           0
 ****************************************************
  Node Number          193
  Number of PTC Integration Nodes           1
   83.487493101343546      DR3                                51           0
 ****************************************************
  Node Number          194
  Number of PTC Integration Nodes           1
   83.975993937057837      DR3                                51           0
 ****************************************************
  Node Number          195
  Number of PTC Integration Nodes           1
   84.464494772772127      DR3                                51           0
 ****************************************************
  Node Number          196
  Number of PTC Integration Nodes           1
   84.952995608486418      DR3                                51           0
 ****************************************************
  Node Number          197
  Number of PTC Integration Nodes           5
   85.441496444200709      DR3                                51           0
   85.929997279915000      DR3                                51           2
   85.929997279915000      DR3                                51          -2
   85.929997279915000      QS1F                               52          -1
   85.929997279915000      QS1F                               52           1
 ****************************************************
  Node Number          198
  Number of PTC Integration Nodes           1
   85.929997279915000      QS1F                               52           0
 ****************************************************
  Node Number          199
  Number of PTC Integration Nodes           1
   86.189997279915005      QS1F                               52           0
 ****************************************************
  Node Number          200
  Number of PTC Integration Nodes           1
   86.449997279915010      QS1F                               52           0
 ****************************************************
  Node Number          201
  Number of PTC Integration Nodes           5
   86.709997279915015      QS1F                               52           0
   86.969997279915020      QS1F                               52           2
   86.969997279915020      QS1F                               52          -2
   86.969997279915020      DR4                                53          -1
   86.969997279915020      DR4                                53           1
 ****************************************************
  Node Number          202
  Number of PTC Integration Nodes           1
   86.969997279915020      DR4                                53           0
 ****************************************************
  Node Number          203
  Number of PTC Integration Nodes           6
   87.269997279915017      DR4                                53           0
   87.569997279915015      DR4                                53           2
   87.569997279915015      DR4                                53          -2
   87.569997279915015      QS2D                               54          -1
   87.569997279915015      QS2D                               54           1
   87.569997279915015      QS2D                               54           0
 ****************************************************
  Node Number          204
  Number of PTC Integration Nodes           3
   87.718568708486444      QS2D                               54           0
   87.867140137057874      QS2D                               54           0
   88.015711565629303      QS2D                               54           0
 ****************************************************
  Node Number          205
  Number of PTC Integration Nodes           7
   88.164282994200732      QS2D                               54           0
   88.312854422772162      QS2D                               54           0
   88.461425851343591      QS2D                               54           0
   88.609997279915021      QS2D                               54           2
   88.609997279915021      QS2D                               54          -2
   88.609997279915021      DR5                                55          -1
   88.609997279915021      DR5                                55           1
 ****************************************************
  Node Number          206
  Number of PTC Integration Nodes           1
   88.609997279915021      DR5                                55           0
 ****************************************************
  Node Number          207
  Number of PTC Integration Nodes           6
   88.964897279915021      DR5                                55           0
   89.319797279915022      DR5                                55           2
   89.319797279915022      DR5                                55          -2
   89.319797279915022      QS3T                               56          -1
   89.319797279915022      QS3T                               56           1
   89.319797279915022      QS3T                               56           0
 ****************************************************
  Node Number          208
  Number of PTC Integration Nodes           7
   89.439897279915016      QS3T                               56           0
   89.559997279915009      QS3T                               56           0
   89.680097279915003      QS3T                               56           0
   89.800197279914997      QS3T                               56           2
   89.800197279914997      QS3T                               56          -2
   89.800197279914997      DR6                                57          -1
   89.800197279914997      DR6                                57           1
 ****************************************************
  Node Number          209
  Number of PTC Integration Nodes           5
   89.800197279914997      DR6                                57           0
   90.299997279914990      DR6                                57           2
   90.299997279914990      DR6                                57          -2
   90.299997279914990      DR1                                58          -1
   90.299997279914990      DR1                                58           1
 ****************************************************
  Node Number          210
  Number of PTC Integration Nodes           1
   90.299997279914990      DR1                                58           0
 ****************************************************
  Node Number          211
  Number of PTC Integration Nodes           5
   90.622497279914995      DR1                                58           0
   90.944997279915000      DR1                                58           2
   90.944997279915000      DR1                                58          -2
   90.944997279915000      RB                                 59          -1
   90.944997279915000      RB                                 59           1
 ****************************************************
  Node Number          212
  Number of PTC Integration Nodes           1
   90.944997279915000      RB                                 59           0
 ****************************************************
  Node Number          213
  Number of PTC Integration Nodes           1
   91.381329592913588      RB                                 59           0
 ****************************************************
  Node Number          214
  Number of PTC Integration Nodes           1
   91.817661905912175      RB                                 59           0
 ****************************************************
  Node Number          215
  Number of PTC Integration Nodes           1
   92.253994218910762      RB                                 59           0
 ****************************************************
  Node Number          216
  Number of PTC Integration Nodes           1
   92.690326531909349      RB                                 59           0
 ****************************************************
  Node Number          217
  Number of PTC Integration Nodes           5
   93.126658844907936      RB                                 59           0
   93.562991157906524      RB                                 59           2
   93.562991157906524      RB                                 59          -2
   93.562991157906524      DR2                                60          -1
   93.562991157906524      DR2                                60           1
 ****************************************************
  Node Number          218
  Number of PTC Integration Nodes           1
   93.562991157906524      DR2                                60           0
 ****************************************************
  Node Number          219
  Number of PTC Integration Nodes           5
   94.047991157906523      DR2                                60           0
   94.532991157906523      DR2                                60           2
   94.532991157906523      DR2                                60          -2
   94.532991157906523      RB                                 61          -1
   94.532991157906523      RB                                 61           1
 ****************************************************
  Node Number          220
  Number of PTC Integration Nodes           1
   94.532991157906523      RB                                 61           0
 ****************************************************
  Node Number          221
  Number of PTC Integration Nodes           1
   94.969323470905110      RB                                 61           0
 ****************************************************
  Node Number          222
  Number of PTC Integration Nodes           1
   95.405655783903697      RB                                 61           0
 ****************************************************
  Node Number          223
  Number of PTC Integration Nodes           1
   95.841988096902284      RB                                 61           0
 ****************************************************
  Node Number          224
  Number of PTC Integration Nodes           1
   96.278320409900871      RB                                 61           0
 ****************************************************
  Node Number          225
  Number of PTC Integration Nodes           5
   96.714652722899459      RB                                 61           0
   97.150985035898046      RB                                 61           2
   97.150985035898046      RB                                 61          -2
   97.150985035898046      DR3                                62          -1
   97.150985035898046      DR3                                62           1
 ****************************************************
  Node Number          226
  Number of PTC Integration Nodes           1
   97.150985035898046      DR3                                62           0
 ****************************************************
  Node Number          227
  Number of PTC Integration Nodes           1
   97.639485871612337      DR3                                62           0
 ****************************************************
  Node Number          228
  Number of PTC Integration Nodes           1
   98.127986707326627      DR3                                62           0
 ****************************************************
  Node Number          229
  Number of PTC Integration Nodes           1
   98.616487543040918      DR3                                62           0
 ****************************************************
  Node Number          230
  Number of PTC Integration Nodes           1
   99.104988378755209      DR3                                62           0
 ****************************************************
  Node Number          231
  Number of PTC Integration Nodes           1
   99.593489214469500      DR3                                62           0
 ****************************************************
  Node Number          232
  Number of PTC Integration Nodes           1
   100.08199005018379      DR3                                62           0
 ****************************************************
  Node Number          233
  Number of PTC Integration Nodes           1
   100.57049088589808      DR3                                62           0
 ****************************************************
  Node Number          234
  Number of PTC Integration Nodes           1
   101.05899172161237      DR3                                62           0
 ****************************************************
  Node Number          235
  Number of PTC Integration Nodes           1
   101.54749255732666      DR3                                62           0
 ****************************************************
  Node Number          236
  Number of PTC Integration Nodes           1
   102.03599339304095      DR3                                62           0
 ****************************************************
  Node Number          237
  Number of PTC Integration Nodes           1
   102.52449422875524      DR3                                62           0
 ****************************************************
  Node Number          238
  Number of PTC Integration Nodes           1
   103.01299506446954      DR3                                62           0
 ****************************************************
  Node Number          239
  Number of PTC Integration Nodes           5
   103.50149590018383      DR3                                62           0
   103.98999673589812      DR3                                62           2
   103.98999673589812      DR3                                62          -2
   103.98999673589812      QS1F                               63          -1
   103.98999673589812      QS1F                               63           1
 ****************************************************
  Node Number          240
  Number of PTC Integration Nodes           1
   103.98999673589812      QS1F                               63           0
 ****************************************************
  Node Number          241
  Number of PTC Integration Nodes           1
   104.24999673589812      QS1F                               63           0
 ****************************************************
  Node Number          242
  Number of PTC Integration Nodes           1
   104.50999673589813      QS1F                               63           0
 ****************************************************
  Node Number          243
  Number of PTC Integration Nodes           5
   104.76999673589813      QS1F                               63           0
   105.02999673589814      QS1F                               63           2
   105.02999673589814      QS1F                               63          -2
   105.02999673589814      DR4                                64          -1
   105.02999673589814      DR4                                64           1
 ****************************************************
  Node Number          244
  Number of PTC Integration Nodes           1
   105.02999673589814      DR4                                64           0
 ****************************************************
  Node Number          245
  Number of PTC Integration Nodes           6
   105.32999673589813      DR4                                64           0
   105.62999673589813      DR4                                64           2
   105.62999673589813      DR4                                64          -2
   105.62999673589813      QS2D                               65          -1
   105.62999673589813      QS2D                               65           1
   105.62999673589813      QS2D                               65           0
 ****************************************************
  Node Number          246
  Number of PTC Integration Nodes           3
   105.77856816446956      QS2D                               65           0
   105.92713959304099      QS2D                               65           0
   106.07571102161242      QS2D                               65           0
 ****************************************************
  Node Number          247
  Number of PTC Integration Nodes           7
   106.22428245018385      QS2D                               65           0
   106.37285387875528      QS2D                               65           0
   106.52142530732671      QS2D                               65           0
   106.66999673589814      QS2D                               65           2
   106.66999673589814      QS2D                               65          -2
   106.66999673589814      DR5                                66          -1
   106.66999673589814      DR5                                66           1
 ****************************************************
  Node Number          248
  Number of PTC Integration Nodes           1
   106.66999673589814      DR5                                66           0
 ****************************************************
  Node Number          249
  Number of PTC Integration Nodes           6
   107.02489673589814      DR5                                66           0
   107.37979673589814      DR5                                66           2
   107.37979673589814      DR5                                66          -2
   107.37979673589814      QS3T                               67          -1
   107.37979673589814      QS3T                               67           1
   107.37979673589814      QS3T                               67           0
 ****************************************************
  Node Number          250
  Number of PTC Integration Nodes           7
   107.49989673589813      QS3T                               67           0
   107.61999673589813      QS3T                               67           0
   107.74009673589812      QS3T                               67           0
   107.86019673589811      QS3T                               67           2
   107.86019673589811      QS3T                               67          -2
   107.86019673589811      DR6                                68          -1
   107.86019673589811      DR6                                68           1
 ****************************************************
  Node Number          251
  Number of PTC Integration Nodes           5
   107.86019673589811      DR6                                68           0
   108.35999673589811      DR6                                68           2
   108.35999673589811      DR6                                68          -2
   108.35999673589811      DR1                                69          -1
   108.35999673589811      DR1                                69           1
 ****************************************************
  Node Number          252
  Number of PTC Integration Nodes           1
   108.35999673589811      DR1                                69           0
 ****************************************************
  Node Number          253
  Number of PTC Integration Nodes           5
   108.68249673589811      DR1                                69           0
   109.00499673589812      DR1                                69           2
   109.00499673589812      DR1                                69          -2
   109.00499673589812      RB                                 70          -1
   109.00499673589812      RB                                 70           1
 ****************************************************
  Node Number          254
  Number of PTC Integration Nodes           1
   109.00499673589812      RB                                 70           0
 ****************************************************
  Node Number          255
  Number of PTC Integration Nodes           1
   109.44132904889670      RB                                 70           0
 ****************************************************
  Node Number          256
  Number of PTC Integration Nodes           1
   109.87766136189529      RB                                 70           0
 ****************************************************
  Node Number          257
  Number of PTC Integration Nodes           1
   110.31399367489388      RB                                 70           0
 ****************************************************
  Node Number          258
  Number of PTC Integration Nodes           1
   110.75032598789247      RB                                 70           0
 ****************************************************
  Node Number          259
  Number of PTC Integration Nodes           5
   111.18665830089105      RB                                 70           0
   111.62299061388964      RB                                 70           2
   111.62299061388964      RB                                 70          -2
   111.62299061388964      DR2                                71          -1
   111.62299061388964      DR2                                71           1
 ****************************************************
  Node Number          260
  Number of PTC Integration Nodes           1
   111.62299061388964      DR2                                71           0
 ****************************************************
  Node Number          261
  Number of PTC Integration Nodes           5
   112.10799061388964      DR2                                71           0
   112.59299061388964      DR2                                71           2
   112.59299061388964      DR2                                71          -2
   112.59299061388964      RB                                 72          -1
   112.59299061388964      RB                                 72           1
 ****************************************************
  Node Number          262
  Number of PTC Integration Nodes           1
   112.59299061388964      RB                                 72           0
 ****************************************************
  Node Number          263
  Number of PTC Integration Nodes           1
   113.02932292688823      RB                                 72           0
 ****************************************************
  Node Number          264
  Number of PTC Integration Nodes           1
   113.46565523988681      RB                                 72           0
 ****************************************************
  Node Number          265
  Number of PTC Integration Nodes           1
   113.90198755288540      RB                                 72           0
 ****************************************************
  Node Number          266
  Number of PTC Integration Nodes           1
   114.33831986588399      RB                                 72           0
 ****************************************************
  Node Number          267
  Number of PTC Integration Nodes           5
   114.77465217888258      RB                                 72           0
   115.21098449188116      RB                                 72           2
   115.21098449188116      RB                                 72          -2
   115.21098449188116      DR3                                73          -1
   115.21098449188116      DR3                                73           1
 ****************************************************
  Node Number          268
  Number of PTC Integration Nodes           1
   115.21098449188116      DR3                                73           0
 ****************************************************
  Node Number          269
  Number of PTC Integration Nodes           1
   115.69948532759545      DR3                                73           0
 ****************************************************
  Node Number          270
  Number of PTC Integration Nodes           1
   116.18798616330974      DR3                                73           0
 ****************************************************
  Node Number          271
  Number of PTC Integration Nodes           1
   116.67648699902404      DR3                                73           0
 ****************************************************
  Node Number          272
  Number of PTC Integration Nodes           1
   117.16498783473833      DR3                                73           0
 ****************************************************
  Node Number          273
  Number of PTC Integration Nodes           1
   117.65348867045262      DR3                                73           0
 ****************************************************
  Node Number          274
  Number of PTC Integration Nodes           1
   118.14198950616691      DR3                                73           0
 ****************************************************
  Node Number          275
  Number of PTC Integration Nodes           1
   118.63049034188120      DR3                                73           0
 ****************************************************
  Node Number          276
  Number of PTC Integration Nodes           1
   119.11899117759549      DR3                                73           0
 ****************************************************
  Node Number          277
  Number of PTC Integration Nodes           1
   119.60749201330978      DR3                                73           0
 ****************************************************
  Node Number          278
  Number of PTC Integration Nodes           1
   120.09599284902407      DR3                                73           0
 ****************************************************
  Node Number          279
  Number of PTC Integration Nodes           1
   120.58449368473836      DR3                                73           0
 ****************************************************
  Node Number          280
  Number of PTC Integration Nodes           1
   121.07299452045265      DR3                                73           0
 ****************************************************
  Node Number          281
  Number of PTC Integration Nodes           5
   121.56149535616694      DR3                                73           0
   122.04999619188123      DR3                                73           2
   122.04999619188123      DR3                                73          -2
   122.04999619188123      QS1F                               74          -1
   122.04999619188123      QS1F                               74           1
 ****************************************************
  Node Number          282
  Number of PTC Integration Nodes           1
   122.04999619188123      QS1F                               74           0
 ****************************************************
  Node Number          283
  Number of PTC Integration Nodes           1
   122.30999619188124      QS1F                               74           0
 ****************************************************
  Node Number          284
  Number of PTC Integration Nodes           1
   122.56999619188124      QS1F                               74           0
 ****************************************************
  Node Number          285
  Number of PTC Integration Nodes           5
   122.82999619188125      QS1F                               74           0
   123.08999619188126      QS1F                               74           2
   123.08999619188126      QS1F                               74          -2
   123.08999619188126      DR4                                75          -1
   123.08999619188126      DR4                                75           1
 ****************************************************
  Node Number          286
  Number of PTC Integration Nodes           1
   123.08999619188126      DR4                                75           0
 ****************************************************
  Node Number          287
  Number of PTC Integration Nodes           6
   123.38999619188125      DR4                                75           0
   123.68999619188125      DR4                                75           2
   123.68999619188125      DR4                                75          -2
   123.68999619188125      QS2D                               76          -1
   123.68999619188125      QS2D                               76           1
   123.68999619188125      QS2D                               76           0
 ****************************************************
  Node Number          288
  Number of PTC Integration Nodes           3
   123.83856762045268      QS2D                               76           0
   123.98713904902411      QS2D                               76           0
   124.13571047759554      QS2D                               76           0
 ****************************************************
  Node Number          289
  Number of PTC Integration Nodes           7
   124.28428190616697      QS2D                               76           0
   124.43285333473840      QS2D                               76           0
   124.58142476330983      QS2D                               76           0
   124.72999619188126      QS2D                               76           2
   124.72999619188126      QS2D                               76          -2
   124.72999619188126      DR5                                77          -1
   124.72999619188126      DR5                                77           1
 ****************************************************
  Node Number          290
  Number of PTC Integration Nodes           1
   124.72999619188126      DR5                                77           0
 ****************************************************
  Node Number          291
  Number of PTC Integration Nodes           6
   125.08489619188126      DR5                                77           0
   125.43979619188126      DR5                                77           2
   125.43979619188126      DR5                                77          -2
   125.43979619188126      QS3T                               78          -1
   125.43979619188126      QS3T                               78           1
   125.43979619188126      QS3T                               78           0
 ****************************************************
  Node Number          292
  Number of PTC Integration Nodes           7
   125.55989619188125      QS3T                               78           0
   125.67999619188124      QS3T                               78           0
   125.80009619188124      QS3T                               78           0
   125.92019619188123      QS3T                               78           2
   125.92019619188123      QS3T                               78          -2
   125.92019619188123      DR6                                79          -1
   125.92019619188123      DR6                                79           1
 ****************************************************
  Node Number          293
  Number of PTC Integration Nodes           5
   125.92019619188123      DR6                                79           0
   126.41999619188122      DR6                                79           2
   126.41999619188122      DR6                                79          -2
   126.41999619188122      DR1                                80          -1
   126.41999619188122      DR1                                80           1
 ****************************************************
  Node Number          294
  Number of PTC Integration Nodes           1
   126.41999619188122      DR1                                80           0
 ****************************************************
  Node Number          295
  Number of PTC Integration Nodes           5
   126.74249619188123      DR1                                80           0
   127.06499619188124      DR1                                80           2
   127.06499619188124      DR1                                80          -2
   127.06499619188124      RB                                 81          -1
   127.06499619188124      RB                                 81           1
 ****************************************************
  Node Number          296
  Number of PTC Integration Nodes           1
   127.06499619188124      RB                                 81           0
 ****************************************************
  Node Number          297
  Number of PTC Integration Nodes           1
   127.50132850487982      RB                                 81           0
 ****************************************************
  Node Number          298
  Number of PTC Integration Nodes           1
   127.93766081787841      RB                                 81           0
 ****************************************************
  Node Number          299
  Number of PTC Integration Nodes           1
   128.37399313087698      RB                                 81           0
 ****************************************************
  Node Number          300
  Number of PTC Integration Nodes           1
   128.81032544387557      RB                                 81           0
 ****************************************************
  Node Number          301
  Number of PTC Integration Nodes           5
   129.24665775687416      RB                                 81           0
   129.68299006987274      RB                                 81           2
   129.68299006987274      RB                                 81          -2
   129.68299006987274      DR2                                82          -1
   129.68299006987274      DR2                                82           1
 ****************************************************
  Node Number          302
  Number of PTC Integration Nodes           1
   129.68299006987274      DR2                                82           0
 ****************************************************
  Node Number          303
  Number of PTC Integration Nodes           5
   130.16799006987276      DR2                                82           0
   130.65299006987277      DR2                                82           2
   130.65299006987277      DR2                                82          -2
   130.65299006987277      RB                                 83          -1
   130.65299006987277      RB                                 83           1
 ****************************************************
  Node Number          304
  Number of PTC Integration Nodes           1
   130.65299006987277      RB                                 83           0
 ****************************************************
  Node Number          305
  Number of PTC Integration Nodes           1
   131.08932238287136      RB                                 83           0
 ****************************************************
  Node Number          306
  Number of PTC Integration Nodes           1
   131.52565469586995      RB                                 83           0
 ****************************************************
  Node Number          307
  Number of PTC Integration Nodes           1
   131.96198700886853      RB                                 83           0
 ****************************************************
  Node Number          308
  Number of PTC Integration Nodes           1
   132.39831932186712      RB                                 83           0
 ****************************************************
  Node Number          309
  Number of PTC Integration Nodes           5
   132.83465163486571      RB                                 83           0
   133.27098394786429      RB                                 83           2
   133.27098394786429      RB                                 83          -2
   133.27098394786429      DR3                                84          -1
   133.27098394786429      DR3                                84           1
 ****************************************************
  Node Number          310
  Number of PTC Integration Nodes           1
   133.27098394786429      DR3                                84           0
 ****************************************************
  Node Number          311
  Number of PTC Integration Nodes           1
   133.75948478357859      DR3                                84           0
 ****************************************************
  Node Number          312
  Number of PTC Integration Nodes           1
   134.24798561929288      DR3                                84           0
 ****************************************************
  Node Number          313
  Number of PTC Integration Nodes           1
   134.73648645500717      DR3                                84           0
 ****************************************************
  Node Number          314
  Number of PTC Integration Nodes           1
   135.22498729072146      DR3                                84           0
 ****************************************************
  Node Number          315
  Number of PTC Integration Nodes           1
   135.71348812643575      DR3                                84           0
 ****************************************************
  Node Number          316
  Number of PTC Integration Nodes           1
   136.20198896215004      DR3                                84           0
 ****************************************************
  Node Number          317
  Number of PTC Integration Nodes           1
   136.69048979786433      DR3                                84           0
 ****************************************************
  Node Number          318
  Number of PTC Integration Nodes           1
   137.17899063357862      DR3                                84           0
 ****************************************************
  Node Number          319
  Number of PTC Integration Nodes           1
   137.66749146929291      DR3                                84           0
 ****************************************************
  Node Number          320
  Number of PTC Integration Nodes           1
   138.15599230500720      DR3                                84           0
 ****************************************************
  Node Number          321
  Number of PTC Integration Nodes           1
   138.64449314072149      DR3                                84           0
 ****************************************************
  Node Number          322
  Number of PTC Integration Nodes           1
   139.13299397643578      DR3                                84           0
 ****************************************************
  Node Number          323
  Number of PTC Integration Nodes           5
   139.62149481215008      DR3                                84           0
   140.10999564786437      DR3                                84           2
   140.10999564786437      DR3                                84          -2
   140.10999564786437      QS1F                               85          -1
   140.10999564786437      QS1F                               85           1
 ****************************************************
  Node Number          324
  Number of PTC Integration Nodes           1
   140.10999564786437      QS1F                               85           0
 ****************************************************
  Node Number          325
  Number of PTC Integration Nodes           1
   140.36999564786436      QS1F                               85           0
 ****************************************************
  Node Number          326
  Number of PTC Integration Nodes           1
   140.62999564786435      QS1F                               85           0
 ****************************************************
  Node Number          327
  Number of PTC Integration Nodes           5
   140.88999564786434      QS1F                               85           0
   141.14999564786433      QS1F                               85           2
   141.14999564786433      QS1F                               85          -2
   141.14999564786433      DR4                                86          -1
   141.14999564786433      DR4                                86           1
 ****************************************************
  Node Number          328
  Number of PTC Integration Nodes           1
   141.14999564786433      DR4                                86           0
 ****************************************************
  Node Number          329
  Number of PTC Integration Nodes           6
   141.44999564786434      DR4                                86           0
   141.74999564786435      DR4                                86           2
   141.74999564786435      DR4                                86          -2
   141.74999564786435      QS2D                               87          -1
   141.74999564786435      QS2D                               87           1
   141.74999564786435      QS2D                               87           0
 ****************************************************
  Node Number          330
  Number of PTC Integration Nodes           3
   141.89856707643577      QS2D                               87           0
   142.04713850500718      QS2D                               87           0
   142.19570993357860      QS2D                               87           0
 ****************************************************
  Node Number          331
  Number of PTC Integration Nodes           7
   142.34428136215001      QS2D                               87           0
   142.49285279072143      QS2D                               87           0
   142.64142421929284      QS2D                               87           0
   142.78999564786426      QS2D                               87           2
   142.78999564786426      QS2D                               87          -2
   142.78999564786426      DR5                                88          -1
   142.78999564786426      DR5                                88           1
 ****************************************************
  Node Number          332
  Number of PTC Integration Nodes           1
   142.78999564786426      DR5                                88           0
 ****************************************************
  Node Number          333
  Number of PTC Integration Nodes           6
   143.14489564786425      DR5                                88           0
   143.49979564786423      DR5                                88           2
   143.49979564786423      DR5                                88          -2
   143.49979564786423      QS3T                               89          -1
   143.49979564786423      QS3T                               89           1
   143.49979564786423      QS3T                               89           0
 ****************************************************
  Node Number          334
  Number of PTC Integration Nodes           7
   143.61989564786424      QS3T                               89           0
   143.73999564786425      QS3T                               89           0
   143.86009564786426      QS3T                               89           0
   143.98019564786426      QS3T                               89           2
   143.98019564786426      QS3T                               89          -2
   143.98019564786426      DR6                                90          -1
   143.98019564786426      DR6                                90           1
 ****************************************************
  Node Number          335
  Number of PTC Integration Nodes           5
   143.98019564786426      DR6                                90           0
   144.47999564786426      DR6                                90           2
   144.47999564786426      DR6                                90          -2
   144.47999564786426      DR1                                91          -1
   144.47999564786426      DR1                                91           1
 ****************************************************
  Node Number          336
  Number of PTC Integration Nodes           1
   144.47999564786426      DR1                                91           0
 ****************************************************
  Node Number          337
  Number of PTC Integration Nodes           5
   144.80249564786425      DR1                                91           0
   145.12499564786424      DR1                                91           2
   145.12499564786424      DR1                                91          -2
   145.12499564786424      RB                                 92          -1
   145.12499564786424      RB                                 92           1
 ****************************************************
  Node Number          338
  Number of PTC Integration Nodes           1
   145.12499564786424      RB                                 92           0
 ****************************************************
  Node Number          339
  Number of PTC Integration Nodes           1
   145.56132796086283      RB                                 92           0
 ****************************************************
  Node Number          340
  Number of PTC Integration Nodes           1
   145.99766027386141      RB                                 92           0
 ****************************************************
  Node Number          341
  Number of PTC Integration Nodes           1
   146.43399258686000      RB                                 92           0
 ****************************************************
  Node Number          342
  Number of PTC Integration Nodes           1
   146.87032489985859      RB                                 92           0
 ****************************************************
  Node Number          343
  Number of PTC Integration Nodes           5
   147.30665721285717      RB                                 92           0
   147.74298952585576      RB                                 92           2
   147.74298952585576      RB                                 92          -2
   147.74298952585576      DR2                                93          -1
   147.74298952585576      DR2                                93           1
 ****************************************************
  Node Number          344
  Number of PTC Integration Nodes           1
   147.74298952585576      DR2                                93           0
 ****************************************************
  Node Number          345
  Number of PTC Integration Nodes           5
   148.22798952585578      DR2                                93           0
   148.71298952585579      DR2                                93           2
   148.71298952585579      DR2                                93          -2
   148.71298952585579      RB                                 94          -1
   148.71298952585579      RB                                 94           1
 ****************************************************
  Node Number          346
  Number of PTC Integration Nodes           1
   148.71298952585579      RB                                 94           0
 ****************************************************
  Node Number          347
  Number of PTC Integration Nodes           1
   149.14932183885438      RB                                 94           0
 ****************************************************
  Node Number          348
  Number of PTC Integration Nodes           1
   149.58565415185296      RB                                 94           0
 ****************************************************
  Node Number          349
  Number of PTC Integration Nodes           1
   150.02198646485155      RB                                 94           0
 ****************************************************
  Node Number          350
  Number of PTC Integration Nodes           1
   150.45831877785014      RB                                 94           0
 ****************************************************
  Node Number          351
  Number of PTC Integration Nodes           5
   150.89465109084873      RB                                 94           0
   151.33098340384731      RB                                 94           2
   151.33098340384731      RB                                 94          -2
   151.33098340384731      DR3                                95          -1
   151.33098340384731      DR3                                95           1
 ****************************************************
  Node Number          352
  Number of PTC Integration Nodes           1
   151.33098340384731      DR3                                95           0
 ****************************************************
  Node Number          353
  Number of PTC Integration Nodes           1
   151.81948423956160      DR3                                95           0
 ****************************************************
  Node Number          354
  Number of PTC Integration Nodes           1
   152.30798507527589      DR3                                95           0
 ****************************************************
  Node Number          355
  Number of PTC Integration Nodes           1
   152.79648591099019      DR3                                95           0
 ****************************************************
  Node Number          356
  Number of PTC Integration Nodes           1
   153.28498674670448      DR3                                95           0
 ****************************************************
  Node Number          357
  Number of PTC Integration Nodes           1
   153.77348758241877      DR3                                95           0
 ****************************************************
  Node Number          358
  Number of PTC Integration Nodes           1
   154.26198841813306      DR3                                95           0
 ****************************************************
  Node Number          359
  Number of PTC Integration Nodes           1
   154.75048925384735      DR3                                95           0
 ****************************************************
  Node Number          360
  Number of PTC Integration Nodes           1
   155.23899008956164      DR3                                95           0
 ****************************************************
  Node Number          361
  Number of PTC Integration Nodes           1
   155.72749092527593      DR3                                95           0
 ****************************************************
  Node Number          362
  Number of PTC Integration Nodes           1
   156.21599176099022      DR3                                95           0
 ****************************************************
  Node Number          363
  Number of PTC Integration Nodes           1
   156.70449259670451      DR3                                95           0
 ****************************************************
  Node Number          364
  Number of PTC Integration Nodes           1
   157.19299343241880      DR3                                95           0
 ****************************************************
  Node Number          365
  Number of PTC Integration Nodes           5
   157.68149426813309      DR3                                95           0
   158.16999510384738      DR3                                95           2
   158.16999510384738      DR3                                95          -2
   158.16999510384738      QS1F                               96          -1
   158.16999510384738      QS1F                               96           1
 ****************************************************
  Node Number          366
  Number of PTC Integration Nodes           1
   158.16999510384738      QS1F                               96           0
 ****************************************************
  Node Number          367
  Number of PTC Integration Nodes           1
   158.42999510384738      QS1F                               96           0
 ****************************************************
  Node Number          368
  Number of PTC Integration Nodes           1
   158.68999510384737      QS1F                               96           0
 ****************************************************
  Node Number          369
  Number of PTC Integration Nodes           5
   158.94999510384736      QS1F                               96           0
   159.20999510384735      QS1F                               96           2
   159.20999510384735      QS1F                               96          -2
   159.20999510384735      DR4                                97          -1
   159.20999510384735      DR4                                97           1
 ****************************************************
  Node Number          370
  Number of PTC Integration Nodes           1
   159.20999510384735      DR4                                97           0
 ****************************************************
  Node Number          371
  Number of PTC Integration Nodes           6
   159.50999510384736      DR4                                97           0
   159.80999510384737      DR4                                97           2
   159.80999510384737      DR4                                97          -2
   159.80999510384737      QS2D                               98          -1
   159.80999510384737      QS2D                               98           1
   159.80999510384737      QS2D                               98           0
 ****************************************************
  Node Number          372
  Number of PTC Integration Nodes           3
   159.95856653241879      QS2D                               98           0
   160.10713796099020      QS2D                               98           0
   160.25570938956162      QS2D                               98           0
 ****************************************************
  Node Number          373
  Number of PTC Integration Nodes           7
   160.40428081813303      QS2D                               98           0
   160.55285224670445      QS2D                               98           0
   160.70142367527586      QS2D                               98           0
   160.84999510384728      QS2D                               98           2
   160.84999510384728      QS2D                               98          -2
   160.84999510384728      DR5                                99          -1
   160.84999510384728      DR5                                99           1
 ****************************************************
  Node Number          374
  Number of PTC Integration Nodes           1
   160.84999510384728      DR5                                99           0
 ****************************************************
  Node Number          375
  Number of PTC Integration Nodes           6
   161.20489510384726      DR5                                99           0
   161.55979510384725      DR5                                99           2
   161.55979510384725      DR5                                99          -2
   161.55979510384725      QS3T                              100          -1
   161.55979510384725      QS3T                              100           1
   161.55979510384725      QS3T                              100           0
 ****************************************************
  Node Number          376
  Number of PTC Integration Nodes           7
   161.67989510384726      QS3T                              100           0
   161.79999510384727      QS3T                              100           0
   161.92009510384727      QS3T                              100           0
   162.04019510384728      QS3T                              100           2
   162.04019510384728      QS3T                              100          -2
   162.04019510384728      DR6                               101          -1
   162.04019510384728      DR6                               101           1
 ****************************************************
  Node Number          377
  Number of PTC Integration Nodes           5
   162.04019510384728      DR6                               101           0
   162.53999510384728      DR6                               101           2
   162.53999510384728      DR6                               101          -2
   162.53999510384728      DR1                               102          -1
   162.53999510384728      DR1                               102           1
 ****************************************************
  Node Number          378
  Number of PTC Integration Nodes           1
   162.53999510384728      DR1                               102           0
 ****************************************************
  Node Number          379
  Number of PTC Integration Nodes           5
   162.86249510384727      DR1                               102           0
   163.18499510384726      DR1                               102           2
   163.18499510384726      DR1                               102          -2
   163.18499510384726      RB                                103          -1
   163.18499510384726      RB                                103           1
 ****************************************************
  Node Number          380
  Number of PTC Integration Nodes           1
   163.18499510384726      RB                                103           0
 ****************************************************
  Node Number          381
  Number of PTC Integration Nodes           1
   163.62132741684584      RB                                103           0
 ****************************************************
  Node Number          382
  Number of PTC Integration Nodes           1
   164.05765972984443      RB                                103           0
 ****************************************************
  Node Number          383
  Number of PTC Integration Nodes           1
   164.49399204284302      RB                                103           0
 ****************************************************
  Node Number          384
  Number of PTC Integration Nodes           1
   164.93032435584161      RB                                103           0
 ****************************************************
  Node Number          385
  Number of PTC Integration Nodes           5
   165.36665666884019      RB                                103           0
   165.80298898183878      RB                                103           2
   165.80298898183878      RB                                103          -2
   165.80298898183878      DR2                               104          -1
   165.80298898183878      DR2                               104           1
 ****************************************************
  Node Number          386
  Number of PTC Integration Nodes           1
   165.80298898183878      DR2                               104           0
 ****************************************************
  Node Number          387
  Number of PTC Integration Nodes           5
   166.28798898183879      DR2                               104           0
   166.77298898183881      DR2                               104           2
   166.77298898183881      DR2                               104          -2
   166.77298898183881      RB                                105          -1
   166.77298898183881      RB                                105           1
 ****************************************************
  Node Number          388
  Number of PTC Integration Nodes           1
   166.77298898183881      RB                                105           0
 ****************************************************
  Node Number          389
  Number of PTC Integration Nodes           1
   167.20932129483739      RB                                105           0
 ****************************************************
  Node Number          390
  Number of PTC Integration Nodes           1
   167.64565360783598      RB                                105           0
 ****************************************************
  Node Number          391
  Number of PTC Integration Nodes           1
   168.08198592083457      RB                                105           0
 ****************************************************
  Node Number          392
  Number of PTC Integration Nodes           1
   168.51831823383316      RB                                105           0
 ****************************************************
  Node Number          393
  Number of PTC Integration Nodes           5
   168.95465054683174      RB                                105           0
   169.39098285983033      RB                                105           2
   169.39098285983033      RB                                105          -2
   169.39098285983033      DR3                               106          -1
   169.39098285983033      DR3                               106           1
 ****************************************************
  Node Number          394
  Number of PTC Integration Nodes           1
   169.39098285983033      DR3                               106           0
 ****************************************************
  Node Number          395
  Number of PTC Integration Nodes           1
   169.87948369554462      DR3                               106           0
 ****************************************************
  Node Number          396
  Number of PTC Integration Nodes           1
   170.36798453125891      DR3                               106           0
 ****************************************************
  Node Number          397
  Number of PTC Integration Nodes           1
   170.85648536697320      DR3                               106           0
 ****************************************************
  Node Number          398
  Number of PTC Integration Nodes           1
   171.34498620268749      DR3                               106           0
 ****************************************************
  Node Number          399
  Number of PTC Integration Nodes           1
   171.83348703840178      DR3                               106           0
 ****************************************************
  Node Number          400
  Number of PTC Integration Nodes           1
   172.32198787411608      DR3                               106           0
 ****************************************************
  Node Number          401
  Number of PTC Integration Nodes           1
   172.81048870983037      DR3                               106           0
 ****************************************************
  Node Number          402
  Number of PTC Integration Nodes           1
   173.29898954554466      DR3                               106           0
 ****************************************************
  Node Number          403
  Number of PTC Integration Nodes           1
   173.78749038125895      DR3                               106           0
 ****************************************************
  Node Number          404
  Number of PTC Integration Nodes           1
   174.27599121697324      DR3                               106           0
 ****************************************************
  Node Number          405
  Number of PTC Integration Nodes           1
   174.76449205268753      DR3                               106           0
 ****************************************************
  Node Number          406
  Number of PTC Integration Nodes           1
   175.25299288840182      DR3                               106           0
 ****************************************************
  Node Number          407
  Number of PTC Integration Nodes           5
   175.74149372411611      DR3                               106           0
   176.22999455983040      DR3                               106           2
   176.22999455983040      DR3                               106          -2
   176.22999455983040      QS1F                              107          -1
   176.22999455983040      QS1F                              107           1
 ****************************************************
  Node Number          408
  Number of PTC Integration Nodes           1
   176.22999455983040      QS1F                              107           0
 ****************************************************
  Node Number          409
  Number of PTC Integration Nodes           1
   176.48999455983039      QS1F                              107           0
 ****************************************************
  Node Number          410
  Number of PTC Integration Nodes           1
   176.74999455983038      QS1F                              107           0
 ****************************************************
  Node Number          411
  Number of PTC Integration Nodes           5
   177.00999455983037      QS1F                              107           0
   177.26999455983037      QS1F                              107           2
   177.26999455983037      QS1F                              107          -2
   177.26999455983037      DR4                               108          -1
   177.26999455983037      DR4                               108           1
 ****************************************************
  Node Number          412
  Number of PTC Integration Nodes           1
   177.26999455983037      DR4                               108           0
 ****************************************************
  Node Number          413
  Number of PTC Integration Nodes           6
   177.56999455983038      DR4                               108           0
   177.86999455983039      DR4                               108           2
   177.86999455983039      DR4                               108          -2
   177.86999455983039      QS2D                              109          -1
   177.86999455983039      QS2D                              109           1
   177.86999455983039      QS2D                              109           0
 ****************************************************
  Node Number          414
  Number of PTC Integration Nodes           3
   178.01856598840180      QS2D                              109           0
   178.16713741697322      QS2D                              109           0
   178.31570884554463      QS2D                              109           0
 ****************************************************
  Node Number          415
  Number of PTC Integration Nodes           7
   178.46428027411605      QS2D                              109           0
   178.61285170268746      QS2D                              109           0
   178.76142313125888      QS2D                              109           0
   178.90999455983030      QS2D                              109           2
   178.90999455983030      QS2D                              109          -2
   178.90999455983030      DR5                               110          -1
   178.90999455983030      DR5                               110           1
 ****************************************************
  Node Number          416
  Number of PTC Integration Nodes           1
   178.90999455983030      DR5                               110           0
 ****************************************************
  Node Number          417
  Number of PTC Integration Nodes           6
   179.26489455983028      DR5                               110           0
   179.61979455983027      DR5                               110           2
   179.61979455983027      DR5                               110          -2
   179.61979455983027      QS3T                              111          -1
   179.61979455983027      QS3T                              111           1
   179.61979455983027      QS3T                              111           0
 ****************************************************
  Node Number          418
  Number of PTC Integration Nodes           7
   179.73989455983028      QS3T                              111           0
   179.85999455983028      QS3T                              111           0
   179.98009455983029      QS3T                              111           0
   180.10019455983030      QS3T                              111           2
   180.10019455983030      QS3T                              111          -2
   180.10019455983030      DR6                               112          -1
   180.10019455983030      DR6                               112           1
 ****************************************************
  Node Number          419
  Number of PTC Integration Nodes           5
   180.10019455983030      DR6                               112           0
   180.59999455983029      DR6                               112           2
   180.59999455983029      DR6                               112          -2
   180.59999455983029      DR1                               113          -1
   180.59999455983029      DR1                               113           1
 ****************************************************
  Node Number          420
  Number of PTC Integration Nodes           1
   180.59999455983029      DR1                               113           0
 ****************************************************
  Node Number          421
  Number of PTC Integration Nodes           5
   180.92249455983028      DR1                               113           0
   181.24499455983027      DR1                               113           2
   181.24499455983027      DR1                               113          -2
   181.24499455983027      RB                                114          -1
   181.24499455983027      RB                                114           1
 ****************************************************
  Node Number          422
  Number of PTC Integration Nodes           1
   181.24499455983027      RB                                114           0
 ****************************************************
  Node Number          423
  Number of PTC Integration Nodes           1
   181.68132687282886      RB                                114           0
 ****************************************************
  Node Number          424
  Number of PTC Integration Nodes           1
   182.11765918582745      RB                                114           0
 ****************************************************
  Node Number          425
  Number of PTC Integration Nodes           1
   182.55399149882604      RB                                114           0
 ****************************************************
  Node Number          426
  Number of PTC Integration Nodes           1
   182.99032381182462      RB                                114           0
 ****************************************************
  Node Number          427
  Number of PTC Integration Nodes           5
   183.42665612482321      RB                                114           0
   183.86298843782180      RB                                114           2
   183.86298843782180      RB                                114          -2
   183.86298843782180      DR2                               115          -1
   183.86298843782180      DR2                               115           1
 ****************************************************
  Node Number          428
  Number of PTC Integration Nodes           1
   183.86298843782180      DR2                               115           0
 ****************************************************
  Node Number          429
  Number of PTC Integration Nodes           5
   184.34798843782181      DR2                               115           0
   184.83298843782183      DR2                               115           2
   184.83298843782183      DR2                               115          -2
   184.83298843782183      RB                                116          -1
   184.83298843782183      RB                                116           1
 ****************************************************
  Node Number          430
  Number of PTC Integration Nodes           1
   184.83298843782183      RB                                116           0
 ****************************************************
  Node Number          431
  Number of PTC Integration Nodes           1
   185.26932075082041      RB                                116           0
 ****************************************************
  Node Number          432
  Number of PTC Integration Nodes           1
   185.70565306381900      RB                                116           0
 ****************************************************
  Node Number          433
  Number of PTC Integration Nodes           1
   186.14198537681759      RB                                116           0
 ****************************************************
  Node Number          434
  Number of PTC Integration Nodes           1
   186.57831768981617      RB                                116           0
 ****************************************************
  Node Number          435
  Number of PTC Integration Nodes           5
   187.01465000281476      RB                                116           0
   187.45098231581335      RB                                116           2
   187.45098231581335      RB                                116          -2
   187.45098231581335      DR3                               117          -1
   187.45098231581335      DR3                               117           1
 ****************************************************
  Node Number          436
  Number of PTC Integration Nodes           1
   187.45098231581335      DR3                               117           0
 ****************************************************
  Node Number          437
  Number of PTC Integration Nodes           1
   187.93948315152764      DR3                               117           0
 ****************************************************
  Node Number          438
  Number of PTC Integration Nodes           1
   188.42798398724193      DR3                               117           0
 ****************************************************
  Node Number          439
  Number of PTC Integration Nodes           1
   188.91648482295622      DR3                               117           0
 ****************************************************
  Node Number          440
  Number of PTC Integration Nodes           1
   189.40498565867051      DR3                               117           0
 ****************************************************
  Node Number          441
  Number of PTC Integration Nodes           1
   189.89348649438480      DR3                               117           0
 ****************************************************
  Node Number          442
  Number of PTC Integration Nodes           1
   190.38198733009909      DR3                               117           0
 ****************************************************
  Node Number          443
  Number of PTC Integration Nodes           1
   190.87048816581338      DR3                               117           0
 ****************************************************
  Node Number          444
  Number of PTC Integration Nodes           1
   191.35898900152768      DR3                               117           0
 ****************************************************
  Node Number          445
  Number of PTC Integration Nodes           1
   191.84748983724197      DR3                               117           0
 ****************************************************
  Node Number          446
  Number of PTC Integration Nodes           1
   192.33599067295626      DR3                               117           0
 ****************************************************
  Node Number          447
  Number of PTC Integration Nodes           1
   192.82449150867055      DR3                               117           0
 ****************************************************
  Node Number          448
  Number of PTC Integration Nodes           1
   193.31299234438484      DR3                               117           0
 ****************************************************
  Node Number          449
  Number of PTC Integration Nodes           5
   193.80149318009913      DR3                               117           0
   194.28999401581342      DR3                               117           2
   194.28999401581342      DR3                               117          -2
   194.28999401581342      QS1F                              118          -1
   194.28999401581342      QS1F                              118           1
 ****************************************************
  Node Number          450
  Number of PTC Integration Nodes           1
   194.28999401581342      QS1F                              118           0
 ****************************************************
  Node Number          451
  Number of PTC Integration Nodes           1
   194.54999401581341      QS1F                              118           0
 ****************************************************
  Node Number          452
  Number of PTC Integration Nodes           1
   194.80999401581340      QS1F                              118           0
 ****************************************************
  Node Number          453
  Number of PTC Integration Nodes           5
   195.06999401581339      QS1F                              118           0
   195.32999401581338      QS1F                              118           2
   195.32999401581338      QS1F                              118          -2
   195.32999401581338      DR4                               119          -1
   195.32999401581338      DR4                               119           1
 ****************************************************
  Node Number          454
  Number of PTC Integration Nodes           1
   195.32999401581338      DR4                               119           0
 ****************************************************
  Node Number          455
  Number of PTC Integration Nodes           6
   195.62999401581339      DR4                               119           0
   195.92999401581341      DR4                               119           2
   195.92999401581341      DR4                               119          -2
   195.92999401581341      QS2D                              120          -1
   195.92999401581341      QS2D                              120           1
   195.92999401581341      QS2D                              120           0
 ****************************************************
  Node Number          456
  Number of PTC Integration Nodes           3
   196.07856544438482      QS2D                              120           0
   196.22713687295624      QS2D                              120           0
   196.37570830152765      QS2D                              120           0
 ****************************************************
  Node Number          457
  Number of PTC Integration Nodes           7
   196.52427973009907      QS2D                              120           0
   196.67285115867048      QS2D                              120           0
   196.82142258724190      QS2D                              120           0
   196.96999401581331      QS2D                              120           2
   196.96999401581331      QS2D                              120          -2
   196.96999401581331      DR5                               121          -1
   196.96999401581331      DR5                               121           1
 ****************************************************
  Node Number          458
  Number of PTC Integration Nodes           1
   196.96999401581331      DR5                               121           0
 ****************************************************
  Node Number          459
  Number of PTC Integration Nodes           6
   197.32489401581330      DR5                               121           0
   197.67979401581329      DR5                               121           2
   197.67979401581329      DR5                               121          -2
   197.67979401581329      QS3T                              122          -1
   197.67979401581329      QS3T                              122           1
   197.67979401581329      QS3T                              122           0
 ****************************************************
  Node Number          460
  Number of PTC Integration Nodes           7
   197.79989401581329      QS3T                              122           0
   197.91999401581330      QS3T                              122           0
   198.04009401581331      QS3T                              122           0
   198.16019401581332      QS3T                              122           2
   198.16019401581332      QS3T                              122          -2
   198.16019401581332      DR6                               123          -1
   198.16019401581332      DR6                               123           1
 ****************************************************
  Node Number          461
  Number of PTC Integration Nodes           5
   198.16019401581332      DR6                               123           0
   198.65999401581331      DR6                               123           2
   198.65999401581331      DR6                               123          -2
   198.65999401581331      DR1                               124          -1
   198.65999401581331      DR1                               124           1
 ****************************************************
  Node Number          462
  Number of PTC Integration Nodes           1
   198.65999401581331      DR1                               124           0
 ****************************************************
  Node Number          463
  Number of PTC Integration Nodes           5
   198.98249401581330      DR1                               124           0
   199.30499401581329      DR1                               124           2
   199.30499401581329      DR1                               124          -2
   199.30499401581329      RB                                125          -1
   199.30499401581329      RB                                125           1
 ****************************************************
  Node Number          464
  Number of PTC Integration Nodes           1
   199.30499401581329      RB                                125           0
 ****************************************************
  Node Number          465
  Number of PTC Integration Nodes           1
   199.74132632881188      RB                                125           0
 ****************************************************
  Node Number          466
  Number of PTC Integration Nodes           1
   200.17765864181047      RB                                125           0
 ****************************************************
  Node Number          467
  Number of PTC Integration Nodes           1
   200.61399095480905      RB                                125           0
 ****************************************************
  Node Number          468
  Number of PTC Integration Nodes           1
   201.05032326780764      RB                                125           0
 ****************************************************
  Node Number          469
  Number of PTC Integration Nodes           5
   201.48665558080623      RB                                125           0
   201.92298789380482      RB                                125           2
   201.92298789380482      RB                                125          -2
   201.92298789380482      DR2                               126          -1
   201.92298789380482      DR2                               126           1
 ****************************************************
  Node Number          470
  Number of PTC Integration Nodes           1
   201.92298789380482      DR2                               126           0
 ****************************************************
  Node Number          471
  Number of PTC Integration Nodes           5
   202.40798789380483      DR2                               126           0
   202.89298789380484      DR2                               126           2
   202.89298789380484      DR2                               126          -2
   202.89298789380484      RB                                127          -1
   202.89298789380484      RB                                127           1
 ****************************************************
  Node Number          472
  Number of PTC Integration Nodes           1
   202.89298789380484      RB                                127           0
 ****************************************************
  Node Number          473
  Number of PTC Integration Nodes           1
   203.32932020680343      RB                                127           0
 ****************************************************
  Node Number          474
  Number of PTC Integration Nodes           1
   203.76565251980202      RB                                127           0
 ****************************************************
  Node Number          475
  Number of PTC Integration Nodes           1
   204.20198483280060      RB                                127           0
 ****************************************************
  Node Number          476
  Number of PTC Integration Nodes           1
   204.63831714579919      RB                                127           0
 ****************************************************
  Node Number          477
  Number of PTC Integration Nodes           5
   205.07464945879778      RB                                127           0
   205.51098177179637      RB                                127           2
   205.51098177179637      RB                                127          -2
   205.51098177179637      DR3                               128          -1
   205.51098177179637      DR3                               128           1
 ****************************************************
  Node Number          478
  Number of PTC Integration Nodes           1
   205.51098177179637      DR3                               128           0
 ****************************************************
  Node Number          479
  Number of PTC Integration Nodes           1
   205.99948260751066      DR3                               128           0
 ****************************************************
  Node Number          480
  Number of PTC Integration Nodes           1
   206.48798344322495      DR3                               128           0
 ****************************************************
  Node Number          481
  Number of PTC Integration Nodes           1
   206.97648427893924      DR3                               128           0
 ****************************************************
  Node Number          482
  Number of PTC Integration Nodes           1
   207.46498511465353      DR3                               128           0
 ****************************************************
  Node Number          483
  Number of PTC Integration Nodes           1
   207.95348595036782      DR3                               128           0
 ****************************************************
  Node Number          484
  Number of PTC Integration Nodes           1
   208.44198678608211      DR3                               128           0
 ****************************************************
  Node Number          485
  Number of PTC Integration Nodes           1
   208.93048762179640      DR3                               128           0
 ****************************************************
  Node Number          486
  Number of PTC Integration Nodes           1
   209.41898845751069      DR3                               128           0
 ****************************************************
  Node Number          487
  Number of PTC Integration Nodes           1
   209.90748929322498      DR3                               128           0
 ****************************************************
  Node Number          488
  Number of PTC Integration Nodes           1
   210.39599012893927      DR3                               128           0
 ****************************************************
  Node Number          489
  Number of PTC Integration Nodes           1
   210.88449096465357      DR3                               128           0
 ****************************************************
  Node Number          490
  Number of PTC Integration Nodes           1
   211.37299180036786      DR3                               128           0
 ****************************************************
  Node Number          491
  Number of PTC Integration Nodes           5
   211.86149263608215      DR3                               128           0
   212.34999347179644      DR3                               128           2
   212.34999347179644      DR3                               128          -2
   212.34999347179644      QS1F                              129          -1
   212.34999347179644      QS1F                              129           1
 ****************************************************
  Node Number          492
  Number of PTC Integration Nodes           1
   212.34999347179644      QS1F                              129           0
 ****************************************************
  Node Number          493
  Number of PTC Integration Nodes           1
   212.60999347179643      QS1F                              129           0
 ****************************************************
  Node Number          494
  Number of PTC Integration Nodes           1
   212.86999347179642      QS1F                              129           0
 ****************************************************
  Node Number          495
  Number of PTC Integration Nodes           5
   213.12999347179641      QS1F                              129           0
   213.38999347179640      QS1F                              129           2
   213.38999347179640      QS1F                              129          -2
   213.38999347179640      DR4                               130          -1
   213.38999347179640      DR4                               130           1
 ****************************************************
  Node Number          496
  Number of PTC Integration Nodes           1
   213.38999347179640      DR4                               130           0
 ****************************************************
  Node Number          497
  Number of PTC Integration Nodes           6
   213.68999347179641      DR4                               130           0
   213.98999347179642      DR4                               130           2
   213.98999347179642      DR4                               130          -2
   213.98999347179642      QS2D                              131          -1
   213.98999347179642      QS2D                              131           1
   213.98999347179642      QS2D                              131           0
 ****************************************************
  Node Number          498
  Number of PTC Integration Nodes           3
   214.13856490036784      QS2D                              131           0
   214.28713632893925      QS2D                              131           0
   214.43570775751067      QS2D                              131           0
 ****************************************************
  Node Number          499
  Number of PTC Integration Nodes           7
   214.58427918608209      QS2D                              131           0
   214.73285061465350      QS2D                              131           0
   214.88142204322492      QS2D                              131           0
   215.02999347179633      QS2D                              131           2
   215.02999347179633      QS2D                              131          -2
   215.02999347179633      DR5                               132          -1
   215.02999347179633      DR5                               132           1
 ****************************************************
  Node Number          500
  Number of PTC Integration Nodes           1
   215.02999347179633      DR5                               132           0
 ****************************************************
  Node Number          501
  Number of PTC Integration Nodes           6
   215.38489347179632      DR5                               132           0
   215.73979347179630      DR5                               132           2
   215.73979347179630      DR5                               132          -2
   215.73979347179630      QS3T                              133          -1
   215.73979347179630      QS3T                              133           1
   215.73979347179630      QS3T                              133           0
 ****************************************************
  Node Number          502
  Number of PTC Integration Nodes           7
   215.85989347179631      QS3T                              133           0
   215.97999347179632      QS3T                              133           0
   216.10009347179633      QS3T                              133           0
   216.22019347179634      QS3T                              133           2
   216.22019347179634      QS3T                              133          -2
   216.22019347179634      DR6                               134          -1
   216.22019347179634      DR6                               134           1
 ****************************************************
  Node Number          503
  Number of PTC Integration Nodes           8
   216.22019347179634      DR6                               134           0
   216.71999347179633      DR6                               134           2
   216.71999347179633      DR6                               134          -2
   216.71999347179633      SIS18$END                         135          -1
   216.71999347179633      SIS18$END                         135           1
   216.71999347179633      SIS18$END                         135           0
   216.71999347179633      SIS18$END                         135           2
   216.71999347179633      SIS18$END                         135          -2
