turn,x_m,xp_rad,y_m,yp_rad,z_m,dE_GeV,action_x,action_x_normalised
-1.0,0.00515,0.0,0.0,0.0,6.7010481099999994,0.0,5.486973648394472e-06,1.0
0.0,0.0025065444238589786,-0.0008799121997286305,1.8143500016031945e-15,-8.155354782480848e-17,6.698401710886625,-2.9404308910364557e-08,5.544910901624604e-06,1.0105590543973335
1.0,-0.008026579982127125,0.0010034132965819449,-7.78726005013844e-16,1.9808765348395973e-16,6.698316850248666,-5.880824530374364e-08,5.53875044210695e-06,1.0094363117139495
2.0,0.0066300262091750556,-0.0002716992454180542,-4.827163057678304e-15,3.197343781683839e-16,6.7000124747604675,-8.82196250648234e-08,5.414923386123704e-06,0.9868688521418632
3.0,0.0003536574617207216,-0.0006864073119364866,-6.7780598221492535e-15,5.023575085887916e-16,6.696299813537511,-1.1761470717129969e-07,5.430902096233657e-06,0.9897809693004045
4.0,-0.007060156053515361,0.0010588842381745317,-7.167921534230741e-15,7.268135375723622e-16,6.696171163396637,-1.4700922453582008e-07,5.469766828057666e-06,0.9968640599646691
5.0,0.007667791629519447,-0.0005268007561323876,-3.669198461207774e-15,8.162108847518641e-16,6.696494946178143,-1.764051632258056e-07,5.34658942792142e-06,0.9744150000585241
6.0,-0.0018388348467922417,-0.00044557278512950203,-5.145841143314383e-16,6.428886307927948e-16,6.691907887807699,-2.0578096587630944e-07,5.342551731602119e-06,0.9736791306015089
7.0,-0.005616206345254615,0.0010440558434616203,1.1846307559311238e-15,4.514278376905799e-16,6.691674234257269,-2.351557428461403e-07,5.422098845747123e-06,0.9881765784192654
8.0,0.008198697071626255,-0.0007478989084410807,3.3745136012863815e-15,3.827603332821768e-16,6.690508407856134,-2.6452540212952674e-07,5.324741640147658e-06,0.9704332445091504
9.0,-0.0039198662932015405,-0.00017461438565761987,8.323207210761946e-15,2.819054988679846e-16,6.685241265037656,-2.9387193997272577e-07,5.325639916284007e-06,0.9705969551798972
10.0,-0.0038011468236396483,0.0009606828808046678,1.0106100979505558e-14,-4.7259821227889466e-17,6.684794693112196,-3.2321651747681504e-07,5.42462811254995e-06,0.9886375368573594
11.0,0.008189183856495025,-0.0009195089850382533,8.823405133891116e-15,-3.1124177463239524e-16,6.682071945128588,-3.5254914279794323e-07,5.36476984948866e-06,0.9777283787499929
12.0,-0.005743334793614425,0.0001073378859599068,8.215802435572219e-15,-4.2418049090172524e-16,6.676309977769667,-3.8185647452285764e-07,5.389269249039966e-06,0.9821933900879778
13.0,-0.001744341458404978,0.000814620337583979,8.033627401958888e-15,-6.655893827450483e-16,6.675502180411198,-4.111602602193177e-07,5.472735343540626e-06,0.9974050713988735
14.0,0.007637717052447823,-0.0010291211887143523,4.2837120419197585e-15,-9.01809597895977e-16,6.67121038622207,-4.4044520601223606e-07,5.444631908103955e-06,0.9922832251430793
15.0,-0.00717876819184274,0.00038063805326604114,5.065127844591751e-16,-5.437452711357998e-16,6.665119455698039,-4.697034141428866e-07,5.501896760444106e-06,1.002719734594315
16.0,0.00041127642857078766,0.0006154811101013576,-9.284686880812244e-16,-4.1300792100910294e-16,6.6637710341783025,-4.989557030401708e-07,5.531371307362556e-06,1.0080914656809177
17.0,0.0065761001791393514,-0.0010682865844765803,5.810697074626508e-17,-3.443503586364863e-16,6.657953756161942,-5.281824555412827e-07,5.516948057900146e-06,1.0054628309568143
18.0,-0.008122452792862746,0.0006265530911119665,2.885772221732461e-15,-4.348581017677864e-16,6.651670724080748,-5.573816271023162e-07,5.609499507351915e-06,1.0223303166388078
19.0,0.002519038217086324,0.00037623206569338996,4.1070707927729255e-15,-4.9790013666875985e-16,6.649583434656701,-5.865716359846005e-07,5.556292660704162e-06,1.0126333780243273
20.0,0.005070055366654834,-0.0010336245312453048,5.644647153038901e-15,-5.616912999195583e-16,6.642335847708331,-6.15729829772078e-07,5.536649119198375e-06,1.0090533459766913
21.0,-0.008507852841082686,0.0008287178904501619,5.142930943303689e-15,-7.305244792660943e-16,6.635959905215827,-6.448600347659991e-07,5.665274822586459e-06,1.0324953582097407
22.0,0.004439179291509823,0.000112528154670765,1.6485478910829308e-15,-6.560041221661732e-16,6.632931290835188,-6.739769448999429e-07,5.520956822431034e-06,1.006193427600387
23.0,0.0032169673260004344,-0.0009274335275175549,1.382474694517033e-15,-4.975046465139396e-16,6.62439162391151,-7.030563680310084e-07,5.488189961503815e-06,1.0002216728541604
24.0,-0.00831273387299195,0.0009744310656462652,2.77169870641002e-15,-3.4293140748046147e-16,6.617977495355769,-7.321076347412464e-07,5.654031938647631e-06,1.0304463445531657
25.0,0.006049242766625196,-0.00015830472883524284,5.5391498725793986e-15,-4.756567401768287e-16,6.613816525405619,-7.611406358336457e-07,5.433207308113055e-06,0.9902010937673904
26.0,0.0011396306872702407,-0.000757600867828275,7.132331167134649e-15,-7.607211074925092e-16,6.604154041587661,-7.901312210377052e-07,5.3960933127923944e-06,0.9834370745285664
27.0,-0.007560606608205237,0.0010555055349482302,3.372445386287373e-15,-8.23792259475652e-16,6.597708193207397,-8.190935105788373e-07,5.597566614619879e-06,1.0201555489988123
28.0,0.007252204119557965,-0.0004185210507597549,1.395395650722094e-15,-4.66032764002866e-16,6.5922500101125765,-8.48031840060729e-07,5.331596140304996e-06,0.9716824759792786
29.0,-0.0010232083840076229,-0.0005367548631064444,3.7772808542294694e-15,-3.9901769573240937e-16,6.5816514166953795,-8.769236443671675e-07,5.312309908655625e-06,0.9681675635912786
30.0,-0.006316064325826351,0.0010685018843786711,5.251053686696434e-15,-5.799290239166493e-16,6.575131862626575,-9.057868294611325e-07,5.5387811093295375e-06,1.009441900809971
31.0,0.007980820080066623,-0.0006511994927408312,5.300242046427786e-15,-7.688703729385702e-16,6.568249894547399,-9.34619804435722e-07,5.263488247136538e-06,0.9592698242093204
32.0,-0.003127458035578214,-0.00028090500649208353,3.6648734490712055e-15,-7.240082180814353e-16,6.556906209423332,-9.63402983468538e-07,5.287874074093581e-06,0.963714136961611
33.0,-0.004675924966752733,0.0010144287206434544,2.9229161820213177e-15,-5.307903748258409e-16,6.550225717783977,-9.921568368131803e-07,5.51495922109987e-06,1.0051003657933708
34.0,0.008198511890643464,-0.0008412950907201105,5.535143208288493e-15,-6.984498301621526e-16,6.541840144649313,-1.0208738795881547e-06,5.258171828562822e-06,0.9583009078422312
35.0,-0.005033727935348181,-7.949041287427895e-06,3.2422368411720077e-15,-7.267173474900823e-16,6.529935269855073,-1.049538662939001e-06,5.345517733206132e-06,0.9742196838817093
36.0,-0.0027590884809070623,0.0008981985962646331,1.8825176175409436e-15,-5.499521782697574e-16,6.522967368505925,-1.0781728589448999e-06,5.536189734318439e-06,1.0089696231616436
37.0,0.00789867619361226,-0.0009765048619232178,3.84479584770288e-15,-4.835630552248814e-16,6.5130496866433525,-1.1067635188068424e-06,5.310633832546143e-06,0.9678620990097286
38.0,-0.006616541581672674,0.00026370642044297796,5.223582446690356e-15,-7.239407090736884e-16,6.500750797485172,-1.135300189620103e-06,5.4683560940489596e-06,0.9966069539351697
39.0,-0.0006970115638399552,0.0007281064769969995,4.704978316273244e-15,-8.228294647227538e-16,6.4933381501461,-1.1638043207647068e-06,5.580692080153875e-06,1.0170801680060604
40.0,0.007104209981006144,-0.0010480761052054897,3.1291273992790696e-15,-6.633895907804342e-16,6.481911883066122,-1.1922582934533964e-06,5.384849735288902e-06,0.981387934469951
41.0,-0.007773320253036131,0.000516409501489799,2.5914168881845186e-15,-4.45646861636107e-16,6.469361089754779,-1.2206571712971474e-06,5.609635307386438e-06,1.0223550661716514
42.0,0.0013751830426691175,0.0005153689189767657,7.113296165980835e-15,-5.889276444888517e-16,6.461326109718062,-1.249020777587282e-06,5.608485180905479e-06,1.0221454558190857
43.0,0.005867270151465081,-0.0010515905692022342,7.407422887189507e-15,-8.9142085062506e-16,6.448463624646848,-1.2773279207835755e-06,5.434336170766184e-06,0.9904068287910057
44.0,-0.00843304165691982,0.0007344956958005226,3.855123405456631e-15,-9.61303176857627e-16,6.435770616234582,-1.3055793448461913e-06,5.717124696411504e-06,1.0419449887615875
45.0,0.0033277721242733023,0.00027355634125516073,1.7602535005958607e-15,-6.164086049081872e-16,6.426928042286089,-1.3337919522198166e-06,5.584909851511142e-06,1.0178488561076517
46.0,0.00426758209834183,-0.0009875335787710802,3.4761193568623064e-15,-5.363647888114429e-16,6.412743484893839,-1.3619422929326294e-06,5.428317096867093e-06,0.9893098536121925
47.0,-0.008562935630041981,0.0009054397585389381,7.146125024323442e-15,-6.714870297407475e-16,6.399979626543291,-1.3900366034982478e-06,5.758719163916188e-06,1.0495255732823194
48.0,0.00504560910553975,1.775730379373875e-05,6.744611634663303e-15,-8.908574661515282e-16,6.390150156041789,-1.4180877651457322e-06,5.500779038203489e-06,1.0025160299089566
49.0,0.0024076100144793185,-0.0008613505815745715,3.3516815311660096e-15,-8.397237062045584e-16,6.374789076687145,-1.4460714954951196e-06,5.36894398800391e-06,0.9784891147736606
50.0,-0.008170889799745739,0.0010207085615300756,3.138458118233254e-15,-5.952853482420619e-16,6.361983919568651,-1.473999014406046e-06,5.7358610740935705e-06,1.0453596903589877
51.0,0.00643596240942101,-0.00023650828401004128,4.950046365264747e-15,-6.78286201786392e-16,6.351007347004562,-1.5018783489075594e-06,5.3781708924657685e-06,0.9801707165186514
52.0,0.00040449830225987326,-0.0006828267273363567,5.247802069833283e-15,-7.260850216307357e-16,6.334634428569468,-1.5296858103903722e-06,5.290299321074606e-06,0.9641561378051425
53.0,-0.007302286748397781,0.0010760874402467003,6.17846269753802e-15,-7.919329903633865e-16,6.32177536252428,-1.5574368237880131e-06,5.6786474056462e-06,1.0349325091633734
54.0,0.00743317921378474,-0.0004744281810517772,5.719632878744058e-15,-7.825231751039502e-16,6.309521534931936,-1.5851340459459806e-06,5.2591348220619525e-06,0.9584764132411704
55.0,-0.0016195620543112967,-0.00046490326117989983,7.075860303658808e-15,-9.688370333182662e-16,6.292308333692009,-1.6127557064538052e-06,5.240435623955705e-06,0.9550684876150433
56.0,-0.0060321461974075915,0.001071428885732331,3.1741871303298623e-15,-9.397832348455456e-16,6.279343357012896,-1.6403204539552526e-06,5.626932118692949e-06,1.0255074070456727
57.0,0.007999434737621838,-0.0006828442368537861,1.446581394597356e-15,-6.075049363115476e-16,6.265719789579085,-1.6678253974015574e-06,5.184319157970138e-06,0.9448412713786418
58.0,-0.0035463459867466143,-0.00022226968318793248,5.9286183681894546e-15,-5.45331569735109e-16,6.247834123686159,-1.6952518272460088e-06,5.257046289296913e-06,0.958095778505363
59.0,-0.004455180910516224,0.0010100098606050582,8.896113281526603e-15,-9.049508833161852e-16,6.234677017065562,-1.7226205006816723e-06,5.608778434421596e-06,1.0221989012217627
60.0,0.008122611124509722,-0.000850889022539954,8.245760539472207e-15,-1.3080892909783625e-15,6.21963288991884,-1.7499231341601934e-06,5.173483340801464e-06,0.9428664455706403
61.0,-0.005268745149060741,2.9918974520706018e-05,1.3583743846336944e-15,-1.0171090932369174e-15,6.20123056360017,-1.7771449860267574e-06,5.349783889377648e-06,0.9749971901073433
62.0,-0.0026764721379064077,0.0008978062278152963,-2.020475141677707e-15,-6.357924343437026e-16,6.187767616275359,-1.804307738920302e-06,5.627424076683539e-06,1.0255970663045126
63.0,0.007813398319228783,-0.0009703914613486948,-3.4855798824830148e-15,-6.346667116788505e-16,6.171294535202762,-1.8313981791062086e-06,5.217488472510636e-06,0.9508863732263978
64.0,-0.006696322006397443,0.00027705288192495816,-2.865077081153772e-15,-5.989021211293342e-16,6.15251309273355,-1.8584061734550358e-06,5.497041671529005e-06,1.0018348954778522
65.0,-0.0008039771120281944,0.0007429014377308841,-5.277127228247029e-16,-5.849037263513731e-16,6.138610890194466,-1.885353140610267e-06,5.6619322979637334e-06,1.031886183674393
66.0,0.0071031437201794926,-0.0010362130937984087,4.305186645539553e-15,-4.0836795693157946e-16,6.120740910518872,-1.9122216630222173e-06,5.28450864332893e-06,0.9631007877858526
67.0,-0.007760189884911838,0.0005058813597213716,7.519341787956731e-15,-3.514349484248852e-16,6.101694715251652,-1.939006577398493e-06,5.656834150866746e-06,1.0309570472462495
68.0,0.001057641041951097,0.0005550252043684375,6.088527188459751e-16,2.3353622384579196e-16,6.087208864717754,-1.965727902512388e-06,5.6793740519979516e-06,1.035064940335512
69.0,0.006042319617838404,-0.0010465695609110726,-2.717255691537613e-15,-1.4836124346561368e-16,6.068010038901688,-1.9923649495806567e-06,5.33625088449034e-06,0.9725308023033362
70.0,-0.008417451224436172,0.0007052529241929187,7.04641531135923e-15,-4.625425298541835e-16,6.048786308767838,-2.0189176092795705e-06,5.785270391665395e-06,1.0543645299550886
71.0,0.0028128936559465665,0.0003450641515596124,5.365225638414535e-15,-1.1612129982330963e-17,6.033570928238228,-2.045403477261804e-06,5.651543153044829e-06,1.0299927638067865
72.0,0.0046982110928138554,-0.0010032114177075753,3.5225299189763355e-15,4.359112100188643e-16,6.013140522319581,-2.0717996608696566e-06,5.345851863214885e-06,0.9742805790181114
73.0,-0.008654209802788757,0.0008667818357000678,2.371142450446858e-15,6.73668805275247e-16,5.993796591334998,-2.0981109294564695e-06,5.8538439081466004e-06,1.0668620414933971
74.0,0.0043812734151004165,0.00012440973670438624,2.1584106215421404e-15,6.35340846862849e-16,5.977713951193291,-2.12435159927372e-06,5.568194652713594e-06,1.0148025140129637
75.0,0.0031505515880636504,-0.0009112630623684666,-4.763968958724678e-15,6.351801595132077e-16,5.956169759721503,-2.1504976954764575e-06,5.309145312027042e-06,0.9675908164021412
76.0,-0.008485647363706345,0.000985304525041362,-8.968038241641206e-15,6.809478904670885e-16,5.9367321957282115,-2.1765584656326553e-06,5.858311801697988e-06,1.0676763143216794
77.0,0.005702073592398264,-9.584782196201624e-05,-1.2500109275699045e-14,1.1052958357696752e-15,5.919661454419698,-2.2025442995021944e-06,5.441224779337543e-06,0.9916622765136999
78.0,0.0014850585486034214,-0.0007786126847930899,-1.1116636934918264e-14,1.5916984239679101e-15,5.897132167729461,-2.2284312354354847e-06,5.244878772253023e-06,0.9558782506250441
79.0,-0.00795233160668717,0.0010589670084419705,-2.452968700870712e-15,1.3775321747802168e-15,5.87759819400076,-2.2542324221075995e-06,5.8165166231480935e-06,1.0600591502476138
80.0,0.006736898406631708,-0.0003057312406748971,-5.673593468913008e-16,9.290064685796361e-16,5.859442086645789,-2.279953908007453e-06,5.2989090199008915e-06,0.9657252539296212
81.0,-0.00021388741702834622,-0.0006149346807812337,-2.9493304603453918e-15,6.041741541366095e-16,5.836058025502468,-2.305572743724903e-06,5.185124375451769e-06,0.9449880221256345
82.0,-0.007113336258757341,0.0010888900568148964,-6.13729660839612e-15,2.1858343343188695e-16,5.816399125024259,-2.331105281783978e-06,5.757885794215627e-06,1.0493736917982877
83.0,0.007469149842955006,-0.0004970002001376966,2.508749324873971e-15,1.1458571766273696e-16,5.797087858608101,-2.356553048211303e-06,5.174057475287248e-06,0.9429710814815402
84.0,-0.001869678288026686,-0.000430582159643875,3.4417238563208237e-15,-3.359238032904364e-16,5.772973291320513,-2.3818949577168773e-06,5.161510927873908e-06,0.9406844753818351
85.0,-0.0060379640092597655,0.0010785150746501074,5.440149756306021e-15,1.517170124661928e-16,5.753140310493726,-2.4071498053948676e-06,5.710564798603555e-06,1.0407494485187672
86.0,0.00790093061385863,-0.0006634663254660905,-1.851545195185659e-15,4.179694708852868e-16,5.732632595326901,-2.432314629330204e-06,5.092103280775535e-06,0.9280349436825747
87.0,-0.003417789894205264,-0.00023561731334411777,1.209244862948711e-15,-2.6365629980854864e-16,5.707900301651948,-2.457370884679381e-06,5.193773764778024e-06,0.9465643718368794
88.0,-0.0047981439888649825,0.0010328394168198933,3.286683653513305e-15,4.455534136220548e-16,5.687829148645838,-2.4823390326846488e-06,5.691801974443055e-06,1.0373299270552387
89.0,0.008048712085875324,-0.0008010133678948588,-5.685312772368132e-15,7.95099975528408e-16,5.666110900242708,-2.5072118430089893e-06,5.063853205488503e-06,0.922886372339372
90.0,-0.004807782291953516,-3.914295181266985e-05,-1.1183275416973134e-14,1.14026010925738e-15,5.640858940864495,-2.5319738035446494e-06,5.284598749603651e-06,0.9631172096388623
91.0,-0.003462857772321461,0.000957744122314567,-1.2703459495342874e-14,1.5184537008615313e-15,5.62047615490541,-2.5566462887456452e-06,5.704362742886121e-06,1.0396191249351558
92.0,0.007939230610919059,-0.0009074425951633944,-1.1104519395541197e-14,1.7600561155941891e-15,5.597557662794026,-2.5812181674958953e-06,5.0844904159300784e-06,0.9266475003789816
93.0,-0.006003673095907104,0.0001510591206074021,-8.653852585731537e-15,1.506008975826459e-15,5.571867812655889,-2.6056772742265015e-06,5.421063959417192e-06,0.9879879705643264
94.0,-0.0020947972381718796,0.0008595163535640486,-8.20131668738593e-15,1.3789982958303416e-15,5.551095662449212,-2.630045196410738e-06,5.738601379048162e-06,1.0458591104638015
95.0,0.007606443303057689,-0.0009822770020961355,-8.383485629135757e-15,1.3938897885923928e-15,5.52700792044697,-2.65430737942952e-06,5.1376334571742e-06,0.9363328104696673
96.0,-0.006983585889394955,0.00032868349312202414,-1.049402943916423e-14,1.4549883377145257e-15,5.5009451100070175,-2.678455153226173e-06,5.5804560100271445e-06,1.0170371442662252
97.0,-0.0007486092099005952,0.0007445498477699046,-1.3538192944800672e-14,1.92127612769877e-15,5.479706190310219,-2.7025096934750875e-06,5.777923814632009e-06,1.0530256175592663
98.0,0.0070895202968658385,-0.001026593123923132,-8.960473334760303e-15,1.8124146133965642e-15,5.454496806305221,-2.7264535708305658e-06,5.201894646186172e-06,0.9480444010713054
99.0,-0.00773921478777027,0.0004889618418365947,-5.650111281104952e-15,1.1669982107334536e-15,5.428109115976307,-2.7502816128224228e-06,5.737536925091659e-06,1.045665113914025
100.0,0.0005301001165510841,0.0006191407423521441,-1.1450982687702548e-14,1.3701201929615385e-15,5.406330507994075,-2.7740140521698896e-06,5.805005465781239e-06,1.057961243805103
101.0,0.006431318222596871,-0.001042869521066076,-1.5664935114133725e-14,1.7022934225902181e-15,5.3800593839829425,-2.7976311678507288e-06,5.257337938819275e-06,0.958148931580455
102.0,-0.00827512243337626,0.0006286869417659968,-1.5969296966218986e-14,2.3368186988243916e-15,5.353378438029684,-2.82113116084907e-06,5.870842630072854e-06,1.0699600556293367
103.0,0.0017054945517821834,0.0004893007170742809,-5.117894030883902e-15,2.0683727143704287e-15,5.3309954169751785,-2.844532897980737e-06,5.806732903153889e-06,1.0582760689679969
104.0,0.005676760857070868,-0.0010348002110587846,-2.6227207920223128e-15,1.151809725332159e-15,5.303730321990709,-2.8678149481616955e-06,5.289983494413344e-06,0.9640985784506604
105.0,-0.008607579107799745,0.0007461974581292288,-1.3168298680533195e-14,1.2811694261962344e-15,5.276772134979926,-2.8909786586412237e-06,5.966563772771421e-06,1.0874052173582573
106.0,0.0027520072439433567,0.0003605556552341282,-1.7559094774427223e-14,1.2161537100652135e-15,5.253731274939383,-2.914041225505389e-06,5.776800086251529e-06,1.0528208182559546
107.0,0.004870883326554821,-0.001007031442768386,-2.1841037296619593e-14,1.8673076436679488e-15,5.225543495190478,-2.9369800550634014e-06,5.293569679407393e-06,0.9647521600466096
108.0,-0.008762677112846253,0.0008412911713353051,-1.8828169278130982e-14,2.6513665375014726e-15,5.1983098605900455,-2.9597993357739266e-06,6.019601587276159e-06,1.0970713498938596
109.0,0.003654367874263678,0.00023774671737928393,-9.733516168911913e-15,2.333258903636839e-15,5.174571318140989,-2.9825144102177364e-06,5.715844754628337e-06,1.041711719592609
110.0,0.004056685273214232,-0.0009648201509485888,-5.832618097979698e-15,2.2138791194300505e-15,5.145531659965227,-3.0051020078220688e-06,5.2688032188775235e-06,0.9602384768913941
111.0,-0.008773708264529455,0.0009150407836442346,-6.477211438630281e-15,1.428913104822013e-15,5.118012071829055,-3.0275688013143803e-06,6.0322811617686794e-06,1.0993822001557758
112.0,0.004406903438168194,0.0001248770188304948,-1.5487880389077184e-14,1.510854482987287e-15,5.093550872138223,-3.049928216255349e-06,5.629752215150585e-06,1.026021369138139
113.0,0.0032731723164616936,-0.0009136524124248688,-2.472810864568621e-14,2.8701635712270777e-15,5.0637263270159085,-3.072156708899367e-06,5.22102289640106e-06,0.9515305213701488
114.0,-0.008678074846903075,0.000969513615785846,-9.6420869921686e-15,2.805857050914187e-15,5.0359002794622265,-3.094263052151136e-06,6.011737308056064e-06,1.0956380863638997
115.0,0.005012030356281726,2.50454983831559e-05,-6.3910075758981695e-15,2.020169717749325e-15,5.010706557596602,-3.1162588012623457e-06,5.5271267075365085e-06,1.0073178880955234
116.0,0.0025539773056910318,-0.0008588797103218917,-9.989539043159946e-15,1.5691399984391236e-15,4.98015788435635,-3.138120449335199e-06,5.157416195465167e-06,0.9399382111073677
117.0,-0.00851415876297988,0.0010074237931434538,-1.9908761979018682e-14,1.696212986237819e-15,4.9519972817973,-3.159858479402969e-06,5.96706071562165e-06,1.0874957851069058
118.0,0.005478068314527973,-5.951159382200859e-05,-2.4982587750578062e-14,2.656020090843907e-15,4.9260755847462505,-3.1814827197011087e-06,5.416883227268711e-06,0.9872260328521406
119.0,0.0019267958768878102,-0.0008054246186814492,-1.9509629804956518e-14,3.12388580618998e-15,4.894855946887188,-3.2029699135939565e-06,5.084701882561074e-06,0.9266860401359672
120.0,-0.008318546987834801,0.0010317589796300893,-1.3928774830260502e-14,2.635684639713303e-15,4.866327323698244,-3.2243318739631613e-06,5.906991951604779e-06,1.0765482632367311
121.0,0.005816644512881924,-0.00012727793956680695,-1.053685908480429e-14,2.4186390836641997e-15,4.8396951928102885,-3.2455769259358002e-06,5.306563201764798e-06,0.9671202272526926
122.0,0.001413650004249477,-0.0007575830905363659,-1.6999301725658073e-14,2.3002487287068808e-15,4.807849859595613,-3.26668218485696e-06,5.007734420501263e-06,0.9126587334653161
123.0,-0.008123846696366451,0.0010454200832044145,-2.0990274148147812e-14,2.7118387323334053e-15,4.778916150368456,-3.2876604320280393e-06,5.838502630410897e-06,1.0640660962749995
124.0,0.006039978926412355,-0.0001772401771627053,-1.8449524816177003e-14,3.073666057131302e-15,4.751602244247865,-3.308518777979726e-06,5.201550215156558e-06,0.94798162857563
125.0,0.0010318018830480764,-0.0007189206122403869,-1.7587266872667434e-14,3.035310518307946e-15,4.719169268333459,-3.329234751275393e-06,4.929049247002841e-06,0.8983183741815702
126.0,-0.00795710869599473,0.0010508970275099148,-1.1015798638443218e-14,2.6538971647459766e-15,4.689790961316469,-3.349821761147832e-06,5.766225234698663e-06,1.050893553386374
127.0,0.006158273400527064,-0.00020863364330172196,-1.3719441020730526e-14,2.6678118477901615e-15,4.661832943039262,-3.3702860423095386e-06,5.105048462829269e-06,0.9303942008766605
128.0,0.0007950221838433507,-0.000692234607834101,-1.6538627436760977e-14,2.5687643692333404e-15,4.628844685612467,-3.390605513268206e-06,4.84911185451615e-06,0.8837497982034296
129.0,-0.007838691728448463,0.001049985535915416,-2.201624656079802e-14,2.9515766811349692e-15,4.5989803010833,-3.410793887044886e-06,5.692495934013622e-06,1.0374564010671505
130.0,0.006177331024112772,-0.0002206891787248116,-2.378598892701193e-14,3.937827643014646e-15,4.57042262000455,-3.430856899741051e-06,5.018559411204194e-06,0.9146315861518053
131.0,0.0007148630104434365,-0.0006795400214863108,-1.0341967139021228e-14,3.3299385022868996e-15,4.53690800082352,-3.450772791637666e-06,4.7669826771482714e-06,0.8687817698091415
132.0,-0.00778128326444187,0.0010435366124686173,-8.311933589953109e-15,2.3344413957412984e-15,4.506513944830669,-3.4705552612269863e-06,5.617753382201886e-06,1.0238345839050425
133.0,0.006096468032919158,-0.00021241852512361134,-2.1825712815728813e-14,2.8993831812359747e-15,4.477405517357564,-3.4902099520968067e-06,4.942617678807988e-06,0.9007912185352364
134.0,0.0008015584973988788,-0.0006820279470950336,-2.599814401223863e-14,3.531943660842611e-15,4.4433928978716635,-3.5097153360702387e-06,4.681195421226047e-06,0.8531470572299539
135.0,-0.007788750962145555,0.0010312268053380088,-2.0276530331557882e-14,3.758853237860894e-15,4.412422850612285,-3.529084769278714e-06,5.541123837512168e-06,1.0098688626167434
136.0,0.00590679300726703,-0.00018247931346710244,-1.5935875313483252e-14,3.619818861344797e-15,4.3828145068745465,-3.548324229260267e-06,4.877646704720688e-06,0.8889502697261764
137.0,0.001064134905163354,-0.0006999456920545224,-1.636873112808461e-14,3.344929606045524e-15,4.34833513691274,-3.56741233342753e-06,4.590774910273724e-06,0.8366679347215413
138.0,-0.00785453044216797,0.001011346356150476,-2.0226943783132936e-14,2.954176111462237e-15,4.316739259927503,-3.5863617395937967e-06,5.461142943835924e-06,0.9952923585543177
139.0,0.005590048218707669,-0.00012917277834532424,-2.661472214867421e-14,3.287155667710102e-15,4.286680691157062,-3.6051791961578032e-06,4.824891537947729e-06,0.879335649690887
140.0,0.001509239861187703,-0.0007323502926858478,-3.618984948452405e-14,4.486659436602564e-15,4.251772624789683,-3.6238434150374736e-06,4.496409279984019e-06,0.8194698148950834
141.0,-0.007959377065280557,0.000980627124868529,-3.4053144305457614e-14,4.632490154335006e-15,4.219497034743899,-3.6423659521457407e-06,5.376650215768073e-06,0.9798935734530672
142.0,0.005118457126017288,-5.064824716546622e-05,-2.1966436881947036e-14,5.0014273277061426e-15,4.189032873566538,-3.66075475920248e-06,4.787415187730218e-06,0.8725055913346786
143.0,0.0021381280299327585,-0.0007767017931398509,-7.932655369884895e-15,3.4806696920193197e-15,4.153745142380329,-3.678988661941244e-06,4.401765418686548e-06,0.8022209875155015
144.0,-0.008068578710402792,0.0009341761826102791,-1.8140144177799808e-14,2.371201112501829e-15,4.120732315315463,-3.6970776466224e-06,5.287870134568167e-06,0.9637134189837846
145.0,0.0044563911233522855,5.4590262282648316e-05,-3.348933619524557e-14,2.1053550065811483e-15,4.089896958894881,-3.7150312717977086e-06,4.771038805925872e-06,0.8695209985784992
146.0,0.0029412848130334255,-0.0008283015460198737,-4.646803204165021e-14,2.529534110070912e-15,4.0542935352435014,-3.7328286068440436e-06,4.314716381080756e-06,0.7863563154423518
147.0,-0.008129225590714283,0.0008656423007729355,-3.403167624621699e-14,1.056064279986887e-15,4.020484549673345,-3.750477528895972e-06,5.197463863497392e-06,0.9472368916913255
148.0,0.003565040335261642,0.00018678302285456865,-2.3491028599010475e-14,-9.660870402549966e-16,3.989295488147995,-3.76798953876507e-06,4.7847880263478585e-06,0.872026791626368
149.0,0.003890564137149281,-0.0008796635031253352,-1.2331037276040179e-14,-2.558575211345686e-15,3.953458163899296,-3.785344231740047e-06,4.247791047515251e-06,0.7741591849558426
150.0,-0.008068874958363398,0.0007677988630837854,-5.909241745839976e-15,-2.6309569683340427e-15,3.918797854316136,-3.802546774621031e-06,5.1108189141513445e-06,0.9314458646337416
151.0,0.002411291713176449,0.0003435991518385412,2.4014928354304657e-14,-1.4020918850253833e-15,3.8872477139104777,-3.8196108202731695e-06,4.839848137708564e-06,0.8820614874147861
152.0,0.00492973198417167,-0.0009200362827400454,1.9629726239419373e-14,1.640074934892219e-15,3.851276559734616,-3.836516961551265e-06,4.216608466843891e-06,0.7684761650126934
153.0,-0.007797656762594472,0.000633716655218354,-1.951634909814331e-15,2.8432585886769377e-15,3.8157225019317784,-3.85326702940412e-06,5.034216289873633e-06,0.9174850495858826
154.0,0.0009810796957767766,0.0005185680913311212,-3.852708454788204e-14,2.1660087753298954e-15,3.783770787333984,-3.869876837217819e-06,4.945448661014465e-06,0.9013071645535493
155.0,0.005965874238405234,-0.0009354127762589657,-3.600603526417094e-14,4.012209043143275e-16,3.7477806314692166,-3.886328657244812e-06,4.235013383255406e-06,0.7718304578507683
156.0,-0.007215797432829269,0.0004585412674827625,-1.2060734479169343e-14,-2.173613339669356e-15,3.7113161458997563,-3.902620407296275e-06,4.969633741507744e-06,0.9057148912974814
157.0,-0.0007046912191534641,0.0006996607703789705,1.7519585490201435e-14,-2.713869881919052e-15,3.678882517518023,-3.9187697818275495e-06,5.100392273011622e-06,0.9295456110863651
158.0,0.006865228828849986,-0.0009093331407707195,4.286609385058299e-14,-2.204992414396049e-15,3.6429942517420084,-3.934761615844134e-06,4.307136706248987e-06,0.7849749210130226
159.0,-0.006227008918579917,0.00024160172394852128,3.5569712808966945e-14,1.5508404652053751e-16,3.605644319130147,-3.950589492994035e-06,4.907364260842874e-06,0.8943662891982003
160.0,-0.00257555817500095,0.0008685121680149192,4.149246127938834e-15,2.0114586466805837e-15,3.5726056093736416,-3.966272338467783e-06,5.281953727813683e-06,0.9626351548743487
161.0,0.007455959682661634,-0.0008245355774470939,-3.7271951040387436e-14,2.830546321009597e-15,3.5369319957825898,-3.9817985856962695e-06,4.4202453877085524e-06,0.805588958678879
162.0,-0.004756347396053778,-1.1545428669854264e-05,-4.655790018856024e-14,1.781541634831005e-15,3.498779829607988,-3.997157354453291e-06,4.822860899895489e-06,0.8789655662564906
163.0,-0.00450083079520478,0.0010005137425174338,-2.7052142550277354e-14,-1.6193309285226825e-15,3.4649726702734616,-4.012367718232624e-06,5.440448934433754e-06,0.9915208789139471
164.0,0.007537727316898858,-0.0006653680495594855,-1.2617965964324945e-14,-3.2436419485085394e-15,3.4295986176924136,-4.027422798764639e-06,4.546075975078116e-06,0.8285215615001779
165.0,-0.0027729554426300616,-0.0002870705858366393,1.0423372351107281e-14,-4.135850159466462e-15,3.3908004126995297,-4.042307564876287e-06,4.6882387322803295e-06,0.8544306994534486
166.0,-0.006280406815788049,0.0010657191450679673,4.298871512913618e-14,-3.543945668198236e-15,3.35603150160517,-4.057039704160458e-06,5.512518583515222e-06,1.0046555600149865
167.0,0.006899800261014029,-0.0004215420692740445,7.942080700057283e-14,-4.636744588938937e-15,3.320987464517368,-4.071618008882823e-06,4.657356179337393e-06,0.8488023595119996
168.0,-0.0003255290311593831,-0.0005599981940564099,8.666418715181516e-14,-5.4151803967012855e-15,3.2817823375829303,-4.086024212899228e-06,4.502059903220943e-06,0.8204996400043362
169.0,-0.007634910465048652,0.0010312733228186243,9.617051520124957e-14,-7.79050854170839e-15,3.245851237934963,-4.1002726883709525e-06,5.457737375738291e-06,0.9946716943565538
170.0,0.005362972861774598,-9.5151752386916e-05,8.261199351000052e-14,-1.1955112099447505e-14,3.2110777141087232,-4.114368516766461e-06,4.7562774101807125e-06,0.8668307367527514
171.0,0.0023993454439726765,-0.0007904733266852176,2.117775597804276e-14,-1.036071409790894e-14,3.1717852135960705,-4.1282918609078445e-06,4.317561425557885e-06,0.786874824307063
172.0,-0.008212265315286366,0.0008683582223438274,-2.5749143540165276e-14,-7.509046494715325e-15,3.134529540872714,-4.14205166195989e-06,5.296711396468267e-06,0.9653247374384827
173.0,0.0028729419301913132,0.0002880129096888044,-5.544364675968736e-14,-5.592164795598774e-15,3.0998379493350106,-4.155659175597984e-06,4.892577062272744e-06,0.8916713248120569
174.0,0.005013978502687006,-0.0009236147716731979,-8.805759012494306e-14,-5.5216116230778646e-15,3.0608268465955404,-4.169095440247827e-06,4.229337293309775e-06,0.7707959914382512
175.0,-0.0076557154661488795,0.0005668634849194349,-1.3726478717982632e-13,-2.4061088408404258e-15,3.0221967720839364,-4.182362128528082e-06,5.09801427014324e-06,0.9291122204742054
176.0,-0.0003663110750001672,0.0006689307236467587,-1.4731286707218017e-13,2.0548167392083508e-15,2.9872499754791337,-4.195475409107942e-06,5.123871893326933e-06,0.9338247678346724
177.0,0.006936099565189448,-0.000901231895737362,-1.2285909346809186e-13,4.2398933080606854e-15,2.9488644388602863,-4.208420186778429e-06,4.30063906026609e-06,0.7837907261545694
178.0,-0.005752535411549694,0.00015254892749685248,-1.1030254320515263e-13,3.596638632817663e-15,2.909007257572092,-4.221190001387356e-06,4.89142544121596e-06,0.8914614420733051
179.0,-0.0038260272083776056,0.0009602257993040061,-1.0203499603936837e-13,4.473832296262726e-15,2.873350143208545,-4.233803290178505e-06,5.3957944973054485e-06,0.9833826154576661
180.0,0.007525164685764797,-0.0006846333687851049,-7.730794682006455e-14,2.7799120232352356e-15,2.8358053677162545,-4.246251766791438e-06,4.489043703475043e-06,0.8181274398481154
181.0,-0.0025881820487146778,-0.0003072458934185683,-3.802355903004724e-14,-1.1816675072088876e-15,2.7951107255916137,-4.258521604099104e-06,4.634595089504381e-06,0.8446541548200248
182.0,-0.006730968056446725,0.0010679034170167731,2.3395422982881455e-15,-3.596735956397091e-15,2.7582559996997724,-4.2706296583737855e-06,5.514812247151054e-06,1.0050735798165766
183.0,0.006285480275954504,-0.0002764820691798212,4.8624547084651005e-14,-1.2905147756746554e-15,2.7215323866256345,-4.282576505167975e-06,4.690964965087732e-06,0.8549275549118669
184.0,0.0013550843590041661,-0.000709593777476049,-1.6461235205933574e-14,2.060609821343741e-15,2.680605496367641,-4.294343693145655e-06,4.354141711392332e-06,0.7935415750841787
185.0,-0.008198614383201854,0.0009202182739838608,7.791460907051635e-15,-2.3701027795236663e-15,2.6421635604203146,-4.3059421306350095e-06,5.376255831275524e-06,0.9798216969473974
186.0,0.0031133257982792354,0.0002566776474564276,2.9155628311077526e-14,8.9942581511163e-16,2.6059213351655592,-4.317381473816052e-06,4.8992102792438194e-06,0.892880227459697
187.0,0.005113585013239558,-0.0009253117154881759,-4.21206015214112e-14,-4.79041176386624e-16,2.5654700206543684,-4.3286432458392195e-06,4.219779028013993e-06,0.769053999238493
188.0,-0.007465520797727779,0.0005080113220275527,1.3915280550036076e-14,-1.908475785740259e-15,2.5253340618675386,-4.339728831037303e-06,5.09807401965436e-06,0.9291231098122903
189.0,-0.0013554139745822974,0.000765683715962852,-1.0477537421407844e-14,-7.948930599476288e-16,2.4889081850741297,-4.350654515742732e-06,5.217301617221331e-06,0.9508523188821858
190.0,0.0073449721719245934,-0.0008385079239091544,-2.3204307540875534e-14,2.9951780294768437e-16,2.4495203979212827,-4.361407297909507e-06,4.349171566848231e-06,0.7926357670991968
191.0,-0.004337697411362001,-7.242856762243902e-05,-1.7269168319431512e-14,1.1458945483050088e-15,2.4080534999996592,-4.37197805076113e-06,4.7660529968061705e-06,0.8686123357273188
192.0,-0.005682444436080489,0.0010523915847733267,2.076486208130632e-14,1.893432872039134e-15,2.3706129836707484,-4.382384449106199e-06,5.501442232848432e-06,1.0026368970184854
193.0,0.006872226627979342,-0.0004197418992886977,-5.889179969388969e-14,1.3914493998156523e-15,2.3324815031188852,-4.392623459784515e-06,4.621003188394087e-06,0.8421770331895481
194.0,0.000437159581007527,-0.0006287802002606604,-3.381096294859714e-14,-4.205845357216845e-15,2.2905195837110806,-4.402678268127111e-06,4.392430010020102e-06,0.8005196108979599
195.0,-0.008127603023274416,0.0009596420782748116,-6.090318043307984e-15,-5.754018648906166e-15,2.2513600499199162,-4.412561175906247e-06,5.429929705990374e-06,0.9896037513464658
196.0,0.0033580539130266605,0.00022322459696391656,4.4637592264581364e-14,-5.041878740402821e-15,2.2140815908598164,-4.422280440569724e-06,4.8943493825526175e-06,0.8919943298770424
197.0,0.005144346704441191,-0.000925183183820771,1.0127092071751061e-13,-4.8814299519731456e-15,2.172684613667462,-4.431817982852571e-06,4.210657787702168e-06,0.767391654766601
198.0,-0.007315912323138845,0.0004671174267625843,9.419550401060791e-14,-1.7413990360876493e-15,2.131587443457417,-4.441175118832488e-06,5.093318961237531e-06,0.9282565012368654
199.0,-0.0020562550078212353,0.0008280761535830036,3.3276755873076636e-14,4.519392426703341e-15,2.094186109231562,-4.4503680723054875e-06,5.277616539379006e-06,0.9618447030310187
200.0,0.007490612686260433,-0.0007740396058812429,-2.8372487755782242e-14,6.925908236252702e-15,2.054186051706542,-4.459385435525967e-06,4.392099989202273e-06,0.8004594646608942
201.0,-0.0031387714066090635,-0.0002360950875801776,-8.984170749269358e-14,8.942081068933206e-15,2.011734920537368,-4.4682164488933955e-06,4.653306376153894e-06,0.8480642835810749
202.0,-0.006801522514774758,0.0010690128646077854,-1.216211286626526e-13,1.1924907106368529e-14,1.9730405525212087,-4.476877603658825e-06,5.529919295982204e-06,1.0078268368575631
203.0,0.005829284686637992,-0.00018239099188056734,-1.2775580952623638e-13,1.4340124974356522e-14,1.9345355841693057,-4.485369731239432e-06,4.726670101621235e-06,0.8614348098799951
204.0,0.0026671471269337347,-0.0008055165227700749,-1.124261707864642e-13,1.569467127935348e-14,1.8919944276264822,-4.493675113778105e-06,4.259128637656084e-06,0.7762254588013805
205.0,-0.008195189659540482,0.0007604574461279713,-9.824802773298819e-14,1.6123797994289568e-14,1.8512266011909015,-4.501801535750683e-06,5.297782396814576e-06,0.9655199270666709
206.0,0.0005020541586266298,0.0005793351791992948,-9.994870866312546e-14,1.6501861394165883e-14,1.8133427648319784,-4.509761657152604e-06,5.092793304816646e-06,0.9281607004449226
207.0,0.00694866373043697,-0.0008944498796501619,-7.288844541013893e-14,1.517374319658178e-14,1.7720417539160713,-4.517540477441857e-06,4.2728082168134135e-06,0.7787185597407904
208.0,-0.004991129252834103,2.6223947244207222e-05,-6.058263948266673e-14,1.4047162446260211e-14,1.7294050415031608,-4.525132133222796e-06,4.82652532493781e-06,0.8796334070877279
209.0,-0.00553049277438707,0.0010479611277901908,-7.774907126537597e-14,1.2243921516422184e-14,1.6906676755075056,-4.532553741651355e-06,5.50322052101129e-06,1.0029609897291145
210.0,0.006723040414846161,-0.00038116980675148956,-1.0646869058975934e-13,1.1360445253909434e-14,1.6511808525775258,-4.539802012798957e-06,4.632451977394653e-06,0.8442635730080719
211.0,0.0012670306160229125,-0.0006995427295289844,-1.3481769795864326e-13,1.3711224875928218e-14,1.608005873238378,-4.546860756581005e-06,4.3182207946714086e-06,0.7869949942141514
212.0,-0.00828850876514693,0.0008684780794225033,-1.5682136610519184e-13,1.572361835230709e-14,1.5672043591122118,-4.553740391916418e-06,5.387168911224117e-06,0.9818106038836985
213.0,0.001555211379610856,0.00045873416120990586,-1.5842411682693912e-13,1.785747119095039e-14,1.5287831995431742,-4.560451367966613e-06,5.023858739725517e-06,0.9155973878597967
214.0,0.006583876605216808,-0.0009180172075003593,-1.483727246443895e-13,1.919462510477317e-14,1.4867536130132328,-4.566977844639338e-06,4.23725040966888e-06,0.7722381555283631
215.0,-0.005513758688763227,0.00011024552887833487,-1.0509409406676756e-13,1.7229443007602627e-14,1.4438401754251395,-4.57331594204941e-06,4.884810368518991e-06,0.890255846216488
216.0,-0.005176553950760384,0.0010343576770581132,-9.732683793533972e-14,1.540105475210751e-14,1.4047700571509372,-4.579482531407789e-06,5.489532149887306e-06,1.0004662864553
217.0,0.006831472458214992,-0.00041017487024739966,-1.0670724549775879e-13,1.3044801749868824e-14,1.3647507646544297,-4.585473446076931e-06,4.61553089308548e-06,0.8411797083144399
218.0,0.0011921099365399495,-0.0006927544381708832,-1.2498719488517362e-13,1.4149055922317253e-14,1.3211784597447427,-4.591273089220595e-06,4.314469295416148e-06,0.7863112841226407
219.0,-0.008297099518417343,0.0008604768533846749,-1.6106478914701175e-13,1.5819305239828342e-14,1.2799773939722552,-4.596891869985785e-06,5.3908935231813115e-06,0.9824894137697792
220.0,0.0012611083930197096,0.0004937854486612648,-1.817881643872397e-13,1.8854557812018532e-14,1.2411658135448635,-4.602340277615793e-06,5.046843386215968e-06,0.9197863357139888
221.0,0.0067922437681080285,-0.0009054760063619148,-1.7162663662052033e-13,2.1678648013476587e-14,1.1988795916630983,-4.607603059303296e-06,4.248943175023575e-06,0.7743691599953002
222.0,-0.005009669315032681,2.89246577114567e-05,-1.2149533237914911e-13,2.215064122355461e-14,1.155512811088363,-4.612675471665772e-06,4.830816347507398e-06,0.8804154452101168
223.0,-0.0058091593260200265,0.0010573026248664411,-8.13349098780226e-14,2.0208305123386285e-14,1.1159298737072672,-4.617574124828878e-06,5.51976036369243e-06,1.0059753732018655
224.0,0.006366750806684914,-0.00029554641479633296,-6.52115958694322e-14,1.6675700043770574e-14,1.0758138481019635,-4.622296678668583e-06,4.674014231319758e-06,0.8518382866094879
225.0,0.0022978578114296595,-0.0007783363292687127,-8.275385818721801e-14,1.5101264028326307e-14,1.0320292550907293,-4.626827029091118e-06,4.252811825383645e-06,0.7750742208554343
226.0,-0.008195158751080078,0.0007478096207139142,-1.1103455431715592e-13,1.5601187692201118e-14,0.9901270263595269,-4.63117343920508e-06,5.319702665343287e-06,0.9695148922211191
227.0,-0.00021621762911377447,0.0006560718978962722,-1.3576773567400326e-13,1.52128012078133e-14,0.9510386526069027,-4.63534826113036e-06,5.15262466285444e-06,0.9390649551164028
228.0,0.007308520390023598,-0.0008380769094707003,-1.512011448002694e-13,1.7290702657724342e-14,0.9089225057972916,-4.639338203700184e-06,4.315955788467066e-06,0.786582197224502
229.0,-0.003484943772928028,-0.00018984058256744387,-1.6223554258157793e-13,1.9724047791956175e-14,0.865030700517302,-4.64313547221778e-06,4.671650454597652e-06,0.8514074887100306
230.0,-0.007031211462259301,0.001067951833169529,-1.3931791072165106e-13,2.1694970894321516e-14,0.8247367987406183,-4.646755860580052e-06,5.547154546323433e-06,1.0109679582562914
231.0,0.005080901466179404,-4.398310533972161e-05,-1.0836491304926797e-13,2.3188671768170828e-14,0.784831225823354,-4.65020107345361e-06,4.7919016059545126e-06,0.8733232402813995
232.0,0.004208189010023812,-0.0008904434353243629,-8.318429759219146e-14,2.301055219760075e-14,0.741119817344202,-4.653454404171796e-06,4.1905459220544975e-06,0.7637262707249709
233.0,-0.007501555274268204,0.0005077905432026613,-4.512405138692932e-14,1.9778805284237378e-14,0.698316929335079,-4.656519840912344e-06,5.1640479632888734e-06,0.9411468496481501
234.0,-0.00262643507378576,0.0008753828635307613,-3.644300029031509e-14,1.6193903238743183e-14,0.6588949833023964,-4.6594122251652955e-06,5.330277623959983e-06,0.9714421766030644
235.0,0.0074640416051101974,-0.0006588091752665636,-8.488686964317494e-14,1.387777947688008e-14,0.6173350385397791,-4.662122171650725e-06,4.457754583875196e-06,0.8124250032036453
236.0,-0.0009426607849951469,-0.0004901700047965198,-1.5051511822831498e-13,1.3907043257654038e-14,0.5730675164763461,-4.664637794781178e-06,4.443809382141898e-06,0.8098834925956295
237.0,-0.008102476408060588,0.0009808657001787798,-1.977179961934319e-13,1.9095671830247008e-14,0.5318250228256834,-4.666972373675127e-06,5.49301195551783e-06,1.001100480430615
238.0,0.0026921973878610743,0.0003157197188375655,-1.9754248852269892e-13,2.4499635641617773e-14,0.4922056091047537,-4.669133033247695e-06,4.956338844381218e-06,0.9032918985917636
239.0,0.006222112055922975,-0.0009278839355532288,-1.6311638009553415e-13,2.6251069738806692e-14,0.4489729368947753,-4.671103912197429e-06,4.206667377686675e-06,0.76666440323029
240.0,-0.00570088659950633,0.0001410295608708946,-9.040586965802383e-14,2.1255795203004366e-14,0.4052722588800434,-4.672882956095848e-06,4.914549643503474e-06,0.8956758239474152
241.0,-0.00536724401434152,0.0010425820670010362,-8.152444761423808e-14,1.702175087919865e-14,0.36527672624162694,-4.674486429604867e-06,5.50449091087556e-06,1.0031925180625232
242.0,0.006525056286505429,-0.00033241349680826054,-1.1514876405989165e-13,1.5415741309895167e-14,0.32451294962498967,-4.675910960325483e-06,4.654917308341973e-06,0.8483578756941972
243.0,0.0022329365628295347,-0.00077299237417219,-1.6195682206717412e-13,1.8042504122082733e-14,0.2802602822899461,-4.677141232899665e-06,4.2462108711128886e-06,0.7738711980793567
244.0,-0.008174135249093198,0.000732222136963054,-1.8498789845711828e-13,2.1377266504886406e-14,0.23790081742661198,-4.678185558012964e-06,5.320718003579377e-06,0.969699937439331
245.0,-0.0006231270061718161,0.000697201875781917,-1.7150772328632918e-13,2.3109079578459077e-14,0.1983684822303426,-4.679056346057833e-06,5.184443958175035e-06,0.9448640161944355
246.0,0.007417995056266865,-0.0008021940371540841,-1.4456787521034643e-13,2.4231567240388028e-14,0.156019368549904,-4.6797412320809254e-06,4.344140049660213e-06,0.791718773960458
247.0,-0.002735115943584597,-0.0002855916489504769,-1.0701095573611728e-13,2.4973266608078837e-14,0.11171458853525021,-4.680231631195948e-06,4.596022170704895e-06,0.8376242470290931
248.0,-0.007520098395103972,0.0010505543140585812,-5.820697314377571e-14,2.2341721127990005e-14,0.07084513602398465,-4.680542623631809e-06,5.543076409107839e-06,1.0102247184529094
249.0,0.004181734713992165,0.00010297783686034875,-3.6970834677235245e-14,1.8772862396438966e-14,0.0308372210525987,-4.680677991322925e-06,4.85861660232767e-06,0.8854820368509216
250.0,0.00519670555021373,-0.0009235646070864128,-7.045737347538616e-14,1.3649374522596474e-14,-0.012888788660923871,-4.6806214127629e-06,4.1816450411742424e-06,0.7621040867214337
251.0,-0.006763484674329518,0.0003384119587576953,-1.195212904886193e-13,1.4109489203531124e-14,-0.056293725656650875,-4.6803742973806985e-06,5.054321282984465e-06,0.9211491811088606
252.0,-0.004072522143689961,0.0009769705800522098,-1.7936959769541468e-13,1.86531395266728e-14,-0.09610571621144536,-4.679952417312959e-06,5.431079133953462e-06,0.9898132343942703
253.0,0.007127557313243763,-0.0005001987482502654,-1.9649738611971705e-13,2.1644071588995304e-14,-0.137360976242676,-4.6793494369674976e-06,4.560561089957754e-06,0.831161471185889
254.0,0.000782274301742499,-0.0006564071054342908,-1.5896345173267856e-13,2.19783870340743e-14,-0.1817517521057044,-4.678551592213691e-06,4.321336474947525e-06,0.7875628264064981
255.0,-0.008312224472723414,0.0008622641205547959,-1.460347966289447e-13,2.1104034622485706e-14,-0.22365984398563069,-4.6775697814135565e-06,5.410724764605982e-06,0.9861036540952223
256.0,0.0008869841005436423,0.0005371671207390375,-1.441766947195665e-13,2.1316763541422827e-14,-0.2632204539530183,-4.676414309425816e-06,5.077411348764672e-06,0.9253573416104083
257.0,0.007057378728280228,-0.0008797083363236113,-1.3896750382819097e-13,2.1933932722120218e-14,-0.30599829556071345,-4.675071053407879e-06,4.270642620089979e-06,0.7783238801118718
258.0,-0.0041431187773607655,-9.963700601619425e-05,-1.1547396743540877e-13,2.1769392525708198e-14,-0.3500783203328319,-4.673534297101198e-06,4.737717991689447e-06,0.8634482859373194
259.0,-0.006700966085722628,0.001071300097744501,-1.0615371900332319e-13,1.949270791246927e-14,-0.3904894117734932,-4.671820146205865e-06,5.548221846396864e-06,1.0111624735103866
260.0,0.0054040290911730425,-0.00010138201861644337,-9.298647689590464e-14,1.7776379988628667e-14,-0.4307436896206378,-4.669929289094353e-06,4.766954454093351e-06,0.8687766261622555
261.0,0.003908393261647305,-0.0008761887482660008,-1.1044776604573575e-13,1.9086503599456824e-14,-0.47469270706117656,-4.667845506783532e-06,4.193100238891775e-06,0.7641917945275182
262.0,-0.007627701579236169,0.0005411776292900826,-1.1897252281978484e-13,2.05898835545495e-14,-0.5175258670720693,-4.665573697608552e-06,5.1889210215404124e-06,0.9456799602197339
263.0,-0.0023851060331600677,0.0008561164609250562,-1.2272335912871982e-13,2.224234870608547e-14,-0.5570117388732083,-4.663128555327834e-06,5.313409995520608e-06,0.968368054232473
264.0,0.007483611745179154,-0.0006785277948485233,-1.017209822854493e-13,2.1221104683533857e-14,-0.5986802657293588,-4.660500498631348e-06,4.443825511315435e-06,0.8098864321347214
265.0,-0.0011788276914008764,-0.0004651281470287903,-1.0423679710394435e-13,1.8778858028791877e-14,-0.6429279670808674,-4.657678205587855e-06,4.4627411554175e-06,0.8133338050062132
266.0,-0.008034276997866163,0.000994565143262835,-1.0415797945919886e-13,1.6782181134612336e-14,-0.6840317818861319,-4.65467547707332e-06,5.500776807867266e-06,1.002515623430565
267.0,0.0029991517431411413,0.00027434050553521154,-1.117075229121615e-13,1.80253924113206e-14,-0.7235743094870083,-4.6514991667482494e-06,4.935578520850137e-06,0.8995083332128491
268.0,0.005986868623962877,-0.00093113986023454,-1.2938257879102521e-13,2.0013829206615962e-14,-0.7667501140368946,-4.648133325435156e-06,4.200139048629334e-06,0.7654746163868172
269.0,-0.006075078602375089,0.00020679039045037723,-1.0082230387953701e-13,1.793483239158182e-14,-0.8101524909053627,-4.644576958538204e-06,4.957989166615979e-06,0.9035926695340923
270.0,-0.004828938177642202,0.0010186596957653924,-1.054975789011826e-13,1.5509362599381738e-14,-0.8497775547865488,-4.64084664751708e-06,5.475063611389225e-06,0.9978293978122654
271.0,0.006889863069788579,-0.0004266549656659635,-1.387519878968423e-13,1.3079628582259967e-14,-0.8904437106871742,-4.636937822238091e-06,4.6048296474608435e-06,0.8392294081471031
272.0,0.001262612414445707,-0.0006980162196806779,-1.739741757257865e-13,1.6239312860789056e-14,-0.9344492955296679,-4.632835823443039e-06,4.301493040930944e-06,0.7839463639832847
273.0,-0.008299048839792579,0.0008401276589475148,-2.0166438455850755e-13,1.9655250623266542e-14,-0.9760708192506048,-4.628551116564233e-06,5.383970925166447e-06,0.9812277714768751
274.0,0.0008565435388346901,0.0005404491997139374,-1.9229802925415548e-13,2.4060750009978804e-14,-1.0151621742261838,-4.624094808409925e-06,5.076929394731407e-06,0.9252695055710635
275.0,0.006986406251777357,-0.0008887645689925819,-1.3627501434414786e-13,2.5485246599989557e-14,-1.0575072885094352,-4.61945261579019e-06,4.267205598147104e-06,0.7776974834562435
276.0,-0.0045496962957248775,-4.0882654167531585e-05,-5.701292404234803e-14,2.230365839188038e-14,-1.1010656793787836,-4.6146192127241374e-06,4.7811442907309295e-06,0.871362721439336
277.0,-0.006206516679701582,0.001066501715708819,-2.1626331038212217e-14,1.7370322932230753e-14,-1.1407892188659257,-4.609611433250621e-06,5.532632050304219e-06,1.008321235864347
278.0,0.006075720699004106,-0.00023229733682444956,-1.5977814966586128e-14,1.3908892901083473e-14,-1.1806887509819053,-4.604428504805998e-06,4.704799444654274e-06,0.8574488864241097
279.0,0.0027165150232958454,-0.0008074812207871572,-3.509859816961679e-14,1.0698217685140396e-14,-1.2242646809259903,-4.599054288922903e-06,4.23889491481397e-06,0.7725378663071037
280.0,-0.008128108412919895,0.0007160814646206754,-9.05629872174813e-14,8.951441806336265e-15,-1.2660437988665476,-4.593496673156829e-06,5.289623043936391e-06,0.9640328864134736
281.0,-0.0003720869207806853,0.0006718689081573969,-1.418041293797668e-13,7.936412812631204e-15,-1.3047782579283753,-4.5877690227990875e-06,5.162434968050148e-06,0.9408528815444036
282.0,0.007299901593796833,-0.0008419203885781146,-1.4025171017476103e-13,5.442729349226386e-15,-1.346457245645524,-4.581858412105015e-06,4.319048812509333e-06,0.7871459003221416
283.0,-0.0037638121056699013,-0.000152546286549827,-1.1626263985338065e-13,8.122741517456819e-16,-1.3898423335581727,-4.575757351721278e-06,4.70208232445715e-06,0.856953691737341
284.0,-0.006666294457755764,0.0010703577142541206,-8.57689058565816e-14,-4.759771899403942e-15,-1.4294009242138253,-4.56948263901421e-06,5.537975672842248e-06,1.009295110149235
285.0,0.005745716781689228,-0.00016594763443151072,-9.827304861609085e-14,-8.238392966901252e-15,-1.4687729919690318,-4.563035092772714e-06,4.7348828760032606e-06,0.8629315865930433
286.0,0.003053460850184562,-0.0008296310530751615,-1.531019279004022e-13,-7.986334027994554e-15,-1.5119360701601519,-4.5563980714087285e-06,4.233140005648047e-06,0.7714890351052978
287.0,-0.00807896947556332,0.0006968408324585574,-2.3279391040460454e-13,-4.1563040337847986e-15,-1.5534278707221008,-4.549578911413227e-06,5.266324084832404e-06,0.959786655139736
288.0,-0.0003717563288327815,0.0006716851259110162,-2.697875648856144e-13,9.354009998483847e-16,-1.59175173919441,-4.542591519216098e-06,5.159970356509908e-06,0.9404037065167522
289.0,0.007258396353444335,-0.0008521661665259128,-2.557562547362293e-13,5.436938395798087e-15,-1.6330582942929837,-4.535422801568726e-06,4.314929812717702e-06,0.7863952133213328
290.0,-0.004095625985654887,-0.0001066232300343751,-2.1468075669063363e-13,7.20163410523403e-15,-1.6760120244607364,-4.528065527784349e-06,4.736499169870452e-06,0.8632261558712581
291.0,-0.006295038762004517,0.001067281420085318,-2.0182577165921205e-13,9.575072355264384e-15,-1.7150166871360808,-4.5205370332819935e-06,5.527955737744803e-06,1.0074689787078388
292.0,0.006212526186435757,-0.0002613750041214132,-2.0643095802208589e-13,1.2963685014053003e-14,-1.7541082251512756,-4.5128369367006355e-06,4.691031136767057e-06,0.8549396146889983
293.0,0.0021543497020384043,-0.0007692261605100373,-2.05078298147105e-13,1.8133615908633054e-14,-1.796959837147686,-4.504948732255517e-06,4.277307968168264e-06,0.7795386386482528
294.0,-0.008252679353130484,0.0008056402981716359,-1.743711786820053e-13,2.329052435905518e-14,-1.8376587164796359,-4.49688186990485e-06,5.3294900475082905e-06,0.9712986409307319
295.0,0.0010282789906116067,0.0005203340136214285,-7.318218868639573e-14,2.272089381692095e-14,-1.8755143548937565,-4.488648830765455e-06,5.0560230025543904e-06,0.9214593192066485
296.0,0.006705685157863078,-0.0009131776540721009,7.569663718596462e-15,1.6629799249580336e-14,-1.9167984814201375,-4.480234564631641e-06,4.255047490965737e-06,0.7754816705217447
297.0,-0.005565313754225901,0.00011932359989525716,8.792856079947987e-14,1.2151746859366597e-14,-1.9589869818642858,-4.471635101528003e-06,4.885381200048059e-06,0.8903598801640968
298.0,-0.004769603223626043,0.0010151379928731064,1.8208927835648955e-13,8.586671744158707e-15,-1.9970632201279508,-4.462868493257446e-06,5.463844764430649e-06,0.9957847648911908
299.0,0.007175941334131527,-0.0005140888190176128,2.7215348789391654e-13,6.251789966314364e-16,-2.0362324557843383,-4.453929941834667e-06,4.5660451662610155e-06,0.8321609431452388
300.0,-0.00024391487675900372,-0.000563444422024836,2.5824934676450435e-13,-7.090114461606624e-15,-2.0787487048427273,-4.444804754707584e-06,4.426833511766368e-06,0.8067896431508635
301.0,-0.008012909224944331,0.0009891795793414138,2.407088437062725e-13,-1.436061943746198e-14,-2.1180904529290685,-4.435506867141838e-06,5.45845511013498e-06,0.9948025013264212
302.0,0.00376377170618246,0.00016476195173894577,2.060950742709276e-13,-2.1290816662522422e-14,-2.155653105453926,-4.426044088922172e-06,4.8696009535842345e-06,0.8874839329707943
303.0,0.004815318503457956,-0.000916087127635021,1.1143765800318264e-13,-2.469559912067957e-14,-2.1971906448384453,-4.416398971288992e-06,4.2121528715233816e-06,0.7676641335348654
304.0,-0.007534764808114776,0.0005241322866508908,-2.436917526606309e-14,-1.867130448807569e-14,-2.2380178177974406,-4.406574632573316e-06,5.1237960398060735e-06,0.9338109435435932
305.0,-0.0014404493603276801,0.0007739123942744235,-1.279336733164303e-13,-1.4088200996131572e-14,-2.275058614621859,-4.396587694019779e-06,5.231040435283451e-06,0.9533562161017651
306.0,0.007389464340036368,-0.0008256105251835989,-2.484315884531321e-13,-5.342886880925407e-15,-2.314807528644064,-4.386426267670914e-06,4.359052603519932e-06,0.7944365843264843
307.0,-0.004076165311557669,-0.00010994817028191358,-2.984955891737324e-13,5.1574991761025365e-15,-2.3565267408101582,-4.3760817044104426e-06,4.742272036029608e-06,0.8642782597319801
308.0,-0.005911481942812439,0.0010588448929312463,-2.616070134576267e-13,1.4231414427799162e-14,-2.3940770999182415,-4.365572304461076e-06,5.5085533242896045e-06,1.0039328922057875
309.0,0.00676351893530977,-0.0003904882740726138,-2.1406631192644873e-13,2.1281430087642472e-14,-2.4319728435428996,-4.354896551671133e-06,4.636027167096207e-06,0.8449151507138625
310.0,0.0005860692863604794,-0.0006426054358201166,-7.940736250522523e-14,2.229835872347091e-14,-2.473597499657458,-4.344038077047012e-06,4.3877274968018905e-06,0.7996625786759102
311.0,-0.008107983034615313,0.0009603649368130603,6.60768994593542e-14,1.6122645485328906e-14,-2.512250853092805,-4.333009923864648e-06,5.415068717977543e-06,0.9868953388471313
312.0,0.003612647380777428,0.00018615588223439388,1.8073156988823208e-13,9.314636921934506e-15,-2.548820194138135,-4.32182124041743e-06,4.869496072288525e-06,0.8874648183727608
313.0,0.0047087358833713825,-0.0009134145484421084,2.658258603476016e-13,-1.2696994886005426e-15,-2.5894444847454716,-4.310454226490519e-06,4.22249287386426e-06,0.7695485971761121
314.0,-0.0076981741182926755,0.000574356078833828,2.3915659656884015e-13,-1.027716815731182e-14,-2.629252651331527,-4.298912464664336e-06,5.132465894348792e-06,0.9353910230370048
315.0,-0.0006321742511526591,0.0006966236086508985,1.9096122476667812e-13,-1.8036682968101023e-14,-2.6652703375241473,-4.287212594200189e-06,5.161229971950583e-06,0.9406332712133211
316.0,0.007110683590688533,-0.0008825790083526482,8.792468263650188e-14,-2.0615489930346715e-14,-2.7043539118408053,-4.275341156615686e-06,4.318863019561112e-06,0.7871120395894087
317.0,-0.005264959312607293,6.99085975405722e-05,-4.2628264113232376e-14,-1.5493165962459776e-14,-2.7449076353812814,-4.2632916983232715e-06,4.852515608619877e-06,0.8843701318011173
318.0,-0.004506481865719805,0.0010010049462213266,-1.7533954944766593e-13,-8.627721091365675e-15,-2.7810778870524118,-4.251083461668583e-06,5.443365021576504e-06,0.9920523352922009
319.0,0.0074259594911594146,-0.0006121452891556748,-2.511837255281098e-13,2.00235213138541e-15,-2.8185226454999754,-4.2387108518854995e-06,4.535433805979207e-06,0.8265820280194544
320.0,-0.0018183757909743187,-0.00039854904320743686,-2.307720721457404e-13,1.0792507366969637e-14,-2.8591891695869904,-4.226159726228305e-06,4.576359667366307e-06,0.8340407591907031
321.0,-0.007116863674565879,0.0010608081240249046,-1.7263417419281965e-13,1.914787133196001e-14,-2.8959681137848774,-4.213447150200818e-06,5.499003433994269e-06,1.0021924263484145
322.0,0.005959311854160204,-0.00020852605498621773,-4.51476456407003e-14,1.9378105483926797e-14,-2.9320116010851796,-4.200576352274954e-06,4.713886321908337e-06,0.8591049682346577
323.0,0.0017065333547814073,-0.0007381586263217533,7.95861955921036e-14,1.3052441157303433e-14,-2.9721719959782957,-4.187529260255608e-06,4.340657641927982e-06,0.7910841057525563
324.0,-0.008182454202557428,0.0009117621945807382,2.1950559246589375e-13,3.883059826127339e-15,-3.00973494101734,-4.174317276298277e-06,5.339045320866386e-06,0.9730400878503634
325.0,0.0033453883607531634,0.00022296501224877872,2.462983720005263e-13,-8.505685419916919e-15,-3.0447842372501395,-4.160951434692808e-06,4.865817444639385e-06,0.8867943891188831
326.0,0.004633076269775207,-0.0009116127203954256,2.0231877111801426e-13,-1.766019300932872e-14,-3.083970280066307,-4.147413576155887e-06,4.232999246863382e-06,0.7714633818410971
327.0,-0.007835706263810919,0.0006260031156769088,7.724361999946356e-14,-2.1899173374832043e-14,-3.122247049209877,-4.133707692171618e-06,5.1261976047567066e-06,0.9342486283411747
328.0,0.0003101200207077488,0.0005979245169164897,-9.923766987215085e-14,-1.4539002263259696e-14,-3.156737186975586,-4.119850405105092e-06,5.069943576491236e-06,0.9239963414030133
329.0,0.006582287971728986,-0.0009250138087052551,-2.4686686083183504e-13,-2.842686170751201e-15,-3.1946881670932012,-4.105826522723595e-06,4.283445890135203e-06,0.7806572738669103
330.0,-0.006458382093752353,0.0002839920305933408,-2.7611354481380995e-13,1.2992874966577517e-14,-3.2334353527687925,-4.091632549883778e-06,4.953483289426556e-06,0.9027714741943369
331.0,-0.002538962478542747,0.0008671343433649798,-1.766575015935857e-13,2.2659631470925984e-14,-3.2677299770999206,-4.077288032216804e-06,5.3031911061979245e-06,0.96650566341788
332.0,0.0074817918041423835,-0.0008142878762795145,2.1112172559018153e-14,2.0234275085723173e-14,-3.3043813259591803,-4.062782624291174e-06,4.427323565795725e-06,0.8068789554130977
333.0,-0.0045059295683174076,-4.983701497376836e-05,2.2477997304873552e-13,8.206112698837328e-15,-3.3432806504651182,-4.048106458055795e-06,4.8085083077006635e-06,0.8763498088072043
334.0,-0.004848504899403173,0.0010189309720382142,3.014725657329402e-13,-8.389448619160236e-15,-3.377625694569259,-4.033279525663059e-06,5.4667764335749705e-06,0.9963190610865406
335.0,0.00747805812655732,-0.000624891057499859,2.4174688303550875e-13,-2.2615242284346025e-14,-3.4130490487132765,-4.01829709360147e-06,4.571311155554726e-06,0.8331206687847543
336.0,-0.002359124405063456,-0.0003379539007573542,3.729103295989347e-14,-2.448439214789307e-14,-3.451790694470056,-4.00314459540042e-06,4.65895022846931e-06,0.8490928746910517
337.0,-0.006502476110851329,0.0010667850879765499,-2.077937658980367e-13,-1.2013882606268862e-14,-3.4863162362355644,-3.987840538702405e-06,5.503655146940726e-06,1.0030402002297085
338.0,0.006806521791650956,-0.0003969123883958099,-3.279545549221982e-13,7.070299088122965e-15,-3.520651747726868,-3.9723857576928215e-06,4.6661436686655575e-06,0.8504038779247473
339.0,-0.0002753501842514246,-0.0005652554602759724,-2.590260053799583e-13,2.3445587978344193e-14,-3.5589787841429694,-3.9567627305751295e-06,4.503103330702405e-06,0.8206898044826669
340.0,-0.007530114497868244,0.0010346355601060114,-2.3771771842353922e-14,2.4459772741246e-14,-3.593723588938469,-3.940987182450587e-06,5.430227489149072e-06,0.9896580222757213
341.0,0.005707920258606085,-0.00016062705297131767,2.2143808187018262e-13,1.191919250329902e-14,-3.6271308717792277,-3.925064984706194e-06,4.717137147579647e-06,0.8596974306519433
342.0,0.0015922070514454742,-0.0007303026898349618,3.3427038644066943e-13,-9.65181872041299e-15,-3.6648536860272674,-3.908977193237956e-06,4.3637429092824685e-06,0.795291391741845
343.0,-0.008030123042043038,0.000948196209886344,2.3980182466807045e-13,-2.538196417567297e-14,-3.6997915977928852,-3.892736033071544e-06,5.300693902478893e-06,0.9660505484712715
344.0,0.004394626835450625,6.285983944367371e-05,-1.476798257069818e-14,-2.3843594069396042e-14,-3.7324209795994854,-3.876351638076347e-06,4.754990106007317e-06,0.8665961257894252
345.0,0.003165416538657394,-0.0008392392672149817,-2.5726733265491184e-13,-7.795845774207567e-15,-3.7694165263315855,-3.859804841879883e-06,4.2658791073740944e-06,0.7774557307419039
346.0,-0.008128847011037907,0.0008311125772235658,-3.2439936743644925e-13,1.3938124504610578e-14,-3.804478749183619,-3.843104131290655e-06,5.167849990798015e-06,0.941839768505206
347.0,0.003037839129938298,0.00026034415311283505,-1.740519388336601e-13,2.6421014255347983e-14,-3.8364557449161047,-3.826263049684409e-06,4.80626068241087e-06,0.8759401794862303
348.0,0.004421441400542305,-0.0009023556230569744,9.823822181115089e-14,1.940379566252873e-14,-3.8726594694777354,-3.8092630427782688e-06,4.221947940370904e-06,0.7694492831410401
349.0,-0.007956947443930995,0.0007030939379644087,3.144229531926784e-13,-1.6231350689617037e-15,-3.907753394003596,-3.7921089823169414e-06,5.064050494269425e-06,0.9229223281856297
350.0,0.0017616959850287033,0.0004253987016165852,2.7998792928778634e-13,-2.150678001056015e-14,-3.939171439249694,-3.7748170044914952e-06,4.880848086881265e-06,0.8895337210721681
351.0,0.005377667536437728,-0.0009316810035774731,3.909892280540106e-14,-2.54203508726769e-14,-3.9745652377516087,-3.757369656739075e-06,4.229192941683294e-06,0.7707696833792497
352.0,-0.007633586140983717,0.0005789687687299007,-2.421973105546363e-13,-8.884849775829723e-15,-4.0095899958291525,-3.739768559054884e-06,5.000506536292726e-06,0.9113414528163281
353.0,0.0006439115648455194,0.0005569275796348036,-3.111143514045881e-13,1.2726219214843505e-14,-4.0405092306742665,-3.7220317336595315e-06,4.974570351951041e-06,0.906614587698382
354.0,0.006076374258385187,-0.0009390158160429706,-1.6714537535337175e-13,2.5392183422074238e-14,-4.075108012561525,-3.7041430282613898e-06,4.275224760853986e-06,0.779158974474927
355.0,-0.007256399769824633,0.00046864345204607346,1.1520418360834453e-13,1.7441904743091436e-14,-4.1099657869722925,-3.686101305948028e-06,4.975104380930063e-06,0.9067119143875995
356.0,-0.0002766731800821885,0.0006573422278487381,2.9913970256853813e-13,-3.523455683929517e-15,-4.140416256004479,-3.6679259136882324e-06,5.077433948658208e-06,0.925361460437103
357.0,0.0065699617824365375,-0.0009345552583165124,2.344349669098944e-13,-2.1330086743605665e-14,-4.1742555677223185,-3.6496019753098233e-06,4.345286550547442e-06,0.7919277235491926
358.0,-0.00689784138489921,0.00037784753777977064,-1.1813905049984942e-14,-2.05667639184719e-14,-4.208858125579949,-3.631126140353059e-06,4.98056590708498e-06,0.9077072765863071
359.0,-0.0009886102758607331,0.0007307575320096464,-2.4141430697786395e-13,-4.994810150735887e-15,-4.238845500002714,-3.6125186683194217e-06,5.180203902070717e-06,0.9440912667015418
360.0,0.006909470422598511,-0.0009262277154061317,-2.714722758250666e-13,1.495584793847519e-14,-4.271971831182479,-3.5937657799734885e-06,4.427112346400278e-06,0.8068404607147481
361.0,-0.006606686017217111,0.0003092626041725265,-8.552334994853335e-14,2.2894757675723613e-14,-4.306242862408982,-3.5748624503682287e-06,5.009537458843097e-06,0.9129873368917898
362.0,-0.001496427174359767,0.0007815875938350211,1.6924343947757693e-13,1.1382150350535812e-14,-4.335754931341331,-3.555829570158373e-06,5.277130104958417e-06,0.9617560504418575
363.0,0.007137594354249898,-0.0009196097840236566,2.751405853880803e-13,-8.878453307750326e-15,-4.368219134826344,-3.536654180211269e-06,4.512688375022772e-06,0.822436677155032
364.0,-0.006412183551928671,0.0002636248534870064,1.5732346048203116e-13,-2.1688396609267833e-14,-4.402093644948785,-3.517330089633355e-06,5.056641348228398e-06,0.9215720125989684
365.0,-0.0018117659273874534,0.0008136663295510217,-9.740208518522808e-14,-1.578315506891271e-14,-4.431106428340441,-3.4978786401895474e-06,5.36592819089361e-06,0.9779394862710374
366.0,0.007285573773825749,-0.0009181598561474129,-2.697026052570841e-13,3.2222003710340926e-15,-4.462959811531131,-3.4782873623568786e-06,4.597986153346581e-06,0.8379821825264251
367.0,-0.006328633847428667,0.00024057292391591864,-2.0978242060141257e-13,1.977297474206216e-14,-4.49638184900225,-3.458549370135221e-06,5.118682896428144e-06,0.9328790740458373
368.0,-0.0019477213558652066,0.0008298187521320546,3.0647789744618015e-14,1.8771693362664453e-14,-4.524864842947084,-3.438686344690894e-06,5.446637528060691e-06,0.9926487490338898
369.0,0.00737263803604513,-0.0009235522116299927,2.4753340357592067e-13,1.8143007952522708e-15,-4.556157127987382,-3.4186859539383115e-06,4.681859332750298e-06,0.8532680549906129
370.0,-0.006359147762193329,0.00023918718282702817,2.4137982776790403e-13,-1.733683812254037e-14,-4.5890768242718405,-3.3985410539489644e-06,5.194047638512616e-06,0.9466142852777198
371.0,-0.0019159511118449167,0.0008317426020498482,2.0823240406064346e-14,-2.0803613487570846e-14,-4.616997337225851,-3.3782735898878774e-06,5.520345604322699e-06,1.0060820332056801
372.0,0.007406821503942478,-0.000935987656817119,-2.2586729319393132e-13,-5.501715774078057e-15,-4.647775688860554,-3.3578710165577017e-06,4.764803017355965e-06,0.8683845271883491
373.0,-0.00649820913239355,0.00025826057670616455,-2.631106717187587e-13,1.559433383065015e-14,-4.680146244838545,-3.337326344579422e-06,5.2818497904111315e-06,0.9626162123006803
374.0,-0.0017258184394988703,0.0008200776989307262,-5.4841445386203626e-14,2.2215659037344118e-14,-4.707472990555653,-3.3166617150191307e-06,5.588131702346353e-06,1.0184360378660613
375.0,0.007386408788539014,-0.0009544359957926034,2.1112062863299482e-13,7.850998493042426e-15,-4.73778146756095,-3.295864038821905e-06,4.847826788230511e-06,0.8835155950947605
376.0,-0.006733139779592443,0.0002963698995475202,2.771814527635881e-13,-1.4841056066796657e-14,-4.769556462557672,-3.2749268783403925e-06,5.381046550701429e-06,0.9806948047355689
377.0,-0.001384895993698768,0.0007945830555616357,7.796768159163254e-14,-2.3425834193202373e-14,-4.796262614541797,-3.253872484528208e-06,5.650256381990641e-06,1.0297582500043436
378.0,0.007301659691924359,-0.0009768140706613948,-2.0833700588154674e-13,-9.413265722310793e-15,-4.826141587520278,-3.232686929494391e-06,4.931470531692623e-06,0.8987596528982068
379.0,-0.007044782978301368,0.0003518148487477253,-2.8956416967157115e-13,1.4902827618874936e-14,-4.857272835221749,-3.2113647160659764e-06,5.4895844663502304e-06,1.0004758211216347
380.0,-0.0009003204654866448,0.0007543788023532467,-7.9372279746449e-14,2.438532957763225e-14,-4.8833386934827105,-3.1899280800362606e-06,5.705545329407783e-06,1.039834651124535
381.0,0.007136722023155796,-0.0010001276405407426,2.222402961061827e-13,9.46336585215994e-15,-4.912823942395798,-3.168362011135129e-06,5.014958190958137e-06,0.9139752643837737
382.0,-0.007407792920244619,0.0004224835724041139,3.0303359166606655e-13,-1.6228538463459394e-14,-4.943260043013574,-3.14666233536131e-06,5.603642136440858e-06,1.021262811801643
383.0,-0.0002806123980773941,0.0006982322885208398,6.743622364057478e-14,-2.4896058307817002e-14,-4.968675367277163,-3.124851092667805e-06,5.750971913845556e-06,1.048113638294642
384.0,0.0068717664348475855,-0.0010206149643216568,-2.3470468880142943e-13,-8.287975531202515e-15,-4.9977967233898495,-3.1029120145013047e-06,5.0955613114266665e-06,0.9286651691716552
385.0,-0.007790925973820737,0.0005056969251460969,-2.9601984967736907e-13,1.769305801402297e-14,-5.027482425907749,-3.0808426235221763e-06,5.717111917307612e-06,1.0419426597721095
386.0,0.00046236772839058026,0.0006248756047000373,-3.9780370677475416e-14,2.4519272546459857e-14,-5.052248381804759,-3.058664516188149e-06,5.781548627943954e-06,1.0536862391594821
387.0,0.006485395399927629,-0.0010339292183393122,2.5825037059505074e-13,5.760044533295959e-15,-5.081027920125116,-3.0363600738757797e-06,5.168360278679916e-06,0.9419327683835725
388.0,-0.008157693970592204,0.0005980798320480207,2.8668967087707013e-13,-1.9699896686671025e-14,-5.10990437807577,-3.0139288711321218e-06,5.821557283342666e-06,1.0609778096977185
389.0,0.0013116476819014402,0.0005333385655776945,4.530600762922821e-15,-2.3804451686832952e-14,-5.134034949458672,-2.9913917412127356e-06,5.7907286778956146e-06,1.0553593016780796
390.0,0.0059573124306442,-0.0010353866928006382,-2.805845822693192e-13,-2.5818866039877266e-15,-5.162484872149681,-2.9687297232452164e-06,5.226671415130978e-06,0.9525599629333631
391.0,-0.008467648045760126,0.0006955028265255817,-2.6425681208786e-13,2.1425978261711975e-14,-5.190490826027486,-2.9459447661416625e-06,5.906918436500835e-06,1.076534865121731
392.0,0.002243870881023665,0.00042327206926535325,3.7487793188316244e-14,2.2036392009966427e-14,-5.214013492551348,-2.923056550412735e-06,5.771528840201834e-06,1.0518601345735685
393.0,0.005271120163677245,-0.0010202883711320932,2.968295390686916e-13,-9.870445151544128e-16,-5.24213395829355,-2.900044892869316e-06,5.2633681193826805e-06,0.9592479309469218
394.0,-0.008678400273708073,0.0007931245490168035,2.3660128018206495e-13,-2.3308666570540912e-14,-5.269207797237821,-2.8769143879413913e-06,5.963138561506985e-06,1.0867809731967353
395.0,0.003228782423086718,0.0002952286577333516,-8.361680205764345e-14,-1.992718740389864e-14,-5.292163283315876,-2.8536831141684556e-06,5.718448985904092e-06,1.0421863402929503
396.0,0.004416998825799713,-0.0009842972144273265,-3.110189736331863e-13,5.241073378665632e-15,-5.319940504297038,-2.8303299053397176e-06,5.273097229876276e-06,0.9610210596544823
397.0,-0.00874827503509876,0.000885543905783084,-1.9714346139821434e-13,2.483731415427166e-14,-5.346023059399001,-2.806862200614721e-06,5.9826007864084115e-06,1.090327960324534
398.0,0.004229593421390846,0.00015086736671574688,1.3938641610459128e-13,1.7023739978742674e-14,-5.36846403559499,-2.7832959856144676e-06,5.62995615976255e-06,1.026058538008455
399.0,0.0033939655476917913,-0.0009238301504756549,3.1940327762839043e-13,-9.814329774908863e-15,-5.395868952363758,-2.759609469880829e-06,5.254985976453483e-06,0.9577202868453961
400.0,-0.008639273539340204,0.0009670419415739212,1.4098922999888412e-13,-2.549643449330747e-14,-5.420906784521967,-2.7358130443234734e-06,5.962845081761756e-06,1.0867274865638414
401.0,0.0052041326718864096,-6.9370803606173235e-06,-1.920272696017297e-13,-1.273454498762257e-14,-5.442895526203103,-2.7119200936873234e-06,5.5108863518714455e-06,1.004358086079741
402.0,0.0022114807245150413,-0.0008364131541179241,-3.105928844470197e-13,1.448819248218791e-14,-5.469883269763607,-2.687908673603879e-06,5.214980589711938e-06,0.950429312019364
403.0,-0.008319925546081079,0.0010318685403484253,-7.651612840042404e-14,2.495461603530738e-14,-5.4938321755114226,-2.663792123811428e-06,5.908639705379378e-06,1.076848566077639
404.0,0.006106487243645754,-0.00017407734617145825,2.4085927965906313e-13,7.601432796826635e-15,-5.515437309759137,-2.639580732880913e-06,5.373775811831961e-06,0.979369713832026
405.0,0.0008903459953409024,-0.0007209579685366885,2.880752796920314e-13,-1.8554614822413172e-14,-5.541947497235883,-2.615252968854922e-06,5.166688784038265e-06,0.9416281387737437
406.0,-0.007767668879391125,0.001074521393980695,4.350374564925519e-15,-2.3330808720546576e-14,-5.564775990610818,-2.590824993450138e-06,5.832348138706874e-06,1.0629444412246196
407.0,0.00688874348531949,-0.0003452621801029812,-2.815995447592073e-13,-1.7021308555792996e-15,-5.586068534064883,-2.566303549102727e-06,5.238105035678612e-06,0.9546437383039591
408.0,-0.000536953447087917,-0.0005779487703947748,-2.473792874051241e-13,2.2299537157590192e-14,-5.612026287942294,-2.5416681567052323e-06,5.129749009767215e-06,0.934895871291129
409.0,-0.006970640685600305,0.0010899835591231162,7.770706025134483e-14,1.9897182982543128e-14,-5.633718909243756,-2.5169375391233796e-06,5.751834503022343e-06,1.0482708450231708
410.0,0.007502563113002335,-0.0005140967709629564,3.0745207279210763e-13,-5.2704701162017316e-15,-5.654767781369297,-2.492114522255114e-06,5.126878443867421e-06,0.9343727111515439
411.0,-0.002026215140145903,-0.0004095622714383555,1.83638623152948e-13,-2.4736731741635282e-14,-5.68008530021681,-2.4671803678084873e-06,5.125414158348977e-06,0.9341058453686414
412.0,-0.005929072136734235,0.0010739282292402525,-1.592057890701753e-13,-1.4997129063709365e-14,-5.700645687304186,-2.4421559584026433e-06,5.685888018982143e-06,1.036252109693633
413.0,0.00790066685807169,-0.0006731828303453463,-3.108754615174429e-13,1.2078994608712325e-14,-5.7215127955229415,-2.4170399476084963e-06,5.06082552469063e-06,0.9223345780367405
414.0,-0.003521699461170006,-0.0002197608723191718,-9.837517834335834e-14,2.50375205127913e-14,-5.74609139419701,-2.3918160429108197e-06,5.170081660960076e-06,0.9422464900069055
415.0,-0.0046566456887636755,0.0010229449368829632,2.3380050075631203e-13,7.866998194185211e-15,-5.765545035977889,-2.3665067415891355e-06,5.648138103757602e-06,1.0293721941621294
416.0,0.008038701883826608,-0.0008142770550344561,2.7936838456103913e-13,-1.7958572965052608e-14,-5.786279959600849,-2.3411064191364778e-06,5.051571218135111e-06,0.9206479822649115
417.0,-0.004956837082981664,-1.4373007098000308e-05,-2.2669992861323602e-15,-2.244255295826916e-14,-5.810012713604486,-2.3156019158269326e-06,5.26858949000457e-06,0.9601995248412023
418.0,-0.00318200520369422,0.0009348571025113417,-2.816309438365532e-13,1.3199789015004165e-16,-5.828409130054835,-2.2900166568482742e-06,5.641379618131732e-06,1.0281404613237828
419.0,0.007878159408332497,-0.0009285999966460679,-2.1874803564597705e-13,2.2160308443346753e-14,-5.8490435009834485,-2.264340818139832e-06,5.096083001732715e-06,0.9287602471398537
420.0,-0.006256231209003789,0.00019889111936258061,1.0107495767147718e-13,1.7410642349787047e-14,-5.871818843149324,-2.238565001373117e-06,5.4098216483784865e-06,0.9859390613186997
421.0,-0.0015500859058295922,0.0008091588752886195,2.963291806991073e-13,-7.974486233857478e-15,-5.8892326514117945,-2.2127127423415824e-06,5.654758901453611e-06,1.0305788333990331
422.0,0.007390719072056861,-0.0010073970682449621,1.3314852676030216e-13,-2.391649503854299e-14,-5.909774605670589,-2.18677030926634e-06,5.175153817895543e-06,0.9431708897325998
423.0,-0.007339831677379403,0.0004106056141908916,-1.9410295925043923e-13,-1.0395487983873867e-14,-5.931481249727108,-2.1607325894503503e-06,5.567145850447007e-06,1.014611369980972
424.0,0.00017765519788536817,0.0006475065727693899,-2.8100241672400385e-13,1.5448941689869326e-14,-5.948011362268202,-2.1346223065728337e-06,5.665957368813191e-06,1.0326197521417095
425.0,0.0065636172767797344,-0.0010427822931200945,-3.175957327721717e-14,2.2815345626507474e-14,-5.968440826759476,-2.108422343453566e-06,5.258034121090659e-06,0.958275810679207
426.0,-0.008129613753701604,0.0006100949660934092,2.6324429100295464e-13,1.874660304178279e-15,-5.988974115933332,-2.0821322443281478e-06,5.7050684388653186e-06,1.0397477379055142
427.0,0.0019251759252533114,0.0004541120865315495,2.274849694405726e-13,-2.1049113398237626e-14,-6.004740391522094,-2.0557729351944636e-06,5.649014647602028e-06,1.0295319441264257
428.0,0.005404772278332218,-0.0010287585781646562,-8.060463104264035e-14,-1.8420905811897796e-14,-6.025006223436622,-2.0293246641251325e-06,5.313119951534911e-06,0.9683151937661607
429.0,-0.008558005468522907,0.0007862223851369996,-2.973667936082408e-13,7.223156691721679e-15,-6.044275498555526,-2.0027918057553483e-06,5.791045258429053e-06,1.0554169984256359
430.0,0.0036064157734402207,0.0002358720681448131,-1.4224602556105244e-13,2.389241592398843e-14,-6.0594126097786525,-1.9761924992515724e-06,5.585842935730162e-06,1.0180189105454553
431.0,0.003946070780280687,-0.0009621838432004137,1.847774684627185e-13,1.1414392710044998e-14,-6.0794324588504445,-1.9495053106153336e-06,5.321289239982919e-06,0.9698040451752428
432.0,-0.008576274692030787,0.0009283736806371435,2.887032250999634e-13,-1.5418264326403047e-14,-6.0973685726341476,-1.922739386923613e-06,5.808278634491245e-06,1.058557778237333
433.0,0.005131842608271879,2.1494539890647965e-06,3.3311137283681175e-14,-2.341651814633304e-14,-6.1120175079426815,-1.8959091580681215e-06,5.4767214819286885e-06,0.998131544431823
434.0,0.0022437617245451816,-0.0008434297970289154,-2.6741059495105237e-13,-2.435953127882124e-15,-6.131680675896154,-1.8689926128211062e-06,5.285830999808879e-06,0.9633417870259958
435.0,-0.008160830159068233,0.0010274061098666945,-2.3889827928131695e-13,2.1773311911471396e-14,-6.148242628027669,-1.8420033647447218e-06,5.763444903819927e-06,1.050386838563796
436.0,0.006415417109037485,-0.0002357453173805351,8.540327612991967e-14,1.9354359128430754e-14,-6.162540794807873,-1.814951351290714e-06,5.3439717490504695e-06,0.9739379285362805
437.0,0.0003760161802639453,-0.0006765870977355799,3.093709192016435e-13,-7.372003295295232e-15,-6.181713588048049,-1.7878151740675801e-06,5.233114455263081e-06,0.9537342058849377
438.0,-0.007316187650090442,0.0010763509557528616,1.4700210474474788e-13,-2.5044560511776957e-14,-6.196893508299315,-1.7606123607895233e-06,5.684603236418625e-06,1.0360179582932716
439.0,0.007380376117613769,-0.0004652294433849543,-1.9797650278926366e-13,-1.1853409750178052e-14,-6.210964573930275,-1.733347779051113e-06,5.2252684019907505e-06,0.9523042640308108
440.0,-0.0015613492644358355,-0.00046924766238202873,-3.0031959500738294e-13,1.6265845175742903e-14,-6.229497122166746,-1.7060018440590814e-06,5.201999603221619e-06,0.948063529472893
441.0,-0.006074763399029922,0.0010707990894436332,-2.7015004515472643e-14,2.3989725954032175e-14,-6.24332329606831,-1.6785952156201656e-06,5.609037443358413e-06,1.0222461055557752
442.0,0.007963205271634782,-0.0006731401562407661,2.775436373948359e-13,2.090370641425699e-15,-6.257267664728403,-1.651127374888924e-06,5.158154661173331e-06,0.9400727963551718
443.0,-0.003459902335748652,-0.00023202998626203962,2.3883323148684487e-13,-2.2545373699468638e-14,-6.275001231969348,-1.6235816882308864e-06,5.225840752408063e-06,0.9524085747955399
444.0,-0.004494754821188313,0.0010090742294424887,-9.929650134721471e-14,-1.8615917394221048e-14,-6.287539181179308,-1.5959809631103046e-06,5.566088202281818e-06,1.0144186137854874
445.0,0.008116540691222302,-0.0008464194808025156,-3.080324681399262e-13,7.966918654129396e-15,-6.301425613585756,-1.5683192800230665e-06,5.16239650879319e-06,0.9408458723514637
446.0,-0.005204148749746752,2.1992984679744242e-05,-1.3555913103849196e-13,2.4881388861642578e-14,-6.318200005455971,-1.5405839615491163e-06,5.315391166259524e-06,0.9687291222575573
447.0,-0.002657353857500353,0.0008923822121621182,2.088972070321678e-13,1.0114174599691221e-14,-6.329551547939616,-1.5127988126415483e-06,5.56314400402703e-06,1.0138820341619184
448.0,0.007812451817862371,-0.0009729039817555081,2.8500180686893045e-13,-1.6878778175861155e-14,-6.343410273388752,-1.4849528273939398e-06,5.228875071268593e-06,0.9529615788839445
449.0,-0.006678421171966307,0.00027794941640537724,5.3675101136574955e-15,-2.2594255216236366e-14,-6.359071584420035,-1.457038092906232e-06,5.451238449472152e-06,0.9934872661667008
450.0,-0.0006634283495083565,0.0007250359445096525,-2.81079225856927e-13,1.5431552491193253e-16,-6.369371431285747,-1.4290781446657454e-06,5.5821408028647375e-06,1.0173441974699682
451.0,0.007046880606212807,-0.0010423495332555477,-2.1132963217734806e-13,2.2658764796932565e-14,-6.383189345267147,-1.401057539237359e-06,5.3216445250387616e-06,0.969868795815324
452.0,-0.00777599682062723,0.0005200313953485649,1.2548090668682654e-13,1.599727352535853e-14,-6.397598443343021,-1.372973681470694e-06,5.590440244789954e-06,1.0188567693277981
453.0,0.001371338242368797,0.0005146574135884316,2.954272606193791e-13,-1.0429209335268754e-14,-6.407007705770495,-1.3448485193942879e-06,5.589334040779823e-06,1.0186551638379568
454.0,0.005844340460403066,-0.0010476538146774656,9.474100024231859e-14,-2.3945950306027366e-14,-6.420726607218708,-1.3166631347702493e-06,5.3939852250611274e-06,0.9830528759035404
455.0,-0.008410034898247721,0.0007326530038764292,-2.3168698746291407e-13,-6.378846584726472e-15,-6.433768250300223,-1.2884205005934938e-06,5.685515084890775e-06,1.0361841425198748
456.0,0.003323787790891651,0.0002721313696176312,-2.5538192210296567e-13,1.8799776533458597e-14,-6.442464611713219,-1.2601396915642257e-06,5.554524714809491e-06,1.0123111701902896
457.0,0.004260730545815354,-0.0009860050251766848,4.012327404697606e-14,2.040115076298348e-14,-6.455983375189101,-1.2317995385429892e-06,5.4117145058733915e-06,0.9862840342703119
458.0,-0.008524159626040436,0.000901791430116094,2.9166758054168987e-13,-4.485041774478574e-15,-6.467575087868952,-1.2034085008010165e-06,5.707220564409994e-06,1.04013996241443
459.0,0.005072665826902582,1.1146665216579957e-05,1.6483229365654235e-13,-2.365124509759457e-14,-6.475740240763334,-1.1749816200791256e-06,5.47013681950093e-06,0.9969314908413187
460.0,0.002382433383599436,-0.0008595905049845623,-1.714298920459867e-13,-1.2631132855456054e-14,-6.488921082518041,-1.146496878757142e-06,5.371663017989055e-06,0.9789846575189662
461.0,-0.008099789423846423,0.0010162179362549872,-2.9282312501745217e-13,1.4867097437020402e-14,-6.499020495714257,-1.1179678035360803e-06,5.6591236262315234e-06,1.0313743037361631
462.0,0.006508124786006627,-0.0002526523633715584,-3.627647356869077e-14,2.361889938142055e-14,-6.5068262501906835,-1.0894044630043058e-06,5.358976886736604e-06,0.9766726122886846
463.0,0.0003214529390045606,-0.0006756337272106437,2.7121505095767517e-13,2.0034068935174863e-15,-6.519504173368083,-1.0607854695592632e-06,5.304285143042113e-06,0.9667050514438291
464.0,-0.0071583406036543435,0.0010683294001578522,2.314263279579189e-13,-2.2328264973838578e-14,-6.528113748798203,-1.0321286822304763e-06,5.575265774586993e-06,1.0160912247534406
465.0,0.007539203802706738,-0.000502722641435386,-1.0313044825842925e-13,-1.8337293822638647e-14,-6.535708513052007,-1.0034385557853063e-06,5.2646721993282196e-06,0.9594855992918246
466.0,-0.0017921135056668735,-0.0004457961580172767,-3.094546507665465e-13,9.164180940294039e-15,-6.547702298264781,-9.746957796214984e-07,5.257599777425954e-06,0.9581966516213114
467.0,-0.005758534550713029,0.0010544851886343622,-1.191630956902069e-13,2.504891787145268e-14,-6.554870996004268,-9.459215346667887e-07,5.501506673170161e-06,1.0026486412559938
468.0,0.008098418771560856,-0.0007226875982209413,2.2389781477819827e-13,9.162009837107291e-15,-6.562368012745793,-9.171143796828379e-07,5.228817085660791e-06,0.9529510110169347
469.0,-0.0038186566106626013,-0.00018519330262534462,2.845467124941925e-13,-1.8755515661080033e-14,-6.573491247823503,-8.882583964777047e-07,5.2706337435918195e-06,0.9605720897045031
470.0,-0.003990700767697247,0.0009749972839427988,-2.1480254441120636e-14,-2.2553910143430985e-14,-6.579313209202967,-8.593768563176059e-07,5.470689492484745e-06,0.9970322153971903
471.0,0.008144426465042256,-0.0008973474541707691,-2.9909563544398394e-13,2.1591831945461868e-15,-6.58678135719254,-8.3046253285487e-07,5.267262259412245e-06,0.9599576372949201
472.0,-0.005618076503013778,8.872056079941373e-05,-1.99208999097709e-13,2.444327159703046e-14,-6.596852847835256,-8.015039980660853e-07,5.351115242378829e-06,0.9752398289619276
473.0,-0.001970007590040299,0.000834025041470456,1.5737773590878649e-13,1.514347666345145e-14,-6.601463182254583,-7.725252250617833e-07,5.485508737471351e-06,0.9997330202372031
474.0,0.007664543228113694,-0.0010137329102027155,3.0747262672958544e-13,-1.309332647605689e-14,-6.608920830330876,-7.435137148468383e-07,5.359215360334223e-06,0.9767160740606743
475.0,-0.0070597997361178215,0.000357328738849849,6.686906977531963e-14,-2.445978243832863e-14,-6.617774589260822,-7.144633388436306e-07,5.469959863094869e-06,0.9968992405668686
476.0,0.00017085412555831322,0.0006394968554603094,-2.589987907031109e-13,-4.470976619521982e-15,-6.621342053944816,-6.853973025623262e-07,5.51876185141125e-06,1.0057933945110307
477.0,0.006677866296585398,-0.001062295757479754,-2.4966955076333774e-13,2.110337896600406e-14,-6.6287545589529415,-6.562987272371626e-07,5.456332834819723e-06,0.9944157170166628
478.0,-0.008034207781859903,0.0006021709704036956,7.888358715047227e-14,1.914887962268891e-14,-6.636249720340347,-6.271672500272985e-07,5.5759246158741535e-06,1.0162112984642653
479.0,0.002290264195906151,0.0004029445423109942,3.0102756147385886e-13,-7.111111919534182e-15,-6.6389660512040765,-5.980238488040254e-07,5.531078755404478e-06,1.0080381481370722
480.0,0.005237759432873344,-0.0010381167528676417,1.382591723458284e-13,-2.4437064245421244e-14,-6.646247617030903,-5.68848483327164e-07,5.508052471222366e-06,1.0038416118207643
481.0,-0.00846428799763129,0.0008064150793346015,-2.0728105301047717e-13,-9.649011491605505e-15,-6.652278000693187,-5.396466459736211e-07,5.62290924217303e-06,1.0247742384945357
482.0,0.00424794475118423,0.00013903394048642463,-2.7577988013577645e-13,1.7083364215660866e-14,-6.654344226782361,-5.104357384041032e-07,5.496338386127093e-06,1.001706721834788
483.0,0.0034314626158386194,-0.0009417895728128434,6.715681496069384e-15,2.204882618134081e-14,-6.661364428755426,-4.81194013902974e-07,5.489528241978574e-06,1.0004655742396082
484.0,-0.008314744828553922,0.0009562796051567469,2.8787640860000546e-13,-2.0768463188534424e-15,-6.665866714132518,-4.519325254946108e-07,5.594907883465915e-06,1.0196709957050778
485.0,0.005915782982286321,-0.00013530821917614024,1.8951045271168672e-13,-2.335289064774776e-14,-6.667477683231826,-4.226639653346439e-07,5.419857126398224e-06,0.9877680254549999
486.0,0.0013755044999602354,-0.0007796390394393775,-1.5065197442208522e-13,-1.453983490130916e-14,-6.6740719595287565,-3.9336645795030256e-07,5.415816683129183e-06,0.9870316553668688
487.0,-0.007595875671257388,0.0010420916020125507,-2.985085941188981e-13,1.3339315269417892e-14,-6.677031210287197,-3.6405596019494437e-07,5.514130010920617e-06,1.0049492423813793
488.0,0.007187012156228311,-0.00040206707494830547,-5.82347204162506e-14,2.3949441427997167e-14,-6.67836017084593,-3.3473962863497345e-07,5.337651115185455e-06,0.9727859941057472
489.0,-0.000792507907349337,-0.0005631686861455932,2.6037938024152945e-13,3.558712106016535e-15,-6.684342585807584,-3.053970357689246e-07,5.333269327470314e-06,0.9719874140512533
490.0,-0.006361377903240106,0.001058773469400381,2.4151478144550006e-13,-2.167204815251354e-14,-6.685794336639681,-2.7604807007966056e-07,5.427416347416701e-06,0.9891456921803884
491.0,0.007982092930654196,-0.0006433887370476514,-8.902727605406717e-14,-1.9144482121352624e-14,-6.6869793767399335,-2.4669390236061646e-07,5.296210955307813e-06,0.9652335321233997
492.0,-0.0029239179002670626,-0.00030792929280031223,-3.1155132768140973e-13,8.390246794296685e-15,-6.6921556871179355,-2.173170119330905e-07,5.292711642127791e-06,0.9645957829005569
493.0,-0.004701565490320651,0.0010058087233966169,-1.291088370047222e-13,2.5226535708594872e-14,-6.692184522544564,-1.879399949252505e-07,5.379156828140161e-06,0.9803504031250707
494.0,0.008251439699267733,-0.000842736918205808,2.1805198315636146e-13,9.99694200193994e-15,-6.693318078250476,-1.5855800189125046e-07,5.324538128678691e-06,0.9703961545790709
495.0,-0.004869370247705495,-3.214206010571281e-05,2.8989477999867013e-13,-1.8475901044173655e-14,-6.697497799215789,-1.2915766092714295e-07,5.320205036904195e-06,0.9696064493513515
496.0,-0.0027345443735940183,0.0008869429954479737,-1.4989310115633263e-14,-2.2872670195744714e-14,-6.696232728217583,-9.976287330844981e-08,5.386801619398251e-06,0.9817436650118536
497.0,0.007976703123326113,-0.0009859625916670556,-2.974588958727082e-13,1.7186138607975281e-15,-6.697354748256581,-7.036316030229049e-08,5.415176325246326e-06,0.9869149502532869
498.0,-0.006489277791789889,0.00024469836556314915,-2.0258925187010862e-13,2.4422802501061705e-14,-6.700361996171814,-4.095024622959527e-08,5.402385102597191e-06,0.9845837521341054
499.0,-0.0005970560579120813,0.0007098607135887313,1.5541038558662137e-13,1.5433504641208254e-14,-6.697968792457057,-1.1547837722906906e-08,5.433005406114632e-06,0.9901642971630398
500.0,0.0071721926810456894,-0.001062394569646911,3.09580112331035e-13,-1.2994130169223148e-14,-6.6990639183297995,1.785937811258133e-08,5.525810966451712e-06,1.0070780945100046
501.0,-0.0076648736849288385,0.0005032304930021722,6.856788446601607e-14,-2.4680303575977697e-14,-6.700747430987894,4.7273984147760436e-08,5.494350855101009e-06,1.0013444946484653
502.0,0.0015649708246199326,0.00048585787707679094,-2.593454590799934e-13,-4.7771126990121785e-15,-6.697417909668719,7.66739744167287e-08,5.478396156590468e-06,0.998436753599771
503.0,0.005886254096330257,-0.0010659421917475487,-2.5317491994612546e-13,2.1280467756444623e-14,-6.6984170899259174,1.06078350837231e-07,5.601256189050875e-06,1.020827973301793
504.0,-0.008309403318562747,0.0007256909449234659,7.912092976970686e-14,1.933899361699888e-14,-6.69865955675093,1.3548379162647839e-07,5.545249097521039e-06,1.0106206905410633
505.0,0.0036067416546836464,0.00022933680955338208,3.0390705204438146e-13,-7.060692967230706e-15,-6.694598031975411,1.6487140333734244e-07,5.48713101562837e-06,1.0000286801512057
506.0,0.004200755032778547,-0.000995966186830993,1.3964853117811652e-13,-2.4613295793137505e-14,-6.695384793660462,1.9426246873531346e-07,5.603701641889966e-06,1.0212736566594682
507.0,-0.008377357012656298,0.0008973342078540526,-2.084087568558095e-13,-9.789842649529497e-15,-6.694110858544427,2.2364794187660887e-07,5.526932932881658e-06,1.0072825726981354
508.0,0.005395373917464417,-4.3032521802023374e-05,-2.785551294811193e-13,1.7137805880968835e-14,-6.689518773751322,2.5301325691368377e-07,5.450072815498047e-06,0.9932748295761867
509.0,0.0022269238829164557,-0.0008575754505065223,5.9577236572501944e-15,2.2037760776992486e-14,-6.689939610025138,2.823804193167916e-07,5.533709323808084e-06,1.0085175687744168
510.0,-0.007869033605545413,0.0010075416975756151,2.8598853444370995e-13,-1.907620877032759e-15,-6.687121421951972,3.1173521057880525e-07,5.449240555886412e-06,0.9931231504056701
511.0,0.00681938782183181,-0.00031345912818145436,1.903657927491605e-13,-2.3140794558422943e-14,-6.682181857262708,3.4106831838672423e-07,5.391485431269498e-06,0.9825972889166482
512.0,9.743742833631788e-05,-0.0006611634420473444,-1.4894430482543889e-13,-1.453094310274699e-14,-6.6820591999779975,3.704008877598276e-07,5.429463851313065e-06,0.9895188494119641
513.0,-0.0068289869118921195,0.0010503767228218414,-2.9736748084127795e-13,1.3090621816921037e-14,-6.6777186104728345,3.9971440303015073e-07,5.353314815474499e-06,0.9756407007788195
514.0,0.0077950272110782785,-0.0005642918563943865,-6.071208951242156e-14,2.4026475036642075e-14,-6.672582537207782,4.290053722228586e-07,5.354862525353277e-06,0.9759227706369882
515.0,-0.0020436865308027003,-0.00042129335654490796,2.5929833648746153e-13,3.747435001504081e-15,-6.671728267483854,4.582925913850458e-07,5.344727737725189e-06,0.9740757073417137
516.0,-0.0053392185697928715,0.0010245509826462558,2.4330237945233564e-13,-2.14348794264391e-14,-6.665935484718286,4.875543816790879e-07,5.287626045767071e-06,0.963668933841931
517.0,0.008268890063200808,-0.0007791782338430263,-8.441809966663408e-14,-1.9287118947006978e-14,-6.660711154971867,5.167932384716257e-07,5.376423331167383e-06,0.979852223773767
518.0,-0.004051478376072172,-0.00015526179527877842,-3.098641572397686e-13,8.002263875619965e-15,-6.658938992469592,5.460243159138191e-07,5.318749706809614e-06,0.9693412156929017
519.0,-0.0035096668821646506,0.000933010377999267,-1.3306078306998654e-13,2.494213074399454e-14,-6.651808095431287,5.752240905007386e-07,5.281290806993398e-06,0.9625143376693165
520.0,0.008218148548228662,-0.0009440441334356548,2.1198964793802098e-13,1.0299678550119028e-14,-6.6465542000502555,6.044008018004093e-07,5.462199758895153e-06,0.9954849629163851
521.0,-0.005789806341385966,0.00011834335407339748,2.9031490561124663e-13,-1.7976399302535425e-14,-6.64369035612271,6.335649415411989e-07,5.355580618320069e-06,0.9760536429561951
522.0,-0.0014684124163168095,0.000782431143544014,-6.591981079919567e-15,-2.2998064774854675e-14,-6.635372140093785,6.626925663931756e-07,5.329845956634277e-06,0.9713635053074893
523.0,0.007650304012119192,-0.0010479794304813017,-2.9280836966129596e-13,9.838600842366581e-16,-6.630094875093628,6.917970253711178e-07,5.582063662180101e-06,1.017330138593513
524.0,-0.007140872870388519,0.0003809837354200834,-2.1032543512547411e-13,2.3966411239430036e-14,-6.625987273010576,7.20883453002816e-07,5.423688599886259e-06,0.9884663108366247
525.0,0.000647571382667797,0.0005827683981291577,1.4297996905448087e-13,1.619097669367864e-14,-6.616659628485309,7.499289346069594e-07,5.400528387218616e-06,0.9842453660769538
526.0,0.0066032866688978085,-0.001084111273986648,3.094099386517462e-13,-1.1929634697531669e-14,-6.611313754422923,7.789509491604374e-07,5.6841188605792585e-06,1.035929680880183
527.0,-0.008014655805688648,0.0006154662482574667,8.477724044675519e-14,-2.4881472771693794e-14,-6.6058402556352,8.07948936422612e-07,5.474859968475507e-06,0.9977922839264027
528.0,0.0027016365791983706,0.000346767451264965,-2.4888469196058456e-13,-6.17062206851551e-15,-6.595696240135394,8.369023939927464e-07,5.452969057832757e-06,0.9938026692416019
529.0,0.005144846541567797,-0.0010503595871086129,-2.6437139188717766e-13,2.0397763720981553e-14,-6.5901902306750095,8.65831681557852e-07,5.721511405049431e-06,1.0427444656534093
530.0,-0.008357214604995123,0.0008071989411457901,5.737461388705425e-14,2.0382059377598072e-14,-6.583265716045159,8.947305722348612e-07,5.4712754130367935e-06,0.9971389993166321
531.0,0.004566958008252868,8.926186536111661e-05,2.99382532547506e-13,-5.15228126375309e-15,-6.572499940802408,9.235822038499986e-07,5.463150979622262e-06,0.9956583227296563
532.0,0.0033694162337229625,-0.0009497995721478894,1.6282878919371782e-13,-2.4298193085897712e-14,-6.566704926632273,9.524083968016826e-07,5.676793745130228e-06,1.0345946798544037
533.0,-0.008155649833414295,0.0009452445580265358,-1.8430703970162226e-13,-1.1915066976768663e-14,-6.55828643149343,9.81197634664331e-07,5.405814064798544e-06,0.985208679903233
534.0,0.006135366853840874,-0.00017380468778052587,-2.8778569162988027e-13,1.500754836405198e-14,-6.547081067668886,1.0099376837811305e-06,5.4370930561172965e-06,0.9909092706702226
535.0,0.0013916086930312575,-0.0007903919227203629,-3.111143868683277e-14,2.302211449763181e-14,-6.540842492019065,1.0386503471104712e-06,5.570401702127398e-06,1.0152047483875446
536.0,-0.007437856301886119,0.001022934452341465,2.697568957698504e-13,1.2726149772298176e-15,-6.530931499098398,1.0673195036586385e-06,5.304878412080413e-06,0.9668131746236213
537.0,0.007323774110655698,-0.0004265126889400892,2.210500432315372e-13,-2.1870238837637823e-14,-6.519443586889623,1.0959382311441873e-06,5.406715729165068e-06,0.9853730080783443
538.0,-0.0006627527633111686,-0.0005840692982359534,-1.0729173098196401e-13,-1.7125487246770295e-14,-6.512593805524918,1.1245268898019903e-06,5.4489849523638586e-06,0.9930765667078191
539.0,-0.006266990093291092,0.0010379150056762955,-2.988924431798782e-13,9.592621679326336e-15,-6.501235331617923,1.15306568759896e-06,5.21328497589367e-06,0.9501202866937614
540.0,0.008076985236670565,-0.0006540349481161925,-1.0892715161033045e-13,2.4262634172192108e-14,-6.4895868412219695,1.1815533514352141e-06,5.4107945977334015e-06,0.9861163811706366
541.0,-0.002666126451487214,-0.0003454231867801798,2.2295030031698385e-13,7.914067585248535e-15,-6.481956863614906,1.2100075215772675e-06,5.360827438925368e-06,0.9770098751055574
542.0,-0.004732548592892715,0.0009917195499118511,2.694108776782427e-13,-1.8573996715404033e-14,-6.469235692348508,1.2384058489577542e-06,5.170704182845317e-06,0.9423599445130018
543.0,0.008367273662693664,-0.000843472997053672,-2.464768786819525e-14,-2.168880929740157e-14,-6.457507070549261,1.266752690620698e-06,5.472310190723094e-06,0.9973275873712882
544.0,-0.004497675592263661,-9.033950675746832e-05,-2.934461897012329e-13,2.9772349729074044e-15,-6.448936357630339,1.2950619089966056e-06,5.332269985181443e-06,0.9718052840916602
545.0,-0.002940755191147398,0.000889131178973147,-1.8743704400990119e-13,2.3767265089701733e-14,-6.434971129179812,1.3233098235109227e-06,5.192695774122826e-06,0.9463679082261032
546.0,0.008192438041655689,-0.0009844652066795883,1.5163227820870936e-13,1.4927349264872144e-14,-6.423198337870611,1.3515060584145903e-06,5.58462538328412e-06,1.0177970118223953
547.0,-0.006050327955409429,0.0001651875437893105,3.044466375458361e-13,-1.3064526662835722e-14,-6.413542586956869,1.3796599069856841e-06,5.35708746497088e-06,0.9763282654981226
548.0,-0.001006051630541755,0.0007375898952227831,7.118461930934958e-14,-2.4459967750658824e-14,-6.39847829068144,1.4077476270622029e-06,5.265402147563888e-06,0.9596186322317373
549.0,0.007574068486990687,-0.0010696931087455675,-2.50779385082866e-13,-5.651657511919442e-15,-6.38665303020581,1.4357834372015488e-06,5.713210122814016e-06,1.0412315583993634
550.0,-0.007237111672083204,0.0004060536814616481,-2.648978231837122e-13,2.079714832498995e-14,-6.375790503242782,1.4637715635631587e-06,5.40261900840214e-06,0.9846263814266696
551.0,0.0009561756719782919,0.0005467130912227378,5.700816620276331e-14,2.095789477115521e-14,-6.359789579650952,1.4916894498704314e-06,5.3549947501029266e-06,0.9759468685747811
552.0,0.0065563843493479405,-0.0010953622763222202,3.0434008610772643e-13,-4.715123559975556e-15,-6.3478624823108625,1.5195549792021555e-06,5.811336944137426e-06,1.05911515464228
553.0,-0.007997082350018144,0.0006189520387037432,1.7621912355825984e-13,-2.4705502499013626e-14,-6.3356993232438255,1.547367115306365e-06,5.427913332257852e-06,0.9892362675818752
554.0,0.0028364451664578895,0.0003278122281067222,-1.7322817910102313e-13,-1.3893569807224174e-14,-6.31893154711483,1.5751056450653124e-06,5.425810869198121e-06,0.9888530940522655
555.0,0.005204522508330695,-0.0010615630061831395,-3.0611163922022006e-13,1.4135663767769818e-14,-6.306818218728246,1.6027910003409747e-06,5.8414703913111285e-06,1.0646069701866319
556.0,-0.008299999215172991,0.0007932089408916955,-5.95124167841668e-14,2.4407890167237213e-14,-6.29329261955295,1.6304169816176572e-06,5.404213358073475e-06,0.9849169513789786
557.0,0.004537965458656084,9.325696075861438e-05,2.5871106920524805e-13,4.707361052341401e-15,-6.275924321019499,1.6579667204058525e-06,5.457758650768455e-06,0.9946755717271276
558.0,0.0036008454071254498,-0.0009723021128737171,2.5740493390288365e-13,-2.0942678208228883e-14,-6.263513849438508,1.6854619803264253e-06,5.791757190100714e-06,1.0555467478498688
559.0,-0.008148142912116463,0.0009214259115364081,-6.460491866263297e-14,-2.012609983951112e-14,-6.248598445972524,1.7128917653546335e-06,5.327975801462362e-06,0.9710226698503219
560.0,0.005982613903832786,-0.00014434541102806812,-3.0065627027304026e-13,5.05575255009653e-15,-6.2307821280008415,1.7402433412010251e-06,5.454722921829705e-06,0.9941223106522111
561.0,0.001838834646433812,-0.0008350524292652559,-1.7075082162758146e-13,2.437393191147548e-14,-6.217947126129583,1.7675385745979525e-06,5.680030035751006e-06,1.0351844932612395
562.0,-0.007574095310748982,0.0009997554601306191,1.7539890146041013e-13,1.3047811717029942e-14,-6.201649032666169,1.794762263439099e-06,5.221048992789334e-06,0.9515352774324058
563.0,0.007114763220248974,-0.00037303766274245347,2.9662438933095147e-13,-1.3897047188483925e-14,-6.183514653705863,1.8219063468902043e-06,5.440661978498023e-06,0.9915597061578745
564.0,1.552116201571942e-05,-0.0006598499569585478,5.679919752091275e-14,-2.3737655209536383e-14,-6.17012144973734,1.8489916375241887e-06,5.544410053444384e-06,1.0104677749029682
565.0,-0.0066346936605508255,0.001027725244463663,-2.5409237329175605e-13,-4.056570141470093e-15,-6.152479840657775,1.8759994859047162e-06,5.119406984899084e-06,0.9330110390446398
566.0,0.007902047591399982,-0.0005822753298222798,-2.467530102808696e-13,2.0255212733004253e-14,-6.134128750849971,1.9029267775887598e-06,5.446478286936626e-06,0.9926197273665246
567.0,-0.0017758344996277346,-0.0004581543761097034,6.09853801446081e-14,1.957958072942366e-14,-6.120046346362726,1.9297922510377053e-06,5.426212189876821e-06,0.9889262346766637
568.0,-0.005402804716043191,0.0010076886337813638,2.9399980504235897e-13,-5.287144056012885e-15,-6.10112809600104,1.9565746780971258e-06,5.057117009538012e-06,0.9216587017905145
569.0,0.008333326377244578,-0.0007634201398772454,1.644976266085115e-13,-2.3602292064410322e-14,-6.082629971635639,1.9832759030151133e-06,5.4949103209321266e-06,1.0014464571995851
570.0,-0.003451397596905983,-0.0002417589214030377,-1.6416777995027002e-13,-1.2968062578091169e-14,-6.067736922332487,2.0099117511699224e-06,5.353773249430456e-06,0.9757242502881364
571.0,-0.003959129803966291,0.0009441111084513918,-2.903632766998225e-13,1.3397617256513047e-14,-6.047631124135162,2.0364593398970946e-06,5.053256050699799e-06,0.9209550427089108
572.0,0.008415172676440156,-0.0009099552637840111,-6.217002476675102e-14,2.3401531212390435e-14,-6.029023591348903,2.0629252462072186e-06,5.590452357687172e-06,1.0188589769012248
573.0,-0.004940382248179414,-2.1948969752625723e-05,2.461645694851224e-13,4.7520862840391194e-15,-6.0132127368651584,2.0893217468188724e-06,5.333874846767604e-06,0.9720977698386312
574.0,-0.0023856450045617998,0.000842914426581684,2.5382383717763e-13,-1.9841441739051748e-14,-5.9920247978057555,2.1156252376750405e-06,5.1066103091277135e-06,0.9306788470948725
575.0,0.008168444648015307,-0.001017533685357729,-4.306569563944922e-14,-2.0693028554502487e-14,-5.973315106795159,2.1418465976650944e-06,5.717769739782125e-06,1.0420625478045051
576.0,-0.006187242305101271,0.0001910626132353914,-2.926343391767755e-13,3.748712697554661e-15,-5.95649665239439,2.1679941288449426e-06,5.352701336463984e-06,0.9755288943350808
577.0,-0.0007610154100265949,0.0007109914768903717,-1.8697778003305476e-13,2.3540058476152658e-14,-5.9343422906626175,2.1940444079153787e-06,5.1986944935264624e-06,0.9474611738016343
578.0,0.007625789018853689,-0.0010839877675028443,1.4040916841519878e-13,1.5509955443761267e-14,-5.915510468070747,2.220012019992592e-06,5.847953862085963e-06,1.0657885816158634
579.0,-0.007153251133201327,0.0003885203554745448,3.0623715892007666e-13,-1.1472397193890106e-14,-5.897614038109902,2.2459010712163853e-06,5.3840195067824194e-06,0.9812366254679977
580.0,0.0008426782616525364,0.0005558614568030717,1.0170512107150662e-13,-2.457247230593808e-14,-5.874613233171417,2.2716891546566996e-06,5.302336280443807e-06,0.9663498715717923
581.0,0.006829873090077827,-0.0011093441468156395,-2.2160070580036467e-13,-8.860185470507078e-15,-5.855616391266285,2.2973938467102606e-06,5.949141707372465e-06,1.0842300489475154
582.0,-0.007817779141520325,0.0005634350592642203,-2.8709596289116636e-13,1.7828415352271725e-14,-5.836592394131486,2.323015028172399e-06,5.400228256003266e-06,0.984190667214779
583.0,0.002362729727281325,0.00038535772017608225,-1.1196602069206777e-14,2.344492857770191e-14,-5.812863335170889,2.3485320449979656e-06,5.391752489148007e-06,0.9826459601688943
584.0,0.005831504800147128,-0.0010957860687033445,2.77693655463999e-13,1.7322072165421238e-15,-5.793640971245417,2.37396468045149e-06,5.997054756757527e-06,1.092962193924935
585.0,-0.008178892445765371,0.000710843595055514,2.4528386172303325e-13,-2.2372167807398103e-14,-5.773461225957015,2.3993087318681347e-06,5.38194017203626e-06,0.9808576670695429
586.0,0.003748429973989524,0.00020726055495607734,-7.909039563502016e-14,-2.0216939648777734e-14,-5.749114515024205,2.4245459073104626e-06,5.450422476756524e-06,0.9933385552801692
587.0,0.004686905562125904,-0.0010474658087618318,-3.122678251998399e-13,5.623528790786352e-15,-5.729594566512274,2.44969739505881e-06,5.9817521944471056e-06,1.09017330458611
588.0,-0.008252597602297166,0.0008279692563800256,-1.8495047831300167e-13,2.5166352439132845e-14,-5.708251920532652,2.4747551939269683e-06,5.323118880888982e-06,0.970137496914454
589.0,0.004963211937669628,2.8863466109447576e-05,1.6009141125732237e-13,1.567458105015706e-14,-5.683385510323496,2.499703835470911e-06,5.474512166601278e-06,0.9977288970948786
590.0,0.0034540106894592223,-0.0009701107696384855,3.1963810673093354e-13,-1.2220121770865746e-14,-5.663490721146085,2.524565143864062e-06,5.908848033595545e-06,1.0768865338590639
591.0,-0.008070317216922213,0.0009142104835747449,1.0921107386492811e-13,-2.568583628985818e-14,-5.64099744229815,2.5493277123863906e-06,5.230899869602181e-06,0.9533305980306247
592.0,0.005985725057234776,-0.00014346536659115124,-2.2149275203128669e-13,-9.977006497934981e-15,-5.615692849427019,2.5739792000721627e-06,5.471553099988616e-06,0.9971896077156542
593.0,0.0021883128282301095,-0.0008704503468910882,-3.004180912368037e-13,1.717199828792822e-14,-5.595346830275491,2.5985413738203644e-06,5.795762635380428e-06,1.056276739560488
594.0,-0.007674777285048149,0.0009709226041648553,-3.18747469537082e-14,2.416426751812733e-14,-5.571731808422918,2.622999883526389e-06,5.121302014007582e-06,0.9333564077724543
595.0,0.0068094215729988606,-0.0003046335762129654,2.665395749608983e-13,4.091248554718332e-15,-5.5460519857843185,2.6473456652309855e-06,5.455856160653363e-06,0.9943288432321497
596.0,0.0009390803667231309,-0.0007555640401232061,2.6463965242276847e-13,-2.0484080931970565e-14,-5.5251843510096545,2.67159984323583e-06,5.665288370895218e-06,1.0324978273866727
597.0,-0.007115043728136682,0.0010010213218309306,-3.399421516821605e-14,-2.153705602757199e-14,-5.500489432777161,2.6957456167233633e-06,5.013249811429979e-06,0.913663912509748
598.0,0.007440683613303518,-0.000451013192193075,-2.9177084517576106e-13,1.0747316598614389e-15,-5.474478379083768,2.719777208187946e-06,5.443011780007354e-06,0.9919879570772167
599.0,-0.0002533192666978708,-0.0006322783489155547,-2.2306208701468616e-13,2.258961672728885e-14,-5.453028534591249,2.7437146401976677e-06,5.5392031936488496e-06,1.0095188256042855
600.0,-0.006441679007158737,0.0010084895158954312,8.768696000918145e-14,1.839900177017901e-14,-5.427304489911403,2.7675391500822563e-06,4.92328857370235e-06,0.8972684924672346
601.0,0.007895952384999643,-0.0005804450684764142,2.947847059968822e-13,-5.207626260820931e-15,-5.400988355134101,2.7912481387142063e-06,5.445531102456986e-06,0.9924471031586579
602.0,-0.0013586502088201698,-0.0005067140910408063,1.8203770352794216e-13,-2.342841880409656e-14,-5.37890780891358,2.8148601992683846e-06,5.433907826246427e-06,0.9903287630762411
603.0,-0.005702834233700941,0.0009978856831324232,-1.3235608858181922e-13,-1.5427881931700416e-14,-5.35221043271088,2.8383550650153776e-06,4.862407879893225e-06,0.886172996532615
604.0,0.008198521235513402,-0.0006920901894698753,-2.92715350048569e-13,8.483837640131534e-15,-5.325599664923523,2.8617331161444758e-06,5.4706367123515745e-06,0.9970225962270335
605.0,-0.002356686912645519,-0.0003840279334050234,-1.4344643472548358e-13,2.336929575325449e-14,-5.302853009231924,2.8850113151417518e-06,5.35874230094683e-06,0.9766298590690037
606.0,-0.004941688733734167,0.0009739315038696332,1.6143647982210212e-13,1.2769572816818862e-14,-5.275239731269814,2.9081682987520936e-06,4.835201832895906e-06,0.8812146991649432
607.0,0.008375576541898628,-0.0007861886851149641,2.8808584030746585e-13,-1.1072164207691077e-14,-5.248331753292928,2.931207163066111e-06,5.520131923810563e-06,1.006043089969239
608.0,-0.0032361172366095767,-0.0002683346190032518,1.1337505719155428e-13,-2.3248684409929085e-14,-5.224896634617782,2.9541431530679244e-06,5.316522550102512e-06,0.9689353167675891
609.0,-0.004195224917705827,0.0009412150499584763,-1.814291316497694e-13,-1.08230578512793e-14,-5.196423831161102,2.976954154580764e-06,4.8407703383424165e-06,0.8822295583210721
610.0,0.008455819908880224,-0.0008637872217895256,-2.785030447407024e-13,1.2116647616772534e-14,-5.169205807205236,2.9996456757729436e-06,5.591642365485048e-06,1.0190758556169124
611.0,-0.003992909704165683,-0.00016276266676587762,-9.115813090810944e-14,2.277099097909119e-14,-5.145072236901828,3.0222312566248832e-06,5.305330012592686e-06,0.9668954787390064
612.0,-0.0034940512667270807,0.0009040072822124205,1.9182688787269144e-13,9.535818918548e-15,-5.1157932865746725,3.0446883102046245e-06,4.874487507071093e-06,0.8883745065000273
613.0,0.008467737306208803,-0.00092647574823335,2.7544529302507607e-13,-1.3209593294314123e-14,-5.088244672003321,3.0670244322535514e-06,5.680397035081005e-06,1.0352513788257631
614.0,-0.0046284902965951094,-6.959000956578737e-05,7.811616682584098e-14,-2.268076541334888e-14,-5.063413973345615,3.089251553743045e-06,5.32063062101223e-06,0.9696840119815565
615.0,-0.002862902098778869,0.0008661662475517025,-2.006832861634236e-13,-8.454758429618079e-15,-5.033378011890753,3.1113468248707424e-06,4.9298909255436995e-06,0.8984717699503115
616.0,0.00843840125417018,-0.000976150967882198,-2.7040358977973273e-13,1.3731867906751659e-14,-5.005472710770777,3.1333195987028483e-06,5.780908870496832e-06,1.053569643475209
617.0,-0.00514792671446346,9.582941061648455e-06,-7.429881615166436e-14,2.248765613341784e-14,-4.9799563021035995,3.1551803618800076e-06,5.357114689263683e-06,0.9763332271207852
618.0,-0.0023214917934617453,0.0008310969527351337,2.0288735273575984e-13,8.437055102759246e-15,-4.949207602406598,3.176906145952672e-06,5.000237800161681e-06,0.9112924757028469
619.0,0.00839262346606737,-0.0010148068648554514,2.774022436803202e-13,-1.3802075839058817e-14,-4.920915655213682,3.1985077354501465e-06,5.8882055711402125e-06,1.073124448640854
620.0,-0.005558196353079406,7.364967129890858e-05,7.83210579710379e-14,-2.2979899727202716e-14,-4.89473377634495,3.2199943930448567e-06,5.409987980215319e-06,0.9859693752672424
621.0,-0.00188549745084997,0.0008017388735313567,-2.030507887107493e-13,-9.055902629799161e-15,-4.863311687791629,3.24134311552634e-06,5.079551582847442e-06,0.9257473989024451
622.0,0.00835228336184255,-0.0010443447398630979,-2.8362494662681233e-13,1.3487320208342096e-14,-4.83460047206622,3.2625658029485928e-06,5.998509477518156e-06,1.0932273165323771
623.0,-0.005866547317429844,0.0001218181500145393,-9.242378722412907e-14,2.3596862017820565e-14,-4.8077808906764705,3.28367075911344e-06,5.47568584761886e-06,0.9979428002576767
624.0,-0.0015675258337222767,0.0007805600938326718,1.9372649790273755e-13,1.0397912533184056e-14,-4.775720292536034,3.3046349772676e-06,5.1631688849694954e-06,0.9409866377762314
625.0,0.00833569538720988,-0.0010663941030023634,2.880817098171824e-13,-1.2350425168524559e-14,-4.746555254684838,3.3254711681968528e-06,6.109419269278081e-06,1.1134406069301501
626.0,-0.006078942843681585,0.00015344435617496783,1.1433463379538545e-13,-2.3945922199352245e-14,-4.719131941156565,3.346186977635545e-06,5.5521066806139585e-06,1.011870483875669
627.0,-0.0013779638637622183,0.0007695425399050713,-1.7203366081774583e-13,-1.2177006004079414e-14,-4.686464183812516,3.3667593837864356e-06,5.247885637583899e-06,0.9564262513124094
628.0,0.008356912687204678,-0.0010821378766384623,-2.888541305766708e-13,1.0099325874419709e-14,-4.656809145654465,3.387201611733572e-06,6.219709214493744e-06,1.1335409304022583
629.0,-0.006198589110063762,0.0001678865352726734,-1.4388203601806635e-13,2.3331234495972797e-14,-4.628820869544799,3.4075209781456563e-06,5.638493078086342e-06,1.027614389898921
630.0,-0.0013256199677474058,0.0007701453133842586,1.3222068380103847e-13,1.4418230326376284e-14,-4.595575189152505,3.4276944043322383e-06,5.3318174643711006e-06,0.9717228122521108
631.0,0.008424885166108238,-0.0010921382695855547,2.7977080774551583e-13,-6.435731911243231e-15,-4.565392299195627,3.4477353351776325e-06,6.328859247911501e-06,1.1534335051460236
632.0,-0.006224568252229731,0.00016438998401481302,1.8221211381954131e-13,-2.1945953953512878e-14,-4.536881069717108,3.4676511088534233e-06,5.735064184873261e-06,1.045214457436183
633.0,-0.0014180508156212746,0.0007832335109869436,-7.718904320406606e-14,-1.7035016234827534e-14,-4.503086465096274,3.4874185326635797e-06,5.414060894611901e-06,0.986711663212761
634.0,0.008542400194228545,-0.0010961625535354897,-2.629721075624855e-13,1.4756252354132311e-15,-4.4723358973198115,3.5070509691688393e-06,6.43639154762975e-06,1.1730312482023828
635.0,-0.0061506239399103544,0.00014201521841995077,-2.2023126165599614e-13,1.8882460052976124e-14,-4.4433451389422975,3.526556143492511e-06,5.842452491925619e-06,1.0647859578540464
636.0,-0.001661449868830522,0.0008089597307982982,5.751693765406842e-15,1.9535288815690662e-14,-4.409032694200963,3.5459106947618797e-06,5.494195313072922e-06,1.0013161471407035
637.0,0.008704743677930766,-0.0010930109665767843,2.2460510945752807e-13,4.460158078494814e-15,-4.377672237486926,3.5651275814663873e-06,6.5410456262761106e-06,1.1921044359653645
638.0,-0.005964173839441101,9.962526670143689e-05,2.499374118795884e-13,-1.460280133262937e-14,-4.34824456021505,3.5842152880245914e-06,5.960952316882091e-06,1.0863825304913408
639.0,-0.0020599607633039964,0.0008465859907005626,8.122038145433277e-14,-2.1435080271293724e-14,-4.313450182137564,3.60315025596163e-06,5.571625377075015e-06,1.0154277629354596
640.0,0.008898034756603801,-0.001080352536585129,-1.5455363485125023e-13,-1.1127997392099236e-14,-4.281434910929904,3.6219446848618843e-06,6.639803093113743e-06,1.2101029672443564
641.0,-0.0056456538840023345,3.5950355493852515e-05,-2.6407263996788216e-13,8.220104590031544e-15,-4.251609305859002,3.6406081868122785e-06,6.0895766229890865e-06,1.1098242880701532
642.0,-0.002614269208567808,0.0008942352044468549,-1.654455280213566e-13,2.0732805157099024e-14,-4.216376819683027,3.6591170269564823e-06,5.644760561017539e-06,1.0287566375809434
643.0,0.009097208823684188,-0.0010545794019373362,5.705757462330473e-14,1.662631603359133e-14,-4.183659092845122,3.6774822444592993e-06,6.7268074141830046e-06,1.2259594897364445
644.0,-0.005168345066351023,-5.0247868877875046e-05,2.4025049335354137e-13,4.282593231877734e-16,-4.1534673596072285,3.6957149278011353e-06,6.224982905745567e-06,1.13450205972231
645.0,-0.003319302445605138,0.0009485624458317819,2.2672314137392868e-13,-1.5936795354820288e-14,-4.117851865446601,3.71379126802748e-06,5.710106043532864e-06,1.0406658404863458
646.0,0.009263648537326407,-0.0010106984984058066,5.127462660305801e-14,-2.0301599199767537e-14,-4.084381977272449,3.731720683812212e-06,6.792350887425651e-06,1.2379047764177147
647.0,-0.004498932920261547,-0.00015987997120072095,-1.6994193404684425e-13,-9.302628519147294e-15,-4.053844170539097,3.749516046259836e-06,6.36051194684915e-06,1.15920220406203
648.0,-0.004160782036387328,0.0010043357544469052,-2.5120093237661415e-13,7.802328654619706e-15,-4.017915488473819,3.767153690775364e-06,5.761553950972698e-06,1.050042212733894
649.0,0.009342514279107792,-0.0009422993507361381,-1.621040752670108e-13,1.9415864164903484e-14,-3.9836434252474295,3.7846408895013437e-06,6.822357400714902e-06,1.2433734582835427
650.0,-0.003599298871224908,-0.00029304045415498716,4.1633327255156216e-14,1.6240291520883086e-14,-3.952762095908843,3.8019925269118597e-06,6.485908237832322e-06,1.1820556564418976
651.0,-0.00511018673045951,0.0010539188689767428,2.1228897486815354e-13,2.4578270905195995e-15,-3.916607970490163,3.819185456750319e-06,5.790559095417257e-06,1.0553283953006802
652.0,0.00926002515178912,-0.0008416890001341003,2.254752479901228e-13,-1.200169752988742e-14,-3.88148696486942,3.8362242141543546e-06,6.799184323996813e-06,1.2391501690528992
653.0,-0.0024306153374149277,-0.0004482127458879543,1.1129102437531281e-13,-1.9366694867683186e-14,-3.8502400069076077,3.853125805224677e-06,6.588675953731568e-06,1.2007850549199306
654.0,-0.0061174354425496975,0.0010866789966156212,-7.362563061993861e-14,-1.3234170041549658e-14,-3.813968383432485,3.86986817293585e-06,5.788399873838566e-06,1.0549348775407903
655.0,0.008921634653437519,-0.0007004082807629487,-2.118901773978354e-13,-1.7421667489707553e-15,-3.777961357174003,3.8864524788035045e-06,6.70500969431377e-06,1.221986859054026
656.0,-0.000961888556608095,-0.0006209771186609824,-2.137684403923885e-13,1.189538849509929e-14,-3.7462935095724013,3.90289777073715e-06,6.658105542377099e-06,1.2134385854623722
657.0,-0.007100699099903645,0.0010884703671278759,-1.0928714792059598e-13,1.890846297382288e-14,-3.7100324273216843,3.919183885584985e-06,5.751999945214578e-06,1.0483009968341392
658.0,0.008213894075269476,-0.0005105738194149845,7.324580076132942e-14,1.4042176999098755e-14,-3.67312287217567,3.935307976713118e-06,6.529206606196897e-06,1.1899467766001373
659.0,0.0008135630808197991,-0.0008020199724425659,2.2083707489065724e-13,1.41970829206156e-15,-3.640936765572835,3.951290778879792e-06,6.691961166742591e-06,1.21960876715723
660.0,-0.007934371674924163,0.0010416883275314998,2.330512545502651e-13,-1.2303045107102446e-14,-3.6048290379782806,3.967115077149257e-06,5.693786657106188e-06,1.0376916351279053
661.0,0.0070163549311695736,-0.00026775179511639606,1.2488487396030372e-13,-2.006635914996018e-14,-3.5670378207806124,3.9827734814230295e-06,6.2800290181772645e-06,1.1445342042083337
662.0,0.0028503172544342087,-0.0009745622091561899,-5.2805876898020425e-14,-1.5698097498465048e-14,-3.5341875332122306,3.9982876811469475e-06,6.7028128825273995e-06,1.2215864904852771
663.0,-0.008441243906910943,0.0009269889601698456,-2.218590631823737e-13,-3.3459209736460105e-15,-3.4983756912387336,4.013644675837563e-06,5.651769702700614e-06,1.0300340524424356
664.0,0.005233315742235341,2.4094552444307158e-05,-2.4316329482277745e-13,1.0032441567738604e-14,-3.459783259083875,4.028832259399126e-06,5.997007455324122e-06,1.0929535732468645
665.0,0.005014395986688076,-0.0011123828607729554,-1.6482881702445524e-13,2.000780285955911e-14,-3.426076721846978,4.0438718796888535e-06,6.7170014933608365e-06,1.2241723623597645
666.0,-0.008402830744998984,0.0007280958487465999,1.3894461358547634e-14,1.744949127116168e-14,-3.390673546490097,4.058756088889558e-06,5.687117976691906e-06,1.0364762692738643
667.0,0.0028500120138950464,0.00034655701882508634,1.8391654521607263e-13,7.983059906656873e-15,-3.3514417029607317,4.07346808010513e-06,5.7520327942947805e-06,1.048306983573334
668.0,0.007056275676747835,-0.0011810828944982,2.5592520330749744e-13,-6.7410351811707434e-15,-3.31666026628241,4.088027389509043e-06,6.757930928410635e-06,1.231631744830423
669.0,-0.007602364312950391,0.00043964031155865245,2.1313484452566685e-13,-1.690106991009726e-14,-3.2817054825415584,4.10243325615103e-06,5.851335874144764e-06,1.0664049527296176
670.0,-6.7581061614085404e-06,0.0006633258161700569,7.761918436240054e-14,-2.0521553421052838e-14,-3.2420869885635777,4.1166652075090765e-06,5.617993325053769e-06,1.0238783134483678
671.0,0.00862311527742135,-0.0011445764745151542,-8.356912105114679e-14,-1.4509325641514617e-14,-3.206025273486954,4.130738856953366e-06,6.812393741723096e-06,1.2415575831526824
672.0,-0.005892612602177107,7.430790573430623e-05,-2.2591238973724627e-13,-3.897224674694026e-15,-3.171440426496265,4.144660687565578e-06,6.130277047689996e-06,1.1172419334442694
673.0,-0.0030471114408557537,0.0009230953728023259,-2.479653910430346e-13,9.139811000263486e-15,-3.1317665361393785,4.1584083597175955e-06,5.603607212058748e-06,1.0212564468390337
674.0,0.009316289882667705,-0.0009743254461221389,-1.9124775365023125e-13,1.7637124124599537e-14,-3.094284515575181,4.171991495169841e-06,6.804103322882835e-06,1.2400466557505274
675.0,-0.0032548439291625714,-0.00033512982257313323,-5.3776274037557006e-14,1.9403846204127295e-14,-3.059843952259367,4.185423445159272e-06,6.428287054558958e-06,1.1715542057396104
676.0,-0.005845100569885642,0.0010672718781110997,1.0032609248659742e-13,1.2391929739481642e-14,-3.020490634459682,4.198682643921891e-06,5.6303105574957084e-06,1.0261231269341302
677.0,0.008760194570174724,-0.0006573844250831308,2.113284466375532e-13,3.8982305338461435e-15,-2.9815684932058297,4.211770984214941e-06,6.624617809623016e-06,1.2073354519501707
678.0,0.00015479077655152732,-0.0007361065918496378,2.324564204234496e-13,-7.022235279606653e-15,-2.9468941375645654,4.224707112755315e-06,6.6451182956345015e-06,1.211071661986004
679.0,-0.00786511236816327,0.0010385151769536085,2.0365720196112562e-13,-1.5218049721922613e-14,-2.9082288962113503,4.237473510552459e-06,5.632181495840502e-06,1.0264641051244192
680.0,0.006687967420511812,-0.00020776131244034553,1.1392322614649384e-13,-1.978611573376032e-14,-2.8680264582303256,4.250063429697475e-06,6.2394640892096955e-06,1.1371412529082234
681.0,0.003919113333252511,-0.0010525359560866452,-3.02007481818488e-14,-1.5854533651172774e-14,-2.832612212809812,4.2624978891586574e-06,6.764153059584263e-06,1.232765727162459
682.0,-0.008498026696193582,0.0007960387589328361,-1.4429189648189738e-13,-8.914757482294967e-15,-2.7949043818827914,4.274766820669028e-06,5.6850549131911315e-06,1.0361002763070712
683.0,0.0031379002607839564,0.0003123423785025083,-2.212748564723826e-13,5.991073774394703e-16,-2.7538147081688797,4.286855378784212e-06,5.800741965373079e-06,1.057184221591882
684.0,0.0072636768069333545,-0.0011887460078468769,-2.0487734810339907e-13,8.782767134914667e-15,-2.717112650767966,4.298782824042921e-06,6.833130157622363e-06,1.2453367913698268
685.0,-0.007242937816616266,0.00034746115568278207,-1.729381534509842e-13,1.336386504678538e-14,-2.680392055514291,4.310549075068615e-06,5.938353758041877e-06,1.0822639470447397
686.0,-0.0012939342637212307,0.0007819467686732458,-1.0903660229303223e-13,1.6729348598834328e-14,-2.6390320402644596,4.322133765967366e-06,5.572436769362946e-06,1.015575639039834
687.0,0.009173452882288326,-0.001064237200295543,-1.5814425566328806e-14,1.4391314720362948e-14,-2.6006191270075183,4.333549833780147e-06,6.843047905533573e-06,1.2471442992141757
688.0,-0.004024299371108914,-0.00022604396033910876,4.4767798935353676e-14,1.0567137007040022e-14,-2.564550243173351,4.344807568210117e-06,6.338919461012428e-06,1.1552669772465995
689.0,-0.005494598391022638,0.0010522837658136345,9.134111989494718e-14,8.119610862251781e-15,-2.5236445786297783,4.3558857369991575e-06,5.573089522852779e-06,1.015694603250647
690.0,0.008764384014425145,-0.0006579136076356839,1.579299490888355e-13,4.930272568977896e-15,-2.4834083518882824,4.366787278811859e-06,6.629739302476209e-06,1.2082688431383517
691.0,0.0006276416365304715,-0.0007829804033288365,1.900582749626951e-13,-5.717616006325389e-16,-2.4472935864824854,4.377530285833121e-06,6.663811613374778e-06,1.2144785159164484
692.0,-0.008153893972796849,0.000999159546240699,1.8080081401394218e-13,-5.220463487091162e-15,-2.4074897003522,4.388098563745242e-06,5.61707696967159e-06,1.02371130783819
693.0,0.005651891312170443,-3.6113544435671775e-05,1.4625635324547377e-13,-4.665820208445343e-15,-2.3657675767752946,4.398483691965391e-06,6.1013626369872865e-06,1.1119722870862683
694.0,0.0055139145788950916,-0.001143224795088399,1.4412033265911943e-13,-6.2991137476180385e-15,-2.3286930842976,4.4087060724321865e-06,6.83243166177499e-06,1.2452094906222502
695.0,-0.008089012465105601,0.0005794529777989252,1.2232308395604745e-13,-5.183282452612687e-15,-2.2903177964912995,4.418759994979334e-06,5.802232576428278e-06,1.0574558851993126
696.0,0.0004532757854778198,0.0006160567609819503,1.0105162886655384e-13,-3.266207606356792e-15,-2.247924720179273,4.428627822519741e-06,5.614969737692038e-06,1.0233272651737664
697.0,0.00882773083728961,-0.0011329566241837985,6.446717609514727e-14,8.14723399977926e-16,-2.209065213004092,4.438325066538525e-06,6.874687238049162e-06,1.2529105621020697
698.0,-0.004859132232740516,-9.925761054296903e-05,3.987071737765324e-14,5.6243800409278086e-15,-2.1718353134264743,4.447858880605639e-06,6.2486197329669506e-06,1.1388098674021045
699.0,-0.004962682531379313,0.0010289589646165617,-2.2781821504580766e-14,6.297861890967334e-15,-2.1298546998823107,4.457208410274447e-06,5.5349459443842395e-06,1.0087429426608974
700.0,0.008879022254126775,-0.0006926862584699896,-8.348419738234852e-14,6.3926739913258905e-15,-2.088879344739606,4.466378068378018e-06,6.6630316070034936e-06,1.214336359889963
701.0,0.0006703999623504024,-0.0007871916763465811,-1.2248264031115504e-13,8.817776237767375e-15,-2.051843402444889,4.4753851479539005e-06,6.6667213182722615e-06,1.2150088091316043
702.0,-0.00824883272728435,0.0009793814261026942,-1.336280434632779e-13,1.1941205280623987e-14,-2.0112358419311884,4.484213970491018e-06,5.613846426665525e-06,1.0231225419331431
703.0,0.005057433095766983,5.4089592267399576e-05,-1.475292312474064e-13,1.6763292143984858e-14,-1.9686000519690938,4.492855632569149e-06,6.031039511048896e-06,1.0991559095264876
704.0,0.0063549403084256495,-0.0011763162901363236,-1.1779473042931927e-13,1.7689188482431196e-14,-1.930464278856207,4.501329888137258e-06,6.8720641423583995e-06,1.2524325033653505
705.0,-0.007565933231817962,0.00042475335871525053,-6.149095460826712e-14,1.4147228910007135e-14,-1.8916106873614442,4.509633586152103e-06,5.902571077724225e-06,1.0757425597353396
706.0,-0.001276669346614516,0.0007782111485455964,-5.28892461185278e-14,1.1405601057603678e-14,-1.8485163305303631,4.51774811071405e-06,5.535578692086033e-06,1.0088582608202945
707.0,0.009290817308246406,-0.001023471924248537,-6.489667880172392e-14,9.988489734290156e-15,-1.808251828301914,4.525685884177338e-06,6.85400487462212e-06,1.2491412049386552
708.0,-0.002774628159448319,-0.00039699381921696884,-9.605150979189402e-14,1.0745591819805795e-14,-1.770524946313522,4.5334580460604175e-06,6.436257044128893e-06,1.173006734962576
709.0,-0.006856362522242379,0.0010702685186494234,-1.204984777460034e-13,1.2566875785354352e-14,-1.728404638385171,4.541045310321769e-06,5.5466765693980765e-06,1.010880847044176
710.0,0.0074221199506852315,-0.0003403399323073211,-1.2116448183508516e-13,1.5145126414709082e-14,-1.6859126717712096,4.548446045472676e-06,6.395172405403189e-06,1.1655190666487825
711.0,0.003950537970535362,-0.0010577379277996618,-1.0722010870002031e-13,1.793349284232825e-14,-1.6478296792704394,4.555679605807254e-06,6.8181271643067655e-06,1.2426024984285826
712.0,-0.008390863157112677,0.0007049303692954692,-9.08068584924635e-14,1.7973686082516902e-14,-1.6076390548646333,4.562736739348346e-06,5.742069945636375e-06,1.046491256125596
713.0,0.0011981757607356866,0.0005374057578861042,-7.914965288156772e-14,1.680485505288223e-14,-1.5640180266336985,4.569602387480762e-06,5.644707321239173e-06,1.028746934640529
714.0,0.008788254879125804,-0.0011415460962312034,-6.122679415796423e-14,1.4760890685912874e-14,-1.5240335933603064,4.576292513947216e-06,6.901825953516567e-06,1.2578565883100405
715.0,-0.004534608707497004,-0.00014936928128696025,-6.516386039513202e-14,1.394867194270976e-14,-1.4855413035053637,4.582813668884278e-06,6.2779081641269635e-06,1.144147678923868
716.0,-0.005665904921564028,0.0010523643624246672,-7.946428845426899e-14,1.4847328745670246e-14,-1.442540310224199,4.589146060211085e-06,5.506949053442551e-06,1.0036405141209168
717.0,0.008307089046009979,-0.0005311387415449618,-9.78620885653898e-14,1.6886223656280937e-14,-1.4000715085779953,4.595292024115865e-06,6.561228659644467e-06,1.1957827903118015
718.0,0.0026573861071218416,-0.0009637575096657755,-1.0180751578960984e-13,1.842609169173214e-14,-1.3617231929582452,4.601269648502154e-06,6.771307635672004e-06,1.23406964741909
719.0,-0.008511833697664513,0.0008086154864360089,-9.092736624103339e-14,1.871530075708394e-14,-1.3207146535649652,4.60706725565264e-06,5.688878565759137e-06,1.0367971363273714
720.0,0.002198046544564974,0.0004257255439013187,-7.405416040121107e-14,1.949207340475117e-14,-1.2767558196010376,4.612671894511734e-06,5.7201281412866165e-06,1.0424923660714804
721.0,0.008485041489983386,-0.0011684642281642003,-4.944499618367833e-14,1.816675050106233e-14,-1.2366516415142477,4.618100486055071e-06,6.916024251409989e-06,1.2604442256495376
722.0,-0.0050181505191817565,-7.37412482456003e-05,-3.0272357057510376e-14,1.5919208021069715e-14,-1.1976420839365773,4.623357835393032e-06,6.228950812319459e-06,1.1352252100102749
723.0,-0.005349558965192541,0.001040838161684374,-5.164744470131212e-14,1.5354207030957135e-14,-1.1541890462296958,4.6284244367587185e-06,5.49006407522071e-06,1.0005632297554667
724.0,0.00842016428006197,-0.0005584440163494006,-7.922316623506347e-14,1.5469483948578257e-14,-1.1114716491058265,4.633303519430381e-06,6.58892592174556e-06,1.2008306115473195
725.0,0.0026090791692525875,-0.0009600891948575203,-1.0869736322753323e-13,1.7330716136002142e-14,-1.0727782805093984,4.638012747887247e-06,6.772439908322698e-06,1.2342760039141727
726.0,-0.008507052160952969,0.0007986073809011189,-1.1673266077907234e-13,1.9142245938079863e-14,-1.0314494486677916,4.642540553104536e-06,5.694688190793782e-06,1.037855939486804
727.0,0.0019196528995013666,0.00045744754174066664,-1.1484958544003232e-13,2.1291099091605316e-14,-0.9871837143338986,4.646874042814533e-06,5.693518611996074e-06,1.0376427839528697
728.0,0.008670363442721112,-0.0011552916751595855,-8.173451799897522e-14,2.0166240641131955e-14,-0.9466637029288268,4.651029659804464e-06,6.919477617699299e-06,1.2610736010594816
729.0,-0.004527948652545563,-0.0001502905345127081,-5.6363976389763655e-14,1.86868143152084e-14,-0.907442043666545,4.655013103515649e-06,6.277106552720612e-06,1.1440015853834724
730.0,-0.005906711490521844,0.0010573873527771622,-5.838398306515033e-14,1.676830470602349e-14,-0.8638623799207398,4.658805243397906e-06,5.4924870693431414e-06,1.0010048200159085
731.0,0.007974221169669721,-0.0004528631135594363,-8.307059339157308e-14,1.5938981365848763e-14,-0.8206572132395181,4.662407723399725e-06,6.51040248444497e-06,1.1865197286577018
732.0,0.0036091246837249877,-0.0010354484326834297,-1.034000465430646e-13,1.6534288030957194e-14,-0.7815909795458108,4.665838712402186e-06,6.820589429262014e-06,1.2430512457915244
733.0,-0.008370945541182232,0.000692413697075299,-1.4671651898982087e-13,1.8424372958030798e-14,-0.7403622203613034,4.669088717459017e-06,5.754186198648728e-06,1.0486994411450188
734.0,0.0005891865166198334,0.000600343992566005,-1.6787460515284872e-13,2.2068681599337955e-14,-0.6958474217908567,4.672143313678824e-06,5.590882056370598e-06,1.0189372894120843
735.0,0.0091172753210096,-0.0010929476650449023,-1.2911668535929812e-13,2.296228333847784e-14,-0.6546815390316147,4.6750172019647885e-06,6.904478156441904e-06,1.2583399518352352
736.0,-0.0031644621107515354,-0.0003450642249586167,-7.568040509361724e-14,2.1367652970371234e-14,-0.6154608233247065,4.677718921113978e-06,6.397657532647982e-06,1.1659719806600461
737.0,-0.006976744377342046,0.0010658567488236847,-3.200924586665588e-14,1.6219770040605753e-14,-0.5720677053717073,4.680230155323633e-06,5.518925162973197e-06,1.005823158014997
738.0,0.006857256850095464,-0.00023297234939467247,-3.9810904086298465e-14,1.1598692857337872e-14,-0.5282579806332905,4.682549075794119e-06,6.322029633012889e-06,1.1521888090100014
739.0,0.0052888533636850955,-0.0011365243846274758,-9.279103623003444e-14,1.0970365821466191e-14,-0.48873507685867035,4.684694500597759e-06,6.8853447110652106e-06,1.2548528847190494
740.0,-0.007799514073301757,0.0004860961727790557,-1.5241535113935492e-13,1.2651393099898134e-14,-0.4479223903274999,4.686660767910699e-06,5.877320245951092e-06,1.0711406000046744
741.0,-0.001500689237638774,0.0007949661054937013,-1.9868307643244415e-13,1.4645027677275828e-14,-0.40333036155457724,4.688431287365334e-06,5.489548877034664e-06,1.0004693349750178
742.0,0.009358248532684577,-0.000950333489023837,-2.2789468180492785e-13,1.7672385118779902e-14,-0.36135330168159346,4.69001753802139e-06,6.846750047774766e-06,1.247819013998395
743.0,-0.0010375827820829574,-0.0006072765214480908,-2.259913614657307e-13,2.081548360401057e-14,-0.32218619197161746,4.691431854857597e-06,6.558273499362154e-06,1.195244212860609
744.0,-0.008015372797147051,0.0010115945821986658,-2.1210129137383975e-13,2.3505397732475653e-14,-0.27929076510391304,4.692657871493712e-06,5.57302874915701e-06,1.0156835272550868
745.0,0.004963732804519905,6.899459450040044e-05,-1.6713241070524851e-13,2.6212166074449184e-14,-0.23493498038393087,4.6936891773238525e-06,6.03713541111732e-06,1.1002668862613965
746.0,0.0071227554799832135,-0.0011957131096805547,-1.3085608356023658e-13,2.616379650922208e-14,-0.19481356892319737,4.694544360188033e-06,6.928849266936912e-06,1.262781582514861
747.0,-0.006524679632861551,0.00019216441914065568,-6.004053090267518e-14,2.145474796735417e-14,-0.1545795637810886,4.695222925828141e-06,6.061585383608275e-06,1.104722889526167
748.0,-0.003882761039997445,0.0009676255417583185,-2.959090548606157e-14,1.6420724517385396e-14,-0.11018422639747347,4.69570660703597e-06,5.45522649080066e-06,0.9942140860102177
749.0,0.008962381044344622,-0.0007147185620413278,-4.881144556953886e-14,1.2136267150557271e-14,-0.06735064770929014,4.6960022595417515e-06,6.712432024983487e-06,1.2233395775369895
750.0,0.0015362185038663772,-0.0008688287290809517,-1.2344680672904834e-13,1.242524415299831e-14,-0.02814149266636221,4.696125793659184e-06,6.720462347949776e-06,1.2248031025110229
751.0,-0.008509793191284401,0.0008617177548933592,-1.7067392603834443e-13,1.6487667640709124e-14,0.014008576974418905,4.69606429950841e-06,5.660934278340986e-06,1.0317042947704727
752.0,0.0024710962114548895,0.000393540195701034,-2.1485019364329834e-13,2.2741233744146854e-14,0.058682793752300906,4.695806696714536e-06,5.74074069801152e-06,1.0462490009754835
753.0,0.0085582415870231,-0.0011654839207869225,-1.982890176554494e-13,2.8290366550477334e-14,0.09952155682038936,4.695369821960484e-06,6.931063819470637e-06,1.2631851843317519
754.0,-0.00458260169315661,-0.0001419311787088186,-1.1018278612419027e-13,2.917460475892953e-14,0.1391922513452013,4.694758802775142e-06,6.271623378353335e-06,1.1430022778018
755.0,-0.005998463528410587,0.0010586897288251322,-3.856675310493113e-14,2.5018780588175353e-14,0.18310233326782038,4.693955029307679e-06,5.4846697659883025e-06,0.9995801178292804
756.0,0.007803222991679233,-0.0004153981137586012,1.1011343285344736e-14,1.8892661498404093e-14,0.22666669997620817,4.692960019161459e-06,6.485167446900938e-06,1.1819206474225632
757.0,0.004048685686054185,-0.0010653991853467263,3.478354799275597e-14,1.679828397442177e-14,0.2660695076097137,4.691792040540428e-06,6.842596805681705e-06,1.247062086344063
758.0,-0.008241857601179625,0.0006328137048706817,4.461287236791341e-14,1.4720767012722e-14,0.3073670991421296,4.690442775816969e-06,5.7901613157822e-06,1.0552559000308745
759.0,-0.00013484134196608692,0.0006717946304277275,3.709958608072095e-14,1.2843645826170756e-14,0.35205183815612157,4.688897356260423e-06,5.5454159025699445e-06,1.0106510907324247
760.0,0.009268265180905939,-0.0010467214550144003,5.140456970535731e-14,1.2116340485988738e-14,0.3936032904703677,4.687169536216082e-06,6.889396943016554e-06,1.2555914032924946
761.0,-0.0023616997528475504,-0.00044938304636380996,3.876270703809611e-14,1.1667405330099874e-14,0.43284565944496917,4.685269451982533e-06,6.461604658921896e-06,1.1776263333819013
762.0,-0.00744682590793605,0.0010536676291350619,8.194451978362345e-15,1.0719514475635682e-14,0.47607438139705327,4.683179604466795e-06,5.53807954913386e-06,1.0093140415854451
763.0,0.006172254385806222,-0.00011625990502571931,-3.982577629449551e-14,7.616805296575365e-15,0.5200997343070787,4.68089649665812e-06,6.21261538452889e-06,1.132248081116035
764.0,0.006024407872835641,-0.0011681614303202794,-1.230228411550414e-13,5.572340055705768e-15,0.5597778044361036,4.678439212041097e-06,6.904965513985486e-06,1.2584287726634023
765.0,-0.007415906464475552,0.0003857292674096398,-1.024115980431762e-13,-3.935426530675943e-15,0.6002766038815168,4.675804147819208e-06,5.939241661863281e-06,1.0824257673628788
766.0,-0.0023067710065843494,0.0008601191105856057,-1.0353426213315974e-13,-8.417685512285509e-15,0.6447093149202962,4.672974035104037e-06,5.4736928128955175e-06,0.9975795700234791
767.0,0.009317094956036208,-0.0008885637843778907,-1.4991223504173215e-13,-1.0599144498806884e-14,0.6867987911236202,4.6699591601107015e-06,6.8119764208115564e-06,1.2414815264886119
768.0,-0.0004100588628491938,-0.0006764586730094223,-2.438343148597075e-13,-8.869008346798761e-15,0.7257484587570762,4.6667733058138724e-06,6.601341092885737e-06,1.2030932743439249
769.0,-0.008172068880356844,0.0009898252609440853,-3.2857397642303293e-13,-2.3257156316216036e-15,0.7682591274787949,4.663400840309023e-06,5.5901015096518794e-06,1.0187950349073727
770.0,0.004634047673347533,0.00011567546734907455,-3.54078112958217e-13,3.8726099552609004e-15,0.8124333191292247,4.659834461146375e-06,5.989642079564834e-06,1.0916112347864921
771.0,0.007242548494635841,-0.0011961899227720624,-3.157106933467373e-13,8.565781319264921e-15,0.852309758090006,4.6560930343858e-06,6.92295289888394e-06,1.2617069704553159
772.0,-0.00652915740283804,0.0001931435412856339,-2.898403444017625e-13,1.2664993155769473e-14,0.8921637395150668,4.6521766586102635e-06,6.05988831064997e-06,1.1044135982725445
773.0,-0.003688217283550429,0.0009567270168388901,-2.772526286270312e-13,1.8503500588964253e-14,0.9362156907692099,4.64806690578171e-06,5.468508191162279e-06,0.99663467360781
774.0,0.009082676921732478,-0.0007616706815053873,-2.6351773775362126e-13,2.469211742608973e-14,0.9785305932253733,4.6437714011100984e-06,6.733202769315568e-06,1.2271250421050868
775.0,0.0008019617204124556,-0.0008000981787091614,-1.7975779883614873e-13,2.839547553766565e-14,1.0172266339831573,4.63930603049357e-06,6.676527783972088e-06,1.2167960358121437
776.0,-0.008408308797534268,0.0009313614639671121,-5.341096829152077e-14,2.4789238791515936e-14,1.0591434889964542,4.634656655362748e-06,5.624922445569406e-06,1.0251411444659113
777.0,0.0037512960732521312,0.0002348829833663132,4.521127849800695e-14,1.991249097891491e-14,1.1032022308084555,4.629813873370056e-06,5.878603565723669e-06,1.0713744848116395
778.0,0.007728315447829508,-0.0011947636157329721,1.1062119715821805e-13,1.6122126684625998e-14,1.1430276987424655,4.624796267529501e-06,6.920735862429672e-06,1.2613029159443347
779.0,-0.006104495013805704,0.00011233069782163118,2.2257330274671425e-13,1.0919680321673145e-14,1.1824165096803634,4.619605754656131e-06,6.1108090282045866e-06,1.1136938902545401
780.0,-0.004127819663185595,0.000983394579490869,2.9613880549638874e-13,2.7850391490414797e-15,1.2261074012963584,4.61422344969129e-06,5.4792956442954265e-06,0.9986006850786877
781.0,0.008990352805275227,-0.0007276542976255882,3.1003244917985996e-13,-5.140015841801129e-15,1.2682543440849219,4.6086561301843435e-06,6.705237561315452e-06,1.2220283877757374
782.0,0.000960587985843856,-0.0008152615044687979,2.726293973558536e-13,-1.0762797518397711e-14,1.306624403089532,4.602920375710881e-06,6.684623811757008e-06,1.2182715354780276
783.0,-0.00840763694924087,0.0009322513423075321,2.534970578272182e-13,-1.6435451190685035e-14,1.3481937980631549,4.597002141985833e-06,5.626206216673425e-06,1.0253751115279537
784.0,0.003915706943717011,0.00021319574500243212,2.2245411170666056e-13,-2.3089230974778548e-14,1.3919247603235796,4.590891940269203e-06,5.896211028556097e-06,1.0745834418726197
785.0,0.007510101803771507,-0.0011955302826216038,1.4866356796201867e-13,-2.6749106613400872e-14,1.4313237948921766,4.584608786640575e-06,6.910632003566661e-06,1.259461489411155
786.0,-0.006463772731847271,0.0001805096895653506,2.3178842784435518e-14,-2.113940227057545e-14,1.4704479871348206,4.57815388758905e-06,6.065746708993402e-06,1.1054812903590823
787.0,-0.003482313124014931,0.0009451533891772531,-6.277233935076905e-14,-1.6474054892785795e-14,1.513885654421937,4.571508308037552e-06,5.490488912251344e-06,1.0006406562309444
788.0,0.0092004919189744,-0.000818401989445352,-1.6077389309084248e-13,-1.2837850186436172e-14,1.5554035894761797,4.564680475130649e-06,6.755723653429117e-06,1.231229469346165
789.0,-0.0001608875574782023,-0.0007029812300728599,-2.79404995984636e-13,-6.676666888206945e-15,1.5933496063571764,4.557686068696143e-06,6.618342895659932e-06,1.2061918499638697
790.0,-0.008104982282842023,0.0010025518653031125,-3.457816265602532e-13,4.504462310491602e-15,1.6348967204044136,4.550509280817747e-06,5.594298243453486e-06,1.0195598889180775
791.0,0.005282919945069403,2.107969197501969e-05,-3.0597914559487407e-13,1.1548128908753303e-14,1.6780393808404594,4.543143107445703e-06,6.065372232670285e-06,1.105413042113854
792.0,0.00632402960423054,-0.0011761284897307044,-2.8618770713247086e-13,1.8562649451489814e-14,1.7166015512970145,4.535607655785897e-06,6.881704505312314e-06,1.254189457849128
793.0,-0.007527583465903528,0.0004144683128902654,-2.2227017433680918e-13,2.359007132668239e-14,1.7557633704037086,4.527900293530667e-06,5.912908585583357e-06,1.077626568757719
794.0,-0.0014353933759224265,0.0007917876392033942,-1.2419784059023757e-13,2.495589114694046e-14,1.7990034487938902,4.5200031181413245e-06,5.530297506419717e-06,1.0078957656444956
795.0,0.00930689406277148,-0.0010120093945118706,-3.583029034751825e-15,1.969389519338243e-14,1.8393413327779282,4.511928869525762e-06,6.848923793772523e-06,1.2482151788311517
796.0,-0.002671681372225571,-0.00041043569859881135,1.008237700574942e-13,1.4888435678312583e-14,1.8769257953143217,4.503689634515781e-06,6.446402190739412e-06,1.1748556861806099
797.0,-0.006855581688665761,0.0010710513218967312,2.1788893031105093e-13,8.449883864632893e-15,1.9187736719180408,4.495266697789479e-06,5.554278717841256e-06,1.0122663372853045
798.0,0.007531137339530072,-0.0003629500009457687,2.860785062264709e-13,-1.0120687870626302e-15,1.9608465168069034,4.4866590717923265e-06,6.403597246756317e-06,1.167054492530697
799.0,0.003535572228600949,-0.0010287662175065045,2.532268389373191e-13,-8.609100436806473e-15,1.998312821552359,4.477886978083917e-06,6.791504077657709e-06,1.2377504454837234
800.0,-0.008484545540251904,0.0007733798513725094,2.1756726894847929e-13,-1.2495303672375663e-14,2.0379915861917097,4.468940704518432e-06,5.7036866203599995e-06,1.0394959017215144
801.0,0.002310267202928652,0.0004129731670203951,2.114757628989453e-13,-2.084063253754101e-14,2.080786674585458,4.459806571213671e-06,5.734958761683652e-06,1.0451952440780798
802.0,0.008107058158187576,-0.0011828850194249487,1.2009115276895297e-13,-2.5093524623360516e-14,2.1193791077040904,4.450503026775627e-06,6.885908040118048e-06,1.2549555513416608
803.0,-0.006101115766171684,0.00011184214879502875,-2.463158772709245e-14,-1.8838719372055945e-14,2.1570684708919527,4.441034035455529e-06,6.109499441677227e-06,1.1134552183360513
804.0,-0.003511642040549944,0.0009496582662817311,-1.5311737448965272e-13,-1.2833156858991516e-14,2.199294410764156,4.431379682815877e-06,5.530385700295132e-06,1.0079118389630617
805.0,0.00926997025175235,-0.0008665884397398697,-2.79171894502146e-13,-3.4634700385196716e-15,2.2394992502795854,4.421548840981962e-06,6.76761204930092e-06,1.233396127441066
806.0,-0.0012630034830956678,-0.0005821561027786339,-3.1060412865471156e-13,8.601903515301832e-15,2.2761262046857453,4.411557215974943e-06,6.553200332243061e-06,1.1943196290291234
807.0,-0.007467584902765294,0.0010590572052126455,-2.8328645272933334e-13,1.8818378148928824e-14,2.3168014428479675,4.401387036841201e-06,5.588377039579111e-06,1.0184807505343698
808.0,0.006992237998908416,-0.00026119830671841524,-1.8190315564188083e-13,2.5630028117600056e-14,2.358289238655887,4.391034736655812e-06,6.2999697755977215e-06,1.148168403805099
809.0,0.00395224089912765,-0.0010560468163843954,-1.893915496764502e-15,2.3102222740414052e-14,2.3949652149123897,4.38052143810365e-06,6.787707683086896e-06,1.2370585532287053
810.0,-0.00847099373326521,0.0007631796895088876,1.5583867144939294e-13,1.4254207007325137e-14,2.4336714100666788,4.3698382290313095e-06,5.704293097403893e-06,1.0396064320580454
811.0,0.0025085515806667425,0.0003895362567281317,2.7176062184234843e-13,3.769201223772894e-15,2.475613975894591,4.3589709025806265e-06,5.7512649048813844e-06,1.0481670358603319
812.0,0.007796105602859363,-0.0011880987021160932,2.8205472003985053e-13,-8.543432044334025e-15,2.5131839223662547,4.347938653457419e-06,6.8607478737936205e-06,1.250370115373367
813.0,-0.0066831830979295894,0.00022476579618834042,2.4392293178250955e-13,-1.8458531349280365e-14,2.5501061271343812,4.336744325085831e-06,6.031200880232192e-06,1.0991853190322802
814.0,-0.002359324313736296,0.0008696741561407568,1.43504906202193e-13,-2.4460298526829633e-14,2.5915838456853004,4.325367919899233e-06,5.562013792540971e-06,1.0136760533137343
815.0,0.009311276321234851,-0.0009937792534618394,-1.3692066144406053e-14,-1.9519723252505785e-14,2.6303875475286675,4.313821176162469e-06,6.822259955750109e-06,1.2433556989555348
816.0,-0.0031150960228533047,-0.00035315238593942725,-1.7493772064379243e-13,-1.0954888853298753e-14,2.666142166311549,4.3021174785879035e-06,6.426724150684566e-06,1.1712693667783645
817.0,-0.006149368323144208,0.0010711503424236037,-2.812955829581445e-13,1.9772013778334894e-15,2.706441803056222,4.290236875682937e-06,5.5967512795913725e-06,1.0200069543306487
818.0,0.008478072304811873,-0.0005791557053130158,-2.493204999769361e-13,1.2398586622061038e-14,2.746334997787936,4.278181151626398e-06,6.559135222523518e-06,1.1954012617579761
819.0,0.0010480182881085196,-0.0008227517780646264,-1.8101859940554915e-13,2.0812986167474265e-14,2.7816600341788127,4.265970359491361e-06,6.674837283650474e-06,1.2164879424204231
820.0,-0.008183355383245598,0.0009956231589725527,-2.0105239500155637e-14,1.9722226416824128e-14,2.82038606207291,4.2535895697753765e-06,5.6251212790079455e-06,1.0251773818257532
821.0,0.005869471399697576,-7.207979575120545e-05,1.0747100050757363e-13,1.3278238384272974e-14,2.8609223554561427,4.2410308358655125e-06,6.107772782186562e-06,1.113140534942015
822.0,0.004840767036078474,-0.0011069808853148679,2.3430746806895585e-13,2.796509249969626e-15,2.8964509558031524,4.228316140282276e-06,6.772447566432062e-06,1.234277399603282
823.0,-0.008388148398147707,0.0007108672020536042,2.596380059656977e-13,-9.698957952949933e-15,2.9335242369368295,4.215438702263182e-06,5.717283545975454e-06,1.0419739390671892
824.0,0.0023433622288748703,0.00040885225999453395,2.1414066948964592e-13,-2.007686410371178e-14,2.9741447951169637,4.202382950148817e-06,5.733784470985036e-06,1.0449812298010184
825.0,0.007602279430924404,-0.0011865953420418262,6.718026624278199e-14,-2.3471204723708278e-14,3.010282113193017,4.189168564242428e-06,6.818001467841954e-06,1.2425795902695742
826.0,-0.007105886960569824,0.00031578383147732073,-1.404259178629924e-13,-1.4397088423346248e-14,3.0458897263439964,4.175797869816209e-06,5.9626701011933e-06,1.0866955963854539
827.0,-0.0012278423055765944,0.0007781905004915249,-2.9522220609991124e-13,7.404612875391067e-16,3.0860734783915817,4.1622507787644395e-06,5.607459216071476e-06,1.021958473905239
828.0,0.009056204117919681,-0.0010913140853030063,-2.7684977895823447e-13,1.594412879686831e-14,3.1229611000300794,4.148541760275582e-06,6.838500887722471e-06,1.2463156060032228
829.0,-0.004892472533708301,-9.599391988223485e-05,-1.4586842119466632e-13,2.4378779767714862e-14,3.1574473665985234,4.134681355698057e-06,6.2752390136735085e-06,1.1436612267146005
830.0,-0.004241948105577426,0.0010004612086175306,5.301947749383571e-14,1.941621268488466e-14,3.19680163575125,4.120648195717518e-06,5.6362265395059634e-06,1.0272013136340037
831.0,0.009278142094836173,-0.000875580661515034,2.500540151395764e-13,6.634126263493743e-15,3.2343706019434046,4.106450117367637e-06,6.767092627240894e-06,1.2333014628603136
832.0,-0.0022772655641845334,-0.000462883665347427,3.1899762702448385e-13,-1.1013909238257933e-14,3.2681120919204076,4.092103922312129e-06,6.519672117662732e-06,1.1882091177110783
833.0,-0.00644059971354232,0.0010813019833699417,2.34004008114403e-13,-2.5537249453590957e-14,3.306392938019806,4.077589683912457e-06,5.666388711512205e-06,1.032698364274126
834.0,0.0085271426854817,-0.000593149084458538,-1.224741307118348e-15,-2.478471703250628e-14,3.3444542197444984,4.062908366001333e-06,6.5624512178571345e-06,1.1960056013349645
835.0,0.00035710674982912234,-0.0007558450803824186,-2.5931902155025976e-13,-1.0071147672865607e-14,3.377780314498443,4.048080754865763e-06,6.642993172856315e-06,1.2106843587266183
836.0,-0.00779917593062687,0.0010468066062238515,-3.582304142817942e-13,1.224913980889363e-14,3.4148702567653664,4.033090328156128e-06,5.649500634371942e-06,1.0296205151313287
837.0,0.007108907168733893,-0.0002873456900519318,-2.4103899972768353e-13,2.8130372907322865e-14,3.453188599831246,4.0179316935000186e-06,6.268535393870693e-06,1.142439493163032
838.0,0.00276496397943125,-0.0009664783805967533,3.5871163089690647e-14,2.529567295805991e-14,3.4863488957937245,4.0026274934347084e-06,6.673767541304588e-06,1.216292982062595
839.0,-0.008412390510777593,0.0009296011739046764,3.195890246699029e-13,6.04246236043556e-15,3.5222268124007696,3.987165798284972e-06,5.625464319271445e-06,1.025239900854544
840.0,0.005319090652107092,9.05019434258464e-06,3.608580283465251e-13,-1.710806447453936e-14,3.560566033615596,3.971535803538908e-06,5.977799427328456e-06,1.089452913461249
841.0,0.004800497120685727,-0.0010984540169855928,1.8268557387739607e-13,-3.047710464444251e-14,3.5937217181781613,3.955760263626536e-06,6.6709982316548795e-06,1.2157882758571041
842.0,-0.008434071681266659,0.0007626733855609308,-1.2864164022335124e-13,-2.046388918503664e-14,3.6284363616670694,3.939832335107908e-06,5.648563157345509e-06,1.0294496601051326
843.0,0.0034169516871240656,0.00027333129639854186,-3.425628556845357e-13,1.252223899901875e-15,3.6665863279671087,3.923736937774714e-06,5.76841227131137e-06,1.0512921404314104
844.0,0.006400024484119794,-0.0011634570654498542,-3.086712222913634e-13,2.211485743857697e-14,3.6998140679194553,3.9074956789700645e-06,6.681195100324001e-06,1.2176466534113877
845.0,-0.00804360161941603,0.0005755681160284391,-6.315193040002102e-14,2.6580481844045727e-14,3.7334583241423056,3.891106730291661e-06,5.741002839559625e-06,1.0462967762273623
846.0,0.001601613322315849,0.0004931365843264615,2.1338367281409155e-13,1.3094755092028671e-14,3.771250834872418,3.8745518819392795e-06,5.669184570542006e-06,1.0332079090995543
847.0,0.007570740899793712,-0.0011778942262524528,3.3556515058562573e-13,-9.420984270585076e-15,3.8045565033025786,3.857850830028907e-06,6.720901370514422e-06,1.2248831142976249
848.0,-0.007416290687930517,0.0003912941102920436,2.2987073897520875e-13,-2.5339058395050354e-14,3.837241859608605,3.841006297575691e-06,5.88943740630569e-06,1.0733489503870648
849.0,-1.3214686650412201e-06,0.0006655116080512869,-4.309898581463887e-14,-2.216536628158751e-14,3.8745566981855344,3.82399796230983e-06,5.664394430967433e-06,1.032334906989188
850.0,0.008370347210291746,-0.0011592278150457287,-2.7656960330496457e-13,-4.337025827900501e-15,3.90789543272857,3.8068432783340103e-06,6.7834076055821425e-06,1.2362748648459458
851.0,-0.006699435899122084,0.00022499511693905587,-3.078200748786241e-13,1.7419875814745587e-14,3.9397309561348632,3.7895488443693174e-06,6.064198741143133e-06,1.1051991734856539
852.0,-0.0013339379293278671,0.000794208792375464,-1.062025739191078e-13,2.5871404759680938e-14,3.9764932491777056,3.7720930331287396e-06,5.7191906919625475e-06,1.0423215160940356
853.0,0.008880634899423234,-0.0011230060817403347,1.7536335301650334e-13,1.4605029682927938e-14,4.0097900328154,3.754491057332188e-06,6.854261912331869e-06,1.249188050016875
854.0,-0.00600140279795212,8.475462992220407e-05,3.264258807189973e-13,-8.421851318878816e-15,4.040869374691134,3.7367526509946377e-06,6.237567570810259e-06,1.1367956127573924
855.0,-0.0023867177370712526,0.0008864002381779273,2.164104480642147e-13,-2.4908600360200422e-14,4.077041529236757,3.7188554579416704e-06,5.801100826648689e-06,1.0572496239973983
856.0,0.009185245689206976,-0.0010814004043330826,-6.209216174578e-14,-2.134874338089019e-14,4.110207623409136,3.70081267402681e-06,6.922165210417564e-06,1.2615634143683265
857.0,-0.005393219912140123,-2.64047916977968e-05,-2.998830680321908e-13,-2.372732831285808e-16,4.140603909949884,3.6826364580131074e-06,6.391903936956722e-06,1.1649233888387707
858.0,-0.0031771620731322198,0.0009500303131480981,-2.764750032692949e-13,2.0785860506684567e-14,4.176175890067014,3.664304089899686e-06,5.888811336270952e-06,1.0732348492313355
859.0,0.009356546907119576,-0.0010430486367383933,-3.319431080903499e-14,2.463359235850455e-14,4.209119521643297,3.6458271074795524e-06,6.982384862210262e-06,1.2725384355095926
860.0,-0.004916602616242607,-0.00010844694695493607,2.5073479409883835e-13,7.873054428848755e-15,4.2388857287127255,3.627219458851936e-06,6.519869357498392e-06,1.1882450646370706
861.0,-0.0037333198113803138,0.0009922269071820995,3.137567287524244e-13,-1.5936711592072448e-14,4.273866169651773,3.608458254833707e-06,5.9720510143286525e-06,1.0884052661845967
862.0,0.009450454738119847,-0.0010135722774739855,1.1048721611533254e-13,-2.618986694874975e-14,4.306498198775489,3.589553804365632e-06,7.035718616709241e-06,1.282258503058046
863.0,-0.004592899693517022,-0.00016274944605126595,-1.978240767218361e-13,-1.2819439680516754e-14,4.335670436273741,3.570521295067999e-06,6.621485582172314e-06,1.2067646040381128
864.0,-0.004083634948217421,0.0010185887852921715,-3.2131633907003994e-13,1.141309366939258e-14,4.370079555979005,3.5513377383371404e-06,6.048343619964131e-06,1.1023095803884386
865.0,0.009505978323834902,-0.0009962581426727385,-1.622077694617733e-13,2.5475112747667392e-14,4.402315685748772,3.5320126730556246e-06,7.086236525621364e-06,1.291465383234499
866.0,-0.004430270969970072,-0.00019112054382285676,1.4429133006977414e-13,1.619770325899942e-14,4.430917585115098,3.5125620525863662e-06,6.701024139527677e-06,1.2212604923824348
867.0,-0.0042517974235358824,0.0010330068254993116,3.1513060841457125e-13,-7.263614791227832e-15,4.46478187775305,3.4929627763384997e-06,6.1198115903590955e-06,1.1153346056527529
868.0,0.009546827359106723,-0.0009926502441230378,1.9858960086057097e-13,-2.4180685435924953e-14,4.496542865831493,3.4732240772932157e-06,7.139393084363257e-06,1.3011531568868195
869.0,-0.004428491325068912,-0.00019528270798133541,-9.800209615321862e-14,-1.8251179667541283e-14,4.524590068966906,3.453362258037968e-06,6.764774381915982e-06,1.232878963050133
870.0,-0.004254830342357047,0.0010377485961567028,-3.0076852103325865e-13,3.883961097563876e-15,4.557938369606058,3.43335404807999e-06,6.190952735337042e-06,1.1283000670412477
871.0,0.009583561544488781,-0.001002973982557089,-2.23284621880265e-13,2.272480681159784e-14,4.589149307721277,3.413208829906421e-06,7.2008414131238785e-06,1.3123521041933373
872.0,-0.004581680992526155,-0.0001766726917600782,6.418280653764309e-14,1.9672089533300935e-14,4.61665359709478,3.3929428747785745e-06,6.819698791651293e-06,1.2428889272407542
873.0,-0.004103074749785657,0.001033648739800786,2.9198269186042416e-13,-1.6260534499893548e-15,4.649514041492758,3.3725326705149317e-06,6.267276897187473e-06,1.142210132359816
874.0,0.009615611744607299,-0.001026397287764043,2.388488264382359e-13,-2.1822809083972405e-14,4.680103403726029,3.3519881865984254e-06,7.275730288095522e-06,1.3260005887260735
875.0,-0.004879472324134351,-0.00013644392690609358,-4.247556492325774e-14,-2.0706374355197627e-14,4.707076302722767,3.331325298398548e-06,6.872632184839523e-06,1.2525360290094532
876.0,-0.0038012599344286534,0.0010203318721663142,-2.839482212492332e-13,3.1698335912971915e-16,4.739473774189525,3.3105201933982992e-06,6.354410472993924e-06,1.158090211505439
877.0,0.009632988763812434,-0.0010611620780530994,-2.409336752278396e-13,2.0935398231792804e-14,4.7693726827157175,3.289583839664348e-06,7.3681456967990955e-06,1.3428432810051982
878.0,-0.005307080913718261,-7.559796835723041e-05,3.565855973652934e-14,2.0460424765957804e-14,4.795828476592864,3.2685313516092242e-06,6.9296531446315674e-06,1.2629280890859087
879.0,-0.003350230762277709,0.0009964447660702766,2.7539168006736554e-13,-1.0483975892752219e-16,4.827782238323058,3.2473385945285454e-06,6.457303073260659e-06,1.1768423701378832
880.0,0.009617745129566905,-0.001104627020936634,2.3718491100604624e-13,-2.0299980460725288e-14,4.856924240348386,3.226017911344476e-06,7.480419671260955e-06,1.3633051934648492
881.0,-0.005844673604531035,4.800237653987605e-06,-3.651649687676262e-14,-2.0274364695322094e-14,4.882882391843431,3.2045832783648814e-06,6.995349023405554e-06,1.2749011516489501
882.0,-0.0027491251213315666,0.0009599013284306165,-2.7663937671270357e-13,4.015022171374644e-16,4.914403718625499,3.183010274641045e-06,6.579294077947488e-06,1.1990752096782233
883.0,0.009545381834524904,-0.0011532655803431799,-2.2772316007516655e-13,2.0643119135889196e-14,4.942725270271677,3.1613129463858695e-06,7.612161690026017e-06,1.3873151536372679
884.0,-0.0064663944025954755,0.00010335530650798634,5.00205435870288e-14,1.925794542326313e-14,4.96821217519194,3.139503736989821e-06,7.071843309740134e-06,1.28884222212538
885.0,-0.001997884656333434,0.0009081560159065245,2.76263981664618e-13,-1.6939397014192297e-15,4.999301922102451,3.1175580513772714e-06,6.720963014345288e-06,1.2248943488751565
886.0,0.009386451247279996,-0.0012026673430535074,2.111556643488435e-13,-2.1037668707834602e-14,5.026743693611876,3.095491903248239e-06,7.759055452082069e-06,1.4140865164082617
887.0,-0.0071394310856326025,0.00021805434328956894,-7.015315996750009e-14,-1.8337721513733936e-14,5.051793671559466,3.0733157919785108e-06,7.157651703800271e-06,1.3044807871265522
888.0,-0.0010999663751848502,0.0008385222783296231,-2.810644421760677e-13,3.600675521117512e-15,5.082439853362242,3.0510051516322138e-06,6.8788990041272986e-06,1.2536781557425767
889.0,0.009108606644163504,-0.0012475945747089097,-1.9319203714544065e-13,2.1782962828337316e-14,5.1089488715124025,3.028578143323492e-06,7.911712240329936e-06,1.4419081897076287
890.0,-0.007823551690068285,0.00034600073350850855,9.829083526511446e-14,1.6074272603431174e-14,5.1336042437733775,3.006042904094388e-06,7.2466782915708135e-06,1.32070586737577
891.0,-6.502524846239407e-05,0.0007485424080500347,2.7722107583881023e-13,-6.076242777659362e-15,5.163779841377026,2.9833752015357033e-06,7.044772973453115e-06,1.2839086580112276
892.0,0.008679267908142763,-0.0012821442543694752,1.589568659084106e-13,-2.2215581787033186e-14,5.189312348526115,2.9605954176537606e-06,8.055147558139932e-06,1.4680492516119383
893.0,-0.008471551931461053,0.0004832218411413995,-1.3538034223937776e-13,-1.3417336229278746e-14,5.213622450355742,2.937708918502311e-06,7.327907470756777e-06,1.3355098712568039
894.0,0.0010887973903994474,0.0006363943428080664,-2.7221496396863317e-13,9.023527966870783e-15,5.24328378440394,2.914692213509724e-06,7.205317235554468e-06,1.313167822058485
895.0,0.008068894468461285,-0.0013000508316772107,-1.1936687233249655e-13,2.2333926115306326e-14,5.267808522453499,2.8915678510482838e-06,8.169631582656538e-06,1.488913945312464
896.0,-0.009030957378767671,0.0006246084522284784,1.7513804067587714e-13,9.966783337134598e-15,5.2918275588941155,2.8683380510216283e-06,7.386468289097678e-06,1.3461825702879058
897.0,0.0023334386090608566,0.0005012947513131556,2.6338317831500294e-13,-1.2589777441505575e-14,5.3209136314571195,2.8449805704079394e-06,7.343872087250448e-06,1.3384194198562114
898.0,0.007254603577560386,-0.0012951319878300666,6.914882986111147e-14,-2.1789985110009598e-14,5.34441509144381,2.821519924260274e-06,8.23356036978837e-06,1.5005649557288414
899.0,-0.009447067962755878,0.0007640296813500569,-2.1403557334721244e-13,-6.091929012313963e-15,5.3681988836516625,2.797954873210764e-06,7.40656766688419e-06,1.349845678418996
900.0,0.0036307446894668157,0.0003438376179004791,-2.4295510246755303e-13,1.5963797259143013e-14,5.396632042030979,2.7742650077042584e-06,7.443873719352899e-06,1.35664470003989
901.0,0.006223633018860296,-0.0012618335346490546,-7.269793198785678e-15,2.029636990135238e-14,5.419113125592927,2.750476455861187e-06,8.228434809594249e-06,1.4996308232684785
902.0,-0.009667046470740969,0.0008946288261464639,2.479443888194786e-13,1.1519117935985711e-15,5.442714980841222,2.726584297774039e-06,7.376178537932621e-06,1.3443072649147756
903.0,0.004933734216566762,0.00016620716134501133,2.1098145530938897e-13,-1.9050516310989315e-14,5.470403086849657,2.702570595823541e-06,7.493935346925187e-06,1.3657684230209428
904.0,0.00497605491126647,-0.0011957870480497892,-5.833651471510758e-14,-1.754070808401971e-14,5.491886676037989,2.6784625862874032e-06,8.145053952816535e-06,1.4844346765178718
905.0,-0.00964437211307414,0.0010092520655304177,-2.6898874843560364e-13,4.398673224828167e-15,5.515352781932485,2.654251566412915e-06,7.292421959332883e-06,1.32904264292698
906.0,0.006189054592003741,-2.776946165872392e-05,-1.675694735242643e-13,2.149772552600694e-14,5.542192815274299,2.6299227255020646e-06,7.493162708803554e-06,1.3656276098566844
907.0,0.0035263023342648257,-0.0010942775019968322,1.2490079740744694e-13,1.4043149509741592e-14,5.562721968039678,2.6055037667428625e-06,7.98898608892801e-06,1.4559913352719753
908.0,-0.009342801781665779,0.0011009157729743287,2.7738814713943514e-13,-9.845178718236152e-15,5.58608677682035,2.5809822423143154e-06,7.16571277372119e-06,1.305949915727758
909.0,0.007339992803305212,-0.0002327165115710466,1.047004066415378e-13,-2.2250810134083085e-14,5.611969557167063,2.5563470989507415e-06,7.454529578399361e-06,1.3585867285111912
910.0,0.0019034569101534027,-0.0009565435194936941,-1.8666343707211384e-13,-9.282697122203407e-15,5.631606380681322,2.5316257548411457e-06,7.782858202158065e-06,1.41842456349966
911.0,-0.008739155714498419,0.0011632064873899155,-2.649853494608949e-13,1.4726105104432652e-14,5.654888359901466,2.506802208663268e-06,7.02051473049873e-06,1.2794875974213915
912.0,0.008329232303956855,-0.0004418891952003452,-3.394050366175172e-14,2.1738333515868304e-14,5.679703951134749,2.4818697282437737e-06,7.404139850617533e-06,1.349403209323602
913.0,0.00015069755981506262,-0.0007838967763770041,2.4337620885577337e-13,3.292886924281898e-15,5.6985275167359415,2.4568546170771822e-06,7.563499551664296e-06,1.3784464873231952
914.0,-0.007824764138727479,0.0011905466831741323,2.3610876676932964e-13,-1.946099041857503e-14,5.721725424699796,2.431737672894106e-06,6.89130730006007e-06,1.2559395655338197
915.0,0.009100787637807368,-0.000647356276846337,-4.898742781673957e-14,-1.953660687339215e-14,5.7453688548418125,2.4065169399635642e-06,7.375307646745716e-06,1.3441485451463366
916.0,-0.0016754455355479777,-0.0005797230699329588,-2.8437751160782475e-13,3.720884307339766e-15,5.763472638208197,2.38121673594999e-06,7.373554290381488e-06,1.3438289962517032
917.0,-0.00660605952599453,0.001178342825338855,-1.814323338852692e-13,2.2890223802543677e-14,5.786562261505347,2.355815174262547e-06,6.8139328820669314e-06,1.2418380912145874
918.0,0.009601196491945577,-0.0008401388167860518,1.3455120127324117e-13,1.5227285857292337e-14,5.808939419721815,2.3303153824448232e-06,7.39825274622872e-06,1.3483302855652501
919.0,-0.0035056166237676313,-0.0003494691472118099,2.983710449388226e-13,-1.077419128472782e-14,5.826428568491896,2.3047388176362863e-06,7.249336744051627e-06,1.3211903698813707
920.0,-0.005105187412640254,0.0011231233215399192,1.0235422540840467e-13,-2.4209334618400255e-14,5.8493598161036315,2.2790615903835455e-06,6.81432438061145e-06,1.241909441756727
921.0,0.009780833655643681,-0.00101035067948475,-2.164589260941141e-13,-8.859812937462847e-15,5.870393610986337,2.2532920300297183e-06,7.488141748833415e-06,1.3647125407690812
922.0,-0.005258273365903997,-0.00010068009305465272,-2.7871702434419905e-13,1.7258608888869745e-14,5.887381909573302,2.227447895292169e-06,7.208577539011753e-06,1.3137620118006281
923.0,-0.003361257805373732,0.001022812306459917,-6.6306203919831454e-15,2.242513325565452e-14,5.910076420014166,2.2015041373274118e-06,6.898141041214107e-06,1.2571850136791805
924.0,0.009596626042648755,-0.001147492191953271,2.6972572247819496e-13,1.198360114271574e-15,5.929713262251165,2.1754741785344446e-06,7.635666595496806e-06,1.3915989186007949
925.0,-0.006841662254771903,0.0001569712598902616,2.2659382296180575e-13,-2.1749918219501744e-14,5.946319221280712,2.1493713237328275e-06,7.24255807687696e-06,1.3199549589592408
926.0,-0.0014319193437433222,0.000877217989378994,-9.342670393789444e-14,-1.8199202375522892e-14,5.968669134143528,2.123170358401221e-06,7.045578076712343e-06,1.2840553879412069
927.0,0.009017012759372715,-0.0012410819393196405,-2.9735335317984303e-13,6.992009347904303e-15,5.986885403037232,2.0968894282032383e-06,7.804898893141557e-06,1.4224414756256987
928.0,-0.008158652633024064,0.00041185155334465127,-1.471276521251848e-13,2.3983721167722148e-14,6.003226778449273,2.0705367634525404e-06,7.316645659157059e-06,1.3334574080372998
929.0,0.0006061512753697128,0.000688653117549279,1.8270129696334567e-13,1.1829135177622479e-14,6.025095725161831,2.0440880994930115e-06,7.214978333889987e-06,1.3149285555619794
930.0,0.008028695636622153,-0.0012817028866559596,2.8584535384874793e-13,-1.439460033124366e-14,6.041903245206069,2.017565654722368e-06,7.941916680634482e-06,1.4474129437378187
931.0,-0.009115108350872573,0.0006509329513161754,4.190925176594765e-14,-2.2765997604751955e-14,6.058089687965559,1.990972155514621e-06,7.381215988433142e-06,1.3452253393986937
932.0,0.0026595712620157068,0.0004624538156710265,-2.5127863255019437e-13,-3.3768175858650605e-15,6.079316986432108,1.964285473773431e-06,7.356305986050029e-06,1.3406854957655094
933.0,0.006643284201089549,-0.0012623149888790013,-2.362445769115433e-13,2.0050348992271284e-14,6.094766113587323,1.937530974226311e-06,7.993747885752502e-06,1.4568591719210333
934.0,-0.009630728879801598,0.0008608020834446371,6.732524918300992e-14,1.838903180619508e-14,6.110890426052446,1.910705692978547e-06,7.390990026258279e-06,1.34700665610467
935.0,0.004624134364212541,0.00020714557500785814,2.8065589137572213e-13,-5.2737704773371255e-15,6.1312988120149505,1.8837908240185045e-06,7.431107319900931e-06,1.354318025944106
936.0,0.004901433600460458,-0.0011794894325442315,1.5109930358573257e-13,-2.266457714123368e-14,6.145477945980728,1.8568137122051356e-06,7.931333066393719e-06,1.4454840818698818
937.0,-0.009649698107090526,0.001028917697941778,-1.6806509665465768e-13,-1.1326700877140999e-14,6.1616071314295695,1.8297657972999428e-06,7.325643379259508e-06,1.3350972409723607
938.0,0.006393237958260556,-6.585775675121851e-05,-2.7047026393845816e-13,1.3322615805523127e-14,6.181013409713411,1.8026326936846534e-06,7.430739983645919e-06,1.354251078975057
939.0,0.002872997869273287,-0.0010341968845165262,-4.348177082995857e-14,2.182049489025996e-14,6.1940446610624456,1.7754423861337545e-06,7.765843661356188e-06,1.4153236663763695
940.0,-0.00914818252552715,0.0011447739554399589,2.440622212723966e-13,2.537746544002668e-15,6.210212160285333,1.748181107303142e-06,7.201481861520172e-06,1.3124688258029775
941.0,0.007866499132167299,-0.0003429386834446222,2.181045784490976e-13,-1.9473533754149128e-14,6.228439408403164,1.7208398154101044e-06,7.382777605231492e-06,1.345509943790553
942.0,0.0006534674275473164,-0.0008319570433039678,-7.445184489434592e-14,-1.7301459502677796e-14,6.240471300665652,1.6934457065180074e-06,7.5485651078334954e-06,1.375724687513719
943.0,-0.008137040949118692,0.0012006731405473509,-2.779585363656325e-13,6.806011372998599e-15,6.256671393738722,1.665980483267343e-06,7.066605215877786e-06,1.2878875804234136
944.0,0.008956264407014409,-0.0006091221812398015,-1.2896715199678106e-13,2.2555107495774578e-14,6.273561188151216,1.6384411180416562e-06,7.339804928519734e-06,1.337678180879803
945.0,-0.001641654873199538,-0.0005824270556531534,1.845191557557175e-13,9.820131363353808e-15,6.284759984921395,1.6108525928978474e-06,7.351686150219449e-06,1.3398435314830799
946.0,-0.006660282877822011,0.001192033615746978,2.6469584836666655e-13,-1.5293747078071047e-14,6.300944604837199,1.5831930213187632e-06,6.979928719686459e-06,1.2720908039587244
947.0,0.009591278710478072,-0.0008488735180168396,1.3663259714715237e-14,-2.1367042712425386e-14,6.316368181625843,1.5554657440934712e-06,7.353990548671335e-06,1.3402635077030423
948.0,-0.003882839510574094,-0.0002987096061563079,-2.605574210700833e-13,-3.5142736647916257e-16,6.326909228227216,1.5276921943088605e-06,7.237477615503016e-06,1.3190290457510678
949.0,-0.004791443201714933,0.0011174266417095784,-2.0462100561661352e-13,2.1256138086396435e-14,6.3429869607470115,1.4998480672979212e-06,6.983120835984746e-06,1.2726725666029137
950.0,0.00971890250165847,-0.0010468231792877636,1.0646595996452118e-13,1.6477032271266045e-14,6.35685486375814,1.471943063659739e-06,7.4490661892178565e-06,1.3575910267762097
951.0,-0.0059326341340781,3.360942451781216e-06,2.9088654833786403e-13,-9.528588179959217e-15,6.3669143377508695,1.4439939014455972e-06,7.2303457175837655e-06,1.3177292585867286
952.0,-0.0026298878818872377,0.0009786580210130716,1.0323855183191233e-13,-2.348146451448224e-14,6.382751579372138,1.4159752177000484e-06,7.078975705188425e-06,1.2901420999643007
953.0,0.009308324738278752,-0.0011886226593913428,-2.140312498437044e-13,-8.229693684809882e-15,6.395021577933148,1.3879026717283163e-06,7.603900487912072e-06,1.3858095509784394
954.0,-0.007653399940193986,0.00030595285178881094,-2.681852600311012e-13,1.7937226600946918e-14,6.404768008353962,1.3597873413636448e-06,7.305600980747858e-06,1.3314445173042757
955.0,-0.0002971452295530311,0.0007810555901832745,2.124462879374962e-14,2.1260650645778446e-14,6.42019292080289,1.3316042994895504e-06,7.227700478269361e-06,1.3172471641784245
956.0,0.008356066459617065,-0.0012621682823397721,2.8091914143329196e-13,-1.9350723229622954e-15,6.4308755233007595,1.3033743636611411e-06,7.757830590845292e-06,1.4138632856593523
957.0,-0.008918325414586738,0.0005902272485890591,1.899336156720823e-13,-2.2872020680743006e-14,6.44046022526254,1.2751023533872948e-06,7.401387891426928e-06,1.3489016652362869
958.0,0.0020685416201860424,0.0005337962402732701,-1.423620268271659e-13,-1.482941914807283e-14,6.4552704760350315,1.2467653298151201e-06,7.3647906227821285e-06,1.342231819344917
959.0,0.006892375150252845,-0.0012591579630902164,-2.931232406566814e-13,1.1723699479318943e-14,6.46443072353264,1.218388095046493e-06,7.838244120025844e-06,1.428518637467736
960.0,-0.009625243280742423,0.0008377494264842719,-7.547288584563197e-14,2.338300904245534e-14,6.47397712193201,1.189968953975492e-06,7.449782351839814e-06,1.3577215472904036
961.0,0.004321051342405091,0.00024991695480160744,2.3639209524692146e-13,5.6589728211299636e-15,6.487951845649118,1.1614884673610537e-06,7.433562298758309e-06,1.354765445416969
962.0,0.00498521519772517,-0.0011765747717813956,2.4833999285554874e-13,-1.9279379814084205e-14,6.495706120804305,1.132973941417253e-06,7.798497833326592e-06,1.421274883579674
963.0,-0.00971004681316992,0.0010321546881306154,-5.542930550764632e-14,-1.919380608667224e-14,6.505299133014528,1.1044173045481026e-06,7.412664706188318e-06,1.3509568627794153
964.0,0.0063179602332746375,-5.422647448036878e-05,-2.8364140449031173e-13,4.799098407655592e-15,6.518214327682161,1.0758039732031598e-06,7.416246974392327e-06,1.351609730541056
965.0,0.0027392179310992055,-0.0010175640412049994,-1.5488680809827092e-13,2.3073352064286527e-14,6.524722023485597,1.047162074700564e-06,7.645933651918225e-06,1.3934700878608155
966.0,-0.009155540217576747,0.0011606365488102466,1.76274382194088e-13,1.121723500871537e-14,6.534399286355011,1.0184776954332872e-06,7.302857316463808e-06,1.330944484962248
967.0,0.007932022478291284,-0.0003600050936775003,2.721321822987199e-13,-1.4377082330800316e-14,6.546044754087215,9.897421954740328e-07,7.345304717134466e-06,1.3386805164052056
968.0,0.00028945787268098527,-0.0007913957795078045,2.5263066108606205e-14,-2.1658248145883327e-14,6.551496210702386,9.60982764983102e-07,7.442523751655444e-06,1.3563986686601237
969.0,-0.007993269051299485,0.0012148595985521007,-2.564571930349537e-13,-7.930786189333658e-16,6.561242566350182,9.321805504274662e-07,7.177277342066621e-06,1.3080575563118924
970.0,0.009059551394127008,-0.000647796738774955,-2.0327651187269488e-13,2.074041438646015e-14,6.571438189063752,9.033335796370236e-07,7.285954134300928e-06,1.327863882931687
971.0,-0.0022078816307304714,-0.0005126049461084138,1.0789369001263864e-13,1.5662426139181946e-14,6.576041251352624,8.744664025538984e-07,7.27517424891671e-06,1.3258992506817449
972.0,-0.0062990430702506515,0.0011912043347783456,2.811442316382501e-13,-9.753222913730083e-15,6.585786939396183,8.45556444336684e-07,7.104766185344238e-06,1.29484241051953
973.0,0.009624773145174934,-0.0008982195616568768,9.031899106412781e-14,-2.268924810845421e-14,6.594396624964675,8.166086917522453e-07,7.298191152015154e-06,1.330094077297174
974.0,-0.004585634903251127,-0.00019970651664237964,-2.1969218838253562e-13,-6.1461528469996434e-15,6.598363800645365,7.876435242583623e-07,7.211007476403258e-06,1.3142048674706595
975.0,-0.004185207960262243,0.0010906120898156895,-2.4308401167647264e-13,1.824788082514366e-14,6.607986098151909,7.58636117284e-07,7.126491736683742e-06,1.2988018884998664
976.0,0.009582005921712915,-0.0010932655548087195,4.397641052034712e-14,1.9437150730237542e-14,6.6149285824105695,7.295982345393632e-07,7.399714918191543e-06,1.3485967661530054
977.0,-0.006676044400912054,0.00012614612089230137,2.8106914548089325e-13,-4.8257363934947746e-15,6.6184653590697975,7.005448262293867e-07,7.262651745384535e-06,1.3236170265752305
978.0,-0.001792458901522226,0.000918430329657361,1.5124562462348854e-13,-2.2792248165110824e-14,6.62779353905061,6.714504695413392e-07,7.231544529904906e-06,1.317947741925261
979.0,0.008918584586276961,-0.0012175435995145456,-1.710479821904027e-13,-1.1796245383049244e-14,6.633049582860445,6.423330401349776e-07,7.551587275518193e-06,1.3762754770524261
980.0,-0.008322795648538965,0.00044252595438072764,-2.8001281782458426e-13,1.4946832627335262e-14,6.636343169680671,6.132011527058719e-07,7.3828690917498315e-06,1.3455266171927238
981.0,0.0007185153511915316,0.0006844137423933987,-2.267572091368241e-14,2.2295399432212455e-14,6.645167257604767,5.840305297368014e-07,7.362082844508647e-06,1.341738327222119
982.0,0.007659531817412708,-0.0012598130067470314,2.622166914442917e-13,1.2696403049043668e-15,6.648782416017407,5.54844037126089e-07,7.676725774363814e-06,1.3990819468597375
983.0,-0.009395628411959154,0.0007273254916008775,2.1523984636684823e-13,-2.1779153229096835e-14,6.6519901148239,5.256434635195408e-07,7.491693320831075e-06,1.365359814152415
984.0,0.0031772225250675345,0.0004026446512096483,-1.1183711637505026e-13,-1.6784931874550168e-14,6.660073997158864,4.964074036905127e-07,7.446087627629231e-06,1.3570481844409823
985.0,0.005871700619156168,-0.0012146115263883279,-2.946079160666912e-13,9.619764286990873e-15,6.662155823860257,4.6716220516272214e-07,7.703040978192763e-06,1.4038778882137932
986.0,-0.009805648679593871,0.0009606141125588984,-1.007333904285897e-13,2.369740578339773e-14,6.665393378603167,4.379027945789989e-07,7.52187035307764e-06,1.3708595730687705
987.0,0.005416171027656034,9.101425769995803e-05,2.2232891946656328e-13,7.56583236514416e-15,6.672491895548897,4.086122232805132e-07,7.439996113284448e-06,1.3559380070034497
988.0,0.0036637731264284653,-0.0010834310145679399,2.610581499428352e-13,-1.8467739017864922e-14,6.673201103097772,3.7931853873818977e-07,7.607160882903079e-06,1.3864037574025874
989.0,-0.009517026132430866,0.0011264300198760993,-3.8662337399951594e-14,-2.0188954762378623e-14,6.676532605599108,3.500102297327611e-07,7.457056001168346e-06,1.3590471686246086
990.0,0.0072844311127541654,-0.00022986731738546223,-2.82330833353403e-13,3.614054530713793e-15,6.6824109188644965,3.2067611640167565e-07,7.356021022331793e-06,1.3406335611770648
991.0,0.0011803241330483301,-0.0008749376985070975,-1.6714725633041257e-13,2.2967731109228073e-14,6.681947601832209,2.9134403691653273e-07,7.4318617463540715e-06,1.3544555200349264
992.0,-0.008551174983922511,0.0012140298939074983,1.6544386136479327e-13,1.2181685001530718e-14,6.685378784520058,2.619968953971859e-07,7.339663355084139e-06,1.337652379145611
993.0,0.008658597346634486,-0.0005381507675355883,2.7564901176328407e-13,-1.3703050250740254e-14,6.689831487893813,2.32630207623204e-07,7.255887577528692e-06,1.3223842581514524
994.0,-0.001408827298289227,-0.000604132541416673,3.406035395445522e-14,-2.195674784864049e-14,6.6884189588365,2.0326972049865148e-07,7.2647061621407635e-06,1.323991443674323
995.0,-0.006982649865867008,0.0012183334617335707,-2.5432734404888026e-13,-1.3731820456304677e-15,6.691894881790427,1.7389397494131197e-07,7.243232582070084e-06,1.3200778874142225
996.0,0.00944896514906233,-0.0008122797708350278,-2.072561666338324e-13,2.0652088270690963e-14,6.694762524214626,1.4450564115064082e-07,7.213204372905569e-06,1.314605251478874
997.0,-0.003921151831480933,-0.0002907973950451146,1.0554938983403215e-13,1.57868414721963e-14,6.69263149691526,1.1512666203705706e-07,7.1893999809498836e-06,1.3102669051551858
998.0,-0.004929486372391023,0.0011397120983735495,2.8002330816606104e-13,-9.551382866619093e-15,6.696038548555297,8.573272681853645e-08,7.2264378799115885e-06,1.3170170558457295
999.0,0.009601745164454145,-0.0010323629090949861,9.042334954614297e-14,-2.2573288707646646e-14,6.697220181162728,5.633360452827736e-08,7.267250520080036e-06,1.3244551524694284
1000.0,-0.00617396707490861,4.225729797792414e-05,-2.1895821662211346e-13,-5.939679509224238e-15,6.694594746156009,2.6946007241339024e-08,7.239052562088503e-06,1.3193160794943313
1001.0,-0.0025419097702648885,0.0009835632047276264,-2.3891759513110847e-13,1.819757326495856e-14,6.69776649303752,-2.4555132214724268e-09,7.2969745277008565e-06,1.3298723477259644
1002.0,0.009100411646254893,-0.0011814795025666361,4.8608681125502196e-14,1.906019217130664e-14,6.697227670669995,-3.1854668388796034e-08,7.396609739343551e-06,1.3480308478441212
1003.0,-0.007997480339639096,0.0003708863382934609,2.802384379231407e-13,-5.36582182805938e-15,6.694312770527444,-6.124102787321887e-08,7.378937736915601e-06,1.344810128453001
1004.0,8.638780058592096e-06,0.0007600067250141603,1.431114137425577e-13,-2.2703399593890898e-14,6.697039644496123,-9.063935765264572e-08,7.406962759137033e-06,1.3499176839138571
1005.0,0.007968464892343426,-0.0012471457242437855,-1.7725278293982045e-13,-1.1045650404157836e-14,6.694815364575929,-1.200279233992929e-07,7.529394429252287e-06,1.3722308346524394
1006.0,-0.00924951730067883,0.0006713599973885875,-2.7476373979007024e-13,1.5470852372349318e-14,6.691784764556732,-1.4940318556950582e-07,7.527959269940477e-06,1.3719692771156669
1007.0,0.00254105607795453,0.00048361950944480613,-1.1139969923216162e-14,2.1855511371063327e-14,6.693827930484587,-1.7878741672735055e-07,7.482361234562131e-06,1.3636590430412445
1008.0,0.006272504389799768,-0.001222887458863102,2.6643964924677836e-13,1.6382743109858817e-16,6.690019690187732,-2.0815493066235214e-07,7.585394562099462e-06,1.3824368491944559
1009.0,-0.009830963983401058,0.0009222871434817792,2.039562250877213e-13,-2.2092374025193705e-14,6.687004267766018,-2.3750920764677802e-07,7.606063916102601e-06,1.3862038353926103
1010.0,0.004877978243219391,0.00017285065906518437,-1.244143497764518e-13,-1.592718127783722e-14,6.688113412662099,-2.6686835350001145e-07,7.4689696383033735e-06,1.361218426935374
1011.0,0.00412204684968559,-0.001109446008508064,-2.9376571305276846e-13,1.0802029302032195e-14,6.6828799492106645,-2.9620452575705896e-07,7.525624207323525e-06,1.3715437123569159
1012.0,-0.009698057568813555,0.0011064860333219444,-8.435553553513844e-14,2.348312538373238e-14,6.679957538470772,-3.25527869361561e-07,7.5799721793072445e-06,1.3814486208668415
1013.0,0.00685998018877728,-0.0001511054013224435,2.3132548381076074e-13,6.2938694915550404e-15,6.679891024820919,-3.5485092098776867e-07,7.36726073555434e-06,1.3426819969711452
1014.0,0.0016635054041050533,-0.0009150582233720699,2.5207833757763893e-13,-1.916697062769857e-14,6.6734337229272995,-3.8414562667298877e-07,7.378617195718287e-06,1.3447517098751374
1015.0,-0.008867206587127021,0.0012123369114893773,-5.444824061404081e-14,-1.9400691774346082e-14,6.670622376869024,-4.1342799125184956e-07,7.479724252857273e-06,1.363178453580854
1016.0,0.008357412315936473,-0.0004658687576832273,-2.846019103724875e-13,4.920177862044947e-15,6.6691671747687415,-4.427039678572907e-07,7.233593681557723e-06,1.3183211994601658
1017.0,-0.0009310942252255533,-0.0006546019358884072,-1.5224380927834348e-13,2.3083782117845752e-14,6.661712705735209,-4.719472212072918e-07,7.226080914532306e-06,1.3169519989669916
1018.0,-0.007410786452692207,0.0012342787419564486,1.7912048889075388e-13,1.1011427000972817e-14,6.658968600777441,-5.011784286225546e-07,7.376384882389208e-06,1.3443448711563597
1019.0,0.009277138483430434,-0.0007495212494673434,2.711561411229255e-13,-1.4707996200988514e-14,6.655957403951253,-5.303964176365496e-07,7.146049952114277e-06,1.3023663698850207
1020.0,-0.0034777155088636024,-0.0003479009280938009,1.7749316314567806e-14,-2.1471109658912187e-14,6.6477406569852295,-5.595783371855505e-07,7.156011692220689e-06,1.3041818952993494
1021.0,-0.005446287683303572,0.001172516680624172,-2.593349739914459e-13,-1.4654798250378666e-16,6.6449606210909264,-5.887480530719844e-07,7.335932063312532e-06,1.336972351864507
1022.0,0.00956427486430003,-0.0009820395152363088,-1.96105929999889e-13,2.101465231879243e-14,6.6402845107479855,-6.178972420030403e-07,7.1563166533606985e-06,1.3042374744144596
1023.0,-0.005793568434769381,-1.7769032889275673e-05,1.1851251223514532e-13,1.4800608491617196e-14,6.631533773841937,-6.47008017386763e-07,7.212278291934066e-06,1.3144364733817213
1024.0,-0.003123267974964125,0.0010323796146897435,2.77168127000528e-13,-1.0483175427840286e-14,6.628561709849141,-6.761057461525733e-07,7.378511087211953e-06,1.3447323716181794
1025.0,0.009201911340084941,-0.0011465181570218291,7.639983178342427e-14,-2.2297491124066708e-14,6.622177839065453,-7.051754513216108e-07,7.257523010313157e-06,1.3226823154940357
1026.0,-0.007709751249172217,0.00031180728771250724,-2.275810566666425e-13,-4.8098153613457105e-15,6.613102279338629,-7.342053170523375e-07,7.370878249777607e-06,1.34334128831371
1027.0,-0.0006111389269503993,0.0008237715408601007,-2.3198348457965635e-13,1.8814421452070323e-14,6.609739057147902,-7.632204190784525e-07,7.467314802207238e-06,1.3609168333425892
1028.0,0.008211881067289744,-0.0012304256091093708,6.053481569966403e-14,1.844035761053568e-14,6.601673202039338,-7.922001140171047e-07,7.3874417246853334e-06,1.3463599787556757
1029.0,-0.009084602174421995,0.0006173832618775332,2.822353760174693e-13,-6.367751937034943e-15,6.5924515530455885,-8.211393282220866e-07,7.555172269370814e-06,1.3769288415630558
1030.0,0.001912450039591586,0.0005607619419898079,1.3201825007169113e-13,-2.2786677117762524e-14,6.5884685025652105,-8.500610578312222e-07,7.532373595329483e-06,1.3727737871556045
1031.0,0.006656535426320485,-0.0012269651288402982,-1.8539137294545238e-13,-1.021139360578321e-14,6.578812046083316,-8.789403980105164e-07,7.465379496770447e-06,1.3605641242608975
1032.0,-0.009817692299921145,0.0008778472705146744,-2.7019905224491275e-13,1.6014027857397904e-14,6.569581903579385,-9.077792201717541e-07,7.679825522454425e-06,1.3996468754140268
1033.0,0.0042742548685480025,0.0002609905433253511,-2.7676048835849872e-15,2.1568564054129887e-14,6.564737776927552,-9.365967778280216e-07,7.514197633629497e-06,1.3694612212741728
1034.0,0.004638337177279799,-0.0011361815523134064,2.6916995181549537e-13,-4.648831860454775e-16,6.553638764522419,-9.653656135945839e-07,7.4410363061316355e-06,1.3561275819702425
1035.0,-0.009861413985325635,0.001076186993454978,1.9862158597555773e-13,-2.2199276358354806e-14,6.54448732612352,-9.940942768344345e-07,7.697828744749766e-06,1.4029279595687882
1036.0,0.006318933550381834,-5.540216439523821e-05,-1.2874787448678365e-13,-1.563809963159562e-14,6.538547455374939,-1.0227968655266666e-06,7.40123747028117e-06,1.3488742510084453
1037.0,0.002294199648080009,-0.0009652600434600952,-2.93902866387743e-13,1.106200344400661e-14,6.5261964547653895,-1.051445236413973e-06,7.325876455830113e-06,1.3351397191371088
1038.0,-0.009225882747257112,0.001200819433018829,-8.243145307182657e-14,2.3554968641349476e-14,6.517154436823346,-1.0800539151030183e-06,7.623355801374255e-06,1.3893552784976295
1039.0,0.007920708351885488,-0.00036728467007479714,2.313549637252476e-13,6.318681395729787e-15,6.5099096771376495,-1.1086307911082333e-06,7.238400997751568e-06,1.3191973320064287
1040.0,-0.00021552050650059873,-0.0007277249026354488,2.546113590341801e-13,-1.9168267220898385e-14,6.496522729295542,-1.1371489017591585e-06,7.187786263584623e-06,1.309972805444003
1041.0,-0.00797494540989195,0.0012460957507860906,-4.966765421370187e-14,-1.973893611887625e-14,6.487562776934957,-1.1656276804592087e-06,7.518024026304028e-06,1.3701585806784138
1042.0,0.008990090340353005,-0.0006541535727707288,-2.8496333538758205e-13,4.346719027971174e-15,6.478845605120732,-1.1940681929542874e-06,7.101278748254756e-06,1.2942068257121375
1043.0,-0.002720538496235029,-0.00044174981068696294,-1.6080684032903892e-13,2.3104403922867023e-14,6.464647352695488,-1.2224463786707824e-06,7.112445331096583e-06,1.296241933506959
1044.0,-0.006215025656267052,0.0012119417954981004,1.6944409091199062e-13,1.1938773865141787e-14,6.455686960419423,-1.2507852305052835e-06,7.450933121296452e-06,1.357931274825176
1045.0,0.009474867381369203,-0.000897485649673038,2.758609645539515e-13,-1.376030456162111e-14,6.445382997470349,-1.279078850518429e-06,7.052439794299721e-06,1.2853059347867135
1046.0,-0.00505331386196842,-0.0001281668171274307,3.58476910802254e-14,-2.1961999134511672e-14,6.430592351619995,-1.3073075432939527e-06,7.155361822317521e-06,1.3040634566217084
1047.0,-0.0040813552281765975,0.0011030147397121585,-2.502639896785223e-13,-1.884697010907811e-15,6.421500294660352,-1.335496324212438e-06,7.45775641065509e-06,1.3591748181326302
1048.0,0.00935779219774136,-0.0010817140252058495,-2.125663287401013e-13,2.0275591049326736e-14,6.409554866636264,-1.3636326676882545e-06,7.106323075790748e-06,1.2951261535345826
1049.0,-0.007059686174128375,0.00019129938568520003,9.495632558999592e-14,1.634193689000227e-14,6.394373726775707,-1.391702369755368e-06,7.312690379237767e-06,1.3327365589549556
1050.0,-0.0017256101473622054,0.0009278986866794776,2.7780440211363307e-13,-8.251369850651961e-15,6.384979071240605,-1.4197308316333465e-06,7.522200769730506e-06,1.3709197914467033
1051.0,0.008654646110968067,-0.0011950567452534925,1.0797073742823627e-13,-2.250069265195862e-14,6.371399177090341,-1.4476996811709788e-06,7.222216002000408e-06,1.3162476193253962
1052.0,-0.008608767811538867,0.0004954875325510056,-2.028807557109498e-13,-7.39313222107653e-15,6.356003163491978,-1.4756009460579177e-06,7.525163256508074e-06,1.371459704150391
1053.0,0.0006942992230709944,0.0006985648277173896,-2.469963340903786e-13,1.653532893799236e-14,6.3461066814274485,-1.5034587678627136e-06,7.588075396406762e-06,1.3829254307840693
1054.0,0.007414185778296978,-0.001230437975784988,1.7852489471593735e-14,1.9817861470125532e-14,6.330958538693393,-1.5312500931079427e-06,7.328013477314935e-06,1.3355291909337244
1055.0,-0.009603360943033684,0.0007651846567300222,2.678237118047705e-13,-2.6362505836022297e-15,6.315488612205346,-1.5589735092433712e-06,7.710185689504977e-06,1.4051800106167873
1056.0,0.0030241336812002416,0.0004298784349626038,1.7058253757918158e-13,-2.1602053552224713e-14,6.304876720034473,-1.5866503418251426e-06,7.592941137070994e-06,1.3838122111799722
1057.0,0.005717934851592775,-0.0011863786381708043,-1.386370689463478e-13,-1.3591091209400113e-14,6.288278666894174,-1.6142543131031412e-06,7.360772810088485e-06,1.3414995736752444
1058.0,-0.009989641639052388,0.0009845487074760953,-2.7973138813902707e-13,1.2151122427246239e-14,6.272833719643614,-1.641790484923947e-06,7.803714188287534e-06,1.4222255633706127
1059.0,0.005124181356821112,0.00013880035536322326,-6.264924969258465e-14,2.2616019609758928e-14,6.261294355692174,-1.6692760018218466e-06,7.504057444373834e-06,1.3676131735332053
1060.0,0.003676449877326575,-0.0010674033319909776,2.3562654881455754e-13,4.6175842305974994e-15,6.243405270440726,-1.6966829901077637e-06,7.301342703483098e-06,1.3306684470080377
1061.0,-0.00976262755091707,0.0011423308938715174,2.4115402619777206e-13,-1.9593403665340485e-14,6.228036979229469,-1.7240225154373362e-06,7.789724669650516e-06,1.4196759760145459
1062.0,0.006879750228558268,-0.0001568370622783596,-5.885022513149948e-14,-1.9430040562482278e-14,6.215375695851277,-1.751306460898199e-06,7.337163608301784e-06,1.337196800726151
1063.0,0.0014206261556625201,-0.000883566527267401,-2.895158675279862e-13,5.255159303960855e-15,6.196380301340316,-1.7785070213260077e-06,7.184211394335371e-06,1.3093212861405892
1064.0,-0.008964400018789273,0.0012325006384766779,-1.5786197631527942e-13,2.3558307785261555e-14,6.181091658838677,-1.8056404684353948e-06,7.702633019426013e-06,1.403803537798994
1065.0,0.008208321245912172,-0.0004397680141915666,1.7012461626583652e-13,1.2661464731011586e-14,6.16714557769109,-1.8327126957350643e-06,7.148361515447342e-06,1.302787651903341
1066.0,-0.0009102486141047265,-0.0006490896855141198,2.8854178590010827e-13,-1.4052965648155637e-14,6.147239129888246,-1.8596975387054913e-06,7.078296022244322e-06,1.290018227865097
1067.0,-0.007675029338743426,0.0012540493331493505,4.5928254966897735e-14,-2.308690838151562e-14,6.131987062091804,-1.886615428911309e-06,7.603940357425037e-06,1.385816817190293
1068.0,0.009061187859386892,-0.0006945503298117028,-2.5136290987536886e-13,-3.766618612985943e-15,6.116634781073634,-1.9134659264415268e-06,7.005002085125885e-06,1.2766604204807142
1069.0,-0.0031801882600019935,-0.0003805313786513258,-2.4156463257562103e-13,2.0448545304514648e-14,6.09600975180664,-1.94022588524952e-06,7.050979132389884e-06,1.285039729405854
1070.0,-0.005999473839789306,0.0012101214947439615,6.854746897416959e-14,1.895132910423296e-14,6.080710936342693,-1.9669186860823303e-06,7.5483613519644416e-06,1.3756875530417658
1071.0,0.009420119558011256,-0.0009083469085241253,2.8880533160311746e-13,-5.152485346649252e-15,6.06387775331906,-1.9935375934499625e-06,6.952882725602134e-06,1.2671616762068099
1072.0,-0.00526521669092992,-9.508292200111994e-05,1.601172044957606e-13,-2.3363556369311573e-14,6.04271396198768,-2.020063597064598e-06,7.135830215248655e-06,1.3005038246058738
1073.0,-0.004054990753520273,0.0011069273841715717,-1.6659609240320379e-13,-1.2370839180225222e-14,6.027252391209595,-2.0465217282489102e-06,7.557923800790698e-06,1.3774303076892307
1074.0,0.009292099456563696,-0.0010712627338528488,-2.821522450504103e-13,1.3277360072640548e-14,6.008911471167845,-2.0728993473794694e-06,6.9966136153071155e-06,1.2751316233046563
1075.0,-0.007058929108061955,0.00019065224187659425,-5.3510452359199986e-14,2.2610635624006972e-14,5.987369426326851,-2.0991824023186877e-06,7.319413009908292e-06,1.3339617572338816
1076.0,-0.001961901351744073,0.000952885324955642,2.4125446270718194e-13,4.226671964669384e-15,5.971604730538652,-2.12539625418457e-06,7.615160467718819e-06,1.3878616803539907
1077.0,0.008705405678340952,-0.001176536282768936,2.3740270715590234e-13,-1.909055242708226e-14,5.951775264723276,-2.151523059652889e-06,7.100672047694502e-06,1.2940962546397885
1078.0,-0.00847676899565738,0.0004614674244289981,-5.3765109202256083e-14,-1.8590051789850648e-14,5.929991406165806,-2.1775542394281055e-06,7.550094423881517e-06,1.3760034050994083
1079.0,0.00016260940807082542,0.0007581182392047997,-2.73399911521584e-13,4.2769615634379344e-15,5.913767826794652,-2.2035142017457773e-06,7.675290639136261e-06,1.3988203937123165
1080.0,0.00770802249913416,-0.0012208340998362951,-1.6055097266849775e-13,2.2012510023297626e-14,5.8925107799781795,-2.2293808509421865e-06,7.2081222780608655e-06,1.3136790405709373
1081.0,-0.00946060383947523,0.0007042420540154426,1.498614846151913e-13,1.2424475020486725e-14,5.8705934870253085,-2.2551512887018557e-06,7.761579842227144e-06,1.4145465860763224
1082.0,0.0022098438348092274,0.0005340849214169144,2.705894915642601e-13,-1.1669170772389902e-14,5.853749746554024,-2.280847786651791e-06,7.689031368515892e-06,1.4013246392691823
1083.0,0.0063666462120198185,-0.0012045956835510113,6.894219528200114e-14,-2.206339271268103e-14,5.831161198685784,-2.3064451265237222e-06,7.266871862811904e-06,1.324386142247693
1084.0,-0.009983175911712452,0.000908671536986017,-2.2501195064992655e-13,-5.022702359568103e-15,5.809187460829208,-2.3319460071798973e-06,7.899610104274445e-06,1.4397025775011565
1085.0,0.004085598393371822,0.0002930486170010646,-2.3563806946999685e-13,1.759463072617446e-14,5.791567334618077,-2.357369539887037e-06,7.624955298998539e-06,1.3896467866634745
1086.0,0.004763702244747666,-0.0011321323923649375,2.9992387472385384e-14,1.9286065775760003e-14,5.767769424337752,-2.3826886057175234e-06,7.251296223721296e-06,1.3215474847128303
1087.0,-0.01005030913651607,0.0010679267683993722,2.687959058429573e-13,-2.8525862257833223e-15,5.745782993721467,-2.407911156614212e-06,7.940670775934541e-06,1.4471858778213813
1088.0,0.0057163334448314404,4.726238212496962e-05,1.7775853248741908e-13,-2.139994943004959e-14,5.727245595240486,-2.433052332965919e-06,7.4821009006357e-06,1.3636115972281035
1089.0,0.002991141204827132,-0.0010112032327005813,-1.212095321570655e-13,-1.45199243367187e-14,5.702375724952784,-2.4580843368045307e-06,7.170369149967026e-06,1.3067985394945587
1090.0,-0.009698805472529706,0.0011789858759673872,-2.8077262313984683e-13,9.943160946658479e-15,5.680387721470117,-2.483019818804854e-06,7.896067091262105e-06,1.4390568639914192
1091.0,0.007053610547457991,-0.00019200868816984183,-1.0109184306861212e-13,2.2600024147144544e-14,5.660816017183056,-2.5078693859162834e-06,7.288571485565265e-06,1.3283408947476818
1092.0,0.0011419245369325964,-0.000852023787649648,1.9843280417370767e-13,8.500361512683077e-15,5.635015740178216,-2.5326056962617307e-06,7.060515255542816e-06,1.286777686203901
1093.0,-0.008989631617627607,0.0012424476427075747,2.6470410017678993e-13,-1.5757494880614173e-14,5.61300805894546,-2.557245398388487e-06,7.802001937042988e-06,1.4219135058769437
1094.0,0.008075029574990098,-0.00041536114523678586,2.18566067461136e-14,-2.1524469635871436e-14,5.592314313958265,-2.5817942601481854e-06,7.0886049766899435e-06,1.2918970330327941
1095.0,-0.0006984766435039838,-0.000665935015486424,-2.5019716813527416e-13,-2.321838865725781e-15,5.565719607591288,-2.6062263777956087e-06,6.9686291738269256e-06,1.2700314636768844
1096.0,-0.00799805416156571,0.0012618413330620895,-2.2995035979061444e-13,1.992054939343483e-14,5.543650564901648,-2.630561617862886e-06,7.702486997701699e-06,1.4037769253649508
1097.0,0.008781284205046055,-0.0006157726804275351,5.693400427238645e-14,1.905606496473836e-14,5.521778202616038,-2.6548008437278196e-06,6.925602361509426e-06,1.2621898345613354
1098.0,-0.0024582731486208027,-0.0004641048625786896,2.8634722383514476e-13,-4.144806954397505e-15,5.494512407990495,-2.678920379570796e-06,6.934236592035048e-06,1.2637634215837825
1099.0,-0.00680353664769718,0.0012426513409922642,1.8183285526798965e-13,-2.284710364786649e-14,5.472323440204838,-2.702942511392435e-06,7.633516267688433e-06,1.39120702172901
1100.0,0.009190585521180131,-0.000788677658914447,-1.2731925851323407e-13,-1.5552414580484226e-14,5.449245749658392,-2.726863337921998e-06,6.828824924864378e-06,1.2445521634430559
1101.0,-0.00408217690867844,-0.00025658202879611273,-2.9612833944978887e-13,9.645234706294196e-15,5.421415553929374,-2.7506619968498595e-06,6.978089095886842e-06,1.2717555328388868
1102.0,-0.005481890593447781,0.00119135825959516,-1.2478284590254405e-13,2.376767560711178e-14,5.399037762182023,-2.774362422866398e-06,7.614026898307679e-06,1.3876550875245406
1103.0,0.009332544377003553,-0.0009317027572339242,1.8257382578971692e-13,1.1569799020231523e-14,5.374754520450126,-2.797956251522544e-06,6.807702755414773e-06,1.2407026517079696
1104.0,-0.005531313136626676,-5.181809209302098e-05,2.896519375465587e-13,-1.3929470146928964e-14,5.346448475972968,-2.8214258237199466e-06,7.099582396168621e-06,1.2938976658373438
1105.0,-0.004100759858291402,0.0011147246715388001,6.810348735352067e-14,-2.374826422238008e-14,5.323808273502037,-2.844796011088552e-06,7.64468193774937e-06,1.3932419631696717
1106.0,0.009243272011763733,-0.0010442690556601716,-2.317146470922007e-13,-7.0885150707613766e-15,5.298341432721133,-2.8680544053928397e-06,6.853398578125468e-06,1.2490307075068279
1107.0,-0.006781575694351077,0.00014343221550670453,-2.777105558391375e-13,1.7828324805450884e-14,5.26963005499593,-2.891186763926758e-06,7.2810393851956564e-06,1.3269681707558667
1108.0,-0.002718001659090159,0.0010193915115096043,-1.0932233342181365e-14,2.282176797966386e-14,5.24665375180487,-2.9142182622337433e-06,7.712268894916079e-06,1.4055596744432597
1109.0,0.008962380631578028,-0.0011272353057744777,2.70369920765391e-13,2.668746193820111e-15,5.2200429990293165,-2.9371329459887324e-06,6.94487285844145e-06,1.2657018792998158
1110.0,-0.007821706895629688,0.0003240139272238475,2.5545629007652037e-13,-2.117812530593087e-14,5.190979541382786,-2.9599200484305173e-06,7.495258797106384e-06,1.3660096215879496
1111.0,-0.0013817386003421867,0.0009117110859364869,-4.3329713340039596e-14,-2.11739002129104e-14,5.167597067286077,-2.9826045076566364e-06,7.796502271807317e-06,1.420911192837354
1112.0,0.008531527249371763,-0.0011826493005093744,-2.9189213697370947e-13,1.6322980717334263e-15,5.139895616391049,-3.0051673644386888e-06,7.056346857035129e-06,1.2860179962956204
1113.0,-0.008651728519457981,0.00048622821157178516,-2.248487042752968e-13,2.3210608405969485e-14,5.110516982420098,-3.0276012563622675e-06,7.713244398146478e-06,1.4057374597385626
1114.0,-0.0001309399355828819,0.0007976911932252002,9.158775101984935e-14,1.9114358931798097e-14,5.086665012995092,-3.049930444103063e-06,7.876597472568159e-06,1.4355085293462104
1115.0,0.007993670209444841,-0.0012135772503388915,3.0457130768867487e-13,-5.216168494830759e-15,5.057935684737932,-3.072133517275141e-06,7.163820156607065e-06,1.3056049865855015
1116.0,-0.00928168142696881,0.0006277072262408899,1.923023133543367e-13,-2.4172073643359606e-14,5.028263330177061,-3.0942063362287858e-06,7.910227427573729e-06,1.4416375828391883
1117.0,0.0010040539626805765,0.0006829516202025705,-1.2996608470881404e-13,-1.6847961972090303e-14,5.003887945514879,-3.11617215333761e-06,7.936076343801742e-06,1.446348543358486
1118.0,0.007392315783925371,-0.0012239417272905304,-3.1077805724679096e-13,8.393553985310112e-15,4.974199510394888,-3.138007645638366e-06,7.249348429407391e-06,1.3211924995354412
1119.0,-0.009730292968093579,0.0007472996570114679,-1.645611997771772e-13,2.476353763272999e-14,4.944240422416872,-3.15971162503267e-06,8.069158906254026e-06,1.470602817386433
1120.0,0.0020010975365690703,0.0005726530135298794,1.565096326975943e-13,1.5036023361155764e-14,4.9192992535784645,-3.181306118931066e-06,7.965240353703387e-06,1.4516636791273954
1121.0,0.0067704311439865175,-0.00121831299739308,3.104724519139389e-13,-1.0164272648892744e-14,4.888723083961227,-3.2027663910888845e-06,7.302743757659643e-06,1.330923788889797
1122.0,-0.010023215375953807,0.0008449274065383135,1.4713500382042465e-13,-2.5045157513871976e-14,4.858470972634053,-3.2240938640410052e-06,8.181650053486974e-06,1.4911043095461165
1123.0,0.002845635246535479,0.00047140868202970684,-1.7040745086103264e-13,-1.4031122492892397e-14,4.832934685234331,-3.245309239075513e-06,7.961460864954007e-06,1.4509748679554142
1124.0,0.006169087739594448,-0.0012016375396260858,-3.1045186096992283e-13,1.1298645043677866e-14,4.801541872452878,-3.2663868075101128e-06,7.321091953038089e-06,1.3342677443293889
1125.0,-0.010190707912478164,0.0009213792879849612,-1.351459136283362e-13,2.5265990270145327e-14,4.770978627282108,-3.2873302109392244e-06,8.2469141762252e-06,1.5029986846461905
1126.0,0.003529647270377403,0.0003832142689575996,1.8153499070798217e-13,1.3482481942675268e-14,4.744831589261278,-3.308158835408184e-06,7.927903383454775e-06,1.4448590227464528
1127.0,0.005626109267297714,-0.001178923266788136,3.111537618439695e-13,-1.1945898484050014e-14,4.712690742268594,-3.328846369594058e-06,7.3069174001351135e-06,1.3316844345103007
1128.0,-0.01026488213979964,0.000978031781454519,1.3336328389871462e-13,-2.5406028836367145e-14,4.681788085715207,-3.349398248843326e-06,8.269577771167847e-06,1.5071291209112303
1129.0,0.0040500207692443,0.00031142819665587533,-1.7949823305495152e-13,-1.3826890509136085e-14,4.655028140234642,-3.369832658621921e-06,7.871512656259921e-06,1.4345818224520146
1130.0,0.005175003107899188,-0.0011549178347854687,-3.1502956049837107e-13,1.1651046600395188e-14,4.6222040659968116,-3.3901229789206305e-06,7.2659297282702836e-06,1.3242144383901584
1131.0,-0.010276768501314773,0.001016511902142403,-1.3999846533937672e-13,2.5063414298678595e-14,4.590925248379591,-3.410275993029705e-06,8.257245751423513e-06,1.5048816124421598
1132.0,0.004406420543819475,0.0002588162240277754,1.6756861312133496e-13,1.4151383630196161e-14,4.563562608488447,-3.4303088919903172e-06,7.801030090464798e-06,1.4217363870058746
1133.0,0.004844310444508908,-0.0011338120704191528,3.1147994298539857e-13,-1.0012362252312672e-14,4.530115996810976,-3.450194968687318e-06,7.205106046582035e-06,1.3131293329047244
1134.0,-0.010253460386674159,0.0010383325922763047,1.5677970615089534e-13,-2.432041506509294e-14,4.498417361272234,-3.4699418962989623e-06,8.218482862992525e-06,1.4978170827186883
1135.0,0.00459889021561572,0.00022764748090657006,-1.3800008789183584e-13,-1.5243200318707263e-14,4.47047271032932,-3.4895661538791304e-06,7.725563535272915e-06,1.407982620352746
1136.0,0.004657304072326992,-0.0011189817658877157,-2.971310029490023e-13,7.122179883913354e-15,4.436460841573875,-3.5090411078584293e-06,7.13153073815242e-06,1.299720245647463
1137.0,-0.010215490253150513,0.001044535380242534,-1.8429209750261682e-13,2.285455376868048e-14,4.404293148706547,-3.528374853707964e-06,8.161548647082064e-06,1.4874408316996734
1138.0,0.0046255056571885885,0.00021980558677541233,9.073491694054586e-14,1.7256940283123554e-14,4.375795043039871,-3.547583499998148e-06,7.65391427910096e-06,1.3949245557868775
1139.0,0.004631768847595354,-0.0011127585405802864,2.7969363820373504e-13,-2.8714312907150894e-15,4.341273433956899,-3.56664060505486e-06,7.052082901973441e-06,1.2852408912218727
1140.0,-0.010174469086233729,0.0010353735933533968,2.2183413596476466e-13,-2.0803152517704485e-14,4.308582957470316,-3.585554207092415e-06,8.093931414198136e-06,1.4751176026818495
1141.0,0.0044804508431715686,0.00023686111224176798,-3.151492490190406e-14,-1.982773114687208e-14,4.27956458820444,-3.6043404257434857e-06,7.594602711241942e-06,1.3841150327857283
1142.0,0.004779465378509306,-0.0011162043287419041,-2.514308010590846e-13,-2.4192619151675906e-15,4.244589395977795,-3.622973112044479e-06,6.973820141752789e-06,1.2709775166850634
1143.0,-0.010130954718160652,0.0010100699142317334,-2.5922357836906046e-13,1.761331356153933e-14,4.211318960644945,-3.64145974945197e-06,8.022528887462597e-06,1.4621045045131658
1144.0,0.004152934956451665,0.0002800418154581988,-4.759058204337619e-14,2.2758198681368155e-14,4.1818142683118955,-3.6598168686362927e-06,7.556360994746182e-06,1.3771454865574628
1145.0,0.005104833054199064,-0.0011288620923456802,2.0263886997874185e-13,8.55986168128585e-15,4.146445172271941,-3.6780187263312735e-06,6.904755504336201e-06,1.2583904984410819
1146.0,-0.010072564731171135,0.0009666902840162169,2.820273587129809e-13,-1.2299167902375194e-14,4.112535478877997,-3.696071728949678e-06,7.954194118110372e-06,1.44965050459789
1147.0,0.0036274369633974173,0.0003500368825581114,1.3199804340833339e-13,-2.3484192439717096e-14,4.082574574169618,-3.7139932106866393e-06,7.548739103341472e-06,1.3757563981650045
1148.0,0.005602571353101965,-0.0011484730130704925,-1.3049989925198471e-13,-1.5146108316065718e-14,4.0468777274802425,-3.7317579921908455e-06,6.854597766047281e-06,1.2492492592985178
1149.0,-0.009972537742994636,0.0009021912558229368,-2.992378487421651e-13,5.856362718866281e-15,4.012269463026282,-3.7493708520661653e-06,7.896229153505404e-06,1.4390863998072776
1150.0,0.0028858011641465825,0.0004465882263514321,-2.1847238824883124e-13,2.2276569949442185e-14,3.9818733460706977,-3.7668502805870793e-06,7.582326959048263e-06,1.381877779068049
1151.0,0.006254007500955145,-0.0011706896051625186,3.337645973066626e-14,2.1148581908281216e-14,3.9459238330481443,-3.7841718997332022e-06,6.834866384200252e-06,1.2456532183638576
1152.0,-0.009789227457393397,0.0008127077412739779,2.8115525810886186e-13,2.6742326565658755e-15,3.9105611399155187,-3.8013382854971463e-06,7.856210387918334e-06,1.4317929866889587
1153.0,0.0019115700326798573,0.0005678682013844735,2.8764106152711643e-13,-1.8214767113077653e-14,3.8797358740310046,-3.818369356050174e-06,7.667890326674801e-06,1.3974716880440061
1154.0,0.007022653815852435,-0.0011888665878549277,8.291968272104566e-14,-2.570215261662241e-14,3.8436189704422357,-3.835241882425672e-06,6.857641548034155e-06,1.2498039880400647
1155.0,-0.009467221804462179,0.0006941275432627869,-2.0375184900017984e-13,-1.227364487580124e-14,3.8074547584763563,-3.851955656951694e-06,7.840341974725711e-06,1.4289009711245564
1156.0,0.0006964367063637789,0.0007097240940876062,-3.2073546888666137e-13,9.805044417428469e-15,3.776185531812912,-3.8685321673899695e-06,7.813537629588882e-06,1.4240158838515982
1157.0,0.00784996684351031,-0.0011940468157564713,-2.0677673467981528e-13,2.5318922839667626e-14,3.7399960599928206,-3.884949815094323e-06,6.932288949340316e-06,1.2634084640389613
1158.0,-0.008940622163011579,0.0005429230396184583,7.62727021270044e-14,2.034061547638432e-14,3.7029993187223336,-3.901205056353684e-06,7.84967723055654e-06,1.4306023198878333
1159.0,-0.0007521807659466957,0.0008649563775825834,2.956138292909557e-13,1.2650301744138572e-15,3.6712450942803776,-3.9173209045063014e-06,8.01922051057871e-06,1.4615015533973252
1160.0,0.008652615476193668,-0.001175227203022967,2.8934682643301055e-13,-1.8466614120872997e-14,3.6350844125786206,-3.933278016306418e-06,7.06019526985887e-06,1.2867193688682528
1161.0,-0.008138288620532917,0.00035709517205671066,8.954595799977882e-14,-2.4969198501831545e-14,3.5972491809690306,-3.949069040898577e-06,7.87455780460036e-06,1.4351368002112628
1162.0,-0.0024041341970004555,0.0010228086196363317,-1.6414748590847578e-13,-1.4562581921739172e-14,3.564938666625959,-3.964718230410398e-06,8.26907014523492e-06,1.5070366061726048
1163.0,0.009321921952961425,-0.0011198660859321984,-3.083700941476397e-13,5.405286281615391e-15,3.5289092717978012,-3.980209259886273e-06,7.229126258318543e-06,1.3175070123462025
1164.0,-0.006989976126879806,0.00013703888403978303,-2.407680759706087e-13,2.1647520627683735e-14,3.4902645665137753,-3.995530648767127e-06,7.889822838068366e-06,1.4379188499250375
1165.0,-0.004201117330954478,0.0011686980777463384,-1.9088191736250637e-14,2.315481184758911e-14,3.457293916042445,-4.0107073047350745e-06,8.524756818166928e-06,1.5536354581657839
1166.0,0.009724520326461754,-0.001014480970498841,2.2297461090747511e-13,1.0086958708249964e-14,3.4214918104152074,-4.025726798409845e-06,7.41084498852003e-06,1.3506252195485753
1167.0,-0.00543272723643049,-0.00011366193950930379,3.178051445119502e-13,-1.042830120159586e-14,3.382112024841683,-4.040573424670893e-06,7.856122478863913e-06,1.4317769652789696
1168.0,-0.00605101825509893,0.0012839623923154755,2.155094465305281e-13,-2.512597218237401e-14,3.348344387417675,-4.05527181944556e-06,8.726234182044061e-06,1.590354672943877
1169.0,0.009702395560797715,-0.0008453585848198504,-2.7866861557585267e-14,-2.244217622106778e-14,3.312848515775501,-4.0698143962176855e-06,7.566755632101978e-06,1.3790399074207447
1170.0,-0.0034204804743840403,-0.000386991367630879,-2.7020239199257585e-13,-6.428141610132841e-15,3.272864496207404,-4.084181453139912e-06,7.733946027903393e-06,1.4095103281872696
1171.0,-0.0078169446757823,0.0013453695709909079,-3.203002720197255e-13,1.3980848810561963e-14,3.238132335086964,-4.09839604455786e-06,8.806929982986117e-06,1.6050614687320557
1172.0,0.009074035235051991,-0.0006001573174096718,-1.863036761662213e-13,2.5789266909724527e-14,3.2029882375446443,-4.112456362173622e-06,7.66506673644584e-06,1.3969570892123189
1173.0,-0.0009465066248572963,-0.0006677692406950934,5.522959762994884e-14,2.0505858298046282e-14,3.162598997911925,-4.126339381124706e-06,7.512724260710075e-06,1.369192699314011
1174.0,-0.009297228138375737,0.0013249324663974478,2.63155460250951e-13,4.4739425174351164e-15,3.1267133178951356,-4.140064870911936e-06,8.725961360862586e-06,1.5903049513306602
1175.0,0.007650156301844814,-0.00027242228868668667,2.9935306494567074e-13,-1.2511324565505419e-14,3.0919063128149538,-4.153637566648616e-06,7.70812892281017e-06,1.4048051652417948
1176.0,0.0019076823271470212,-0.0009288125710954353,1.8720283117804353e-13,-2.3229490432267998e-14,3.0513872540800135,-4.1670323938472135e-06,7.242675889398611e-06,1.3199764302709693
1177.0,-0.010206923175505873,0.001192630905277414,-2.239071559691952e-14,-1.9836825394127424e-14,3.0141635400997213,-4.180263818247366e-06,8.507550347266998e-06,1.5504995818152632
1178.0,0.005293318221775086,0.0001287607940199327,-2.0378784346791e-13,-8.672150633355788e-15,2.979580406196276,-4.193343431335466e-06,7.75806653632896e-06,1.4139062866830108
1179.0,0.0048982582130695975,-0.0011265306166709378,-2.7584151296866015e-13,6.619754646530342e-15,2.939274452428571,-4.206246111363014e-06,7.0378155327025755e-06,1.2826406656357627
1180.0,-0.010199221378805913,0.0009263751421946401,-2.2727892859783586e-13,1.751673185233961e-14,2.900587882895264,-4.218978967021954e-06,8.250019887513718e-06,1.5035646999922687
1181.0,0.002038803416543917,0.0005663767082784818,-9.589302499581949e-14,2.168638111554392e-14,2.865981128386718,-4.231559907680289e-06,7.927865626728782e-06,1.4448521415896598
1182.0,0.007572121976608015,-0.0012048968764396763,7.297457382761823e-14,1.5431607493355072e-14,2.8262535423369934,-4.243966454167763e-06,7.019468184221243e-06,1.2792968645430236
1183.0,-0.008969179830499156,0.0005288493257708485,2.3807173147803584e-13,3.7324973097851824e-15,2.7861208704209184,-4.256196828258694e-06,8.046690619669346e-06,1.4665079760359092
1184.0,-0.0017923351356599075,0.0009717962694737248,2.629232124209329e-13,-9.486707396841583e-15,2.7511062659682457,-4.268273496989728e-06,8.276853531833673e-06,1.5084551270362927
1185.0,0.009334586767551549,-0.0011127738136262693,2.020205728808917e-13,-1.9161986256686503e-14,2.7122627713743364,-4.280179652490369e-06,7.208934110411816e-06,1.3138269968767213
1186.0,-0.006399871618918678,3.843678823988956e-05,7.179008634647601e-14,-2.112814299145938e-14,2.6709117387354464,-4.291904287295483e-06,7.861002567368948e-06,1.4326663605663814
1187.0,-0.005618826564630577,0.00125864575561519,-9.843379537608229e-14,-1.3485928751076024e-14,2.635016020748601,-4.303471348872564e-06,8.648602057916788e-06,1.576206231726196
1188.0,0.009612650741386309,-0.0008227892908889426,-2.387586130646146e-13,-4.172933757082091e-15,2.5972149883888553,-4.314872473367844e-06,7.4780033768258256e-06,1.3628648242212613
1189.0,-0.002637975429615367,-0.00047644621984704644,-2.609760928667674e-13,8.671296097404977e-15,2.555098509581936,-4.326088717050281e-06,7.569827004767049e-06,1.3795996645586288
1190.0,-0.008723606187715179,0.001343503209796234,-2.253216375413545e-13,1.8264897480286765e-14,2.5178377832206995,-4.337141395459174e-06,8.756282065245552e-06,1.5958308944690673
1191.0,0.007981369913142017,-0.0003414034276774475,-1.1453846865812533e-13,2.2995429199117008e-14,2.481014654227534,-4.348032429537569e-06,7.676293145890563e-06,1.3990031003951882
1192.0,0.001867368418860949,-0.0009234200445014478,4.90073080953681e-14,1.70179951189966e-14,2.438775361413717,-4.358738043680335e-06,7.2053494379112016e-06,1.3131736909324394
1193.0,-0.010314998279802139,0.0011624007256378942,2.1014624047755654e-13,8.315717298409758e-15,2.399755731866235,-4.369272371404294e-06,8.525041001157246e-06,1.5536872504667003
1194.0,0.0043307971647932025,0.0002714164832556099,2.953196173654008e-13,-3.30277179231351e-15,2.363549751342232,-4.379647763925249e-06,7.839638777990586e-06,1.4287728136409987
1195.0,0.006232431585618933,-0.001182252831348983,2.5620432914875797e-13,-1.4382871470665985e-14,2.3219274137448758,-4.389840444789736e-06,7.0070939691833875e-06,1.2770416659889945
1196.0,-0.009655936263785332,0.0007034795542346129,1.8964220853828422e-13,-2.204883258031697e-14,2.281011770581511,-4.399853516209646e-06,8.186183340520286e-06,1.4919305003251877
1197.0,-0.0007639861305781055,0.000875011811278953,5.5145710323315525e-14,-2.1777803606876735e-14,2.2447461887890703,-4.409707390791883e-06,8.20084827421332e-06,1.4946031819585914
1198.0,0.009156018450111023,-0.0011355085281881854,-8.020825862986063e-14,-1.530218542609569e-14,2.204377881092542,-4.419384058595409e-06,7.155553960812489e-06,1.3040984738292403
1199.0,-0.006485469281141209,5.251035647220844e-05,-2.291630710531974e-13,-7.132280757196013e-15,2.161884851325508,-4.428874192621515e-06,7.862849176770151e-06,1.433002904810902
1200.0,-0.005944999312193229,0.0012754971262414676,-2.899026541187435e-13,6.1430656923607726e-15,2.1246992470648363,-4.438201091141318e-06,8.664462213204021e-06,1.579096742288767
1201.0,0.009428651762756141,-0.0007388646607957474,-2.5616923766705203e-13,1.4963705385867243e-14,2.08586966103359,-4.44735753748584e-06,7.495868267359248e-06,1.3661206974362985
1202.0,-0.0013524281200865231,-0.0006186865672401847,-2.0539650953856388e-13,2.385367732612504e-14,2.0425993381325562,-4.456324037930407e-06,7.423255149814685e-06,1.3528869693016994
1203.0,-0.009581875713785663,0.0013075260811315616,-5.79359700250348e-14,2.3986747833999964e-14,2.0036943899923143,-4.465119755378876e-06,8.711563521008352e-06,1.5876809475032594
1204.0,0.006466762469530491,-5.6348169378182774e-05,9.181961934891178e-14,1.7692839087574142e-14,1.966154900982836,-4.473750683855465e-06,7.756890773018398e-06,1.4136920040226766
1205.0,0.004404346179616113,-0.0010992469799259112,2.386008140840714e-13,8.678647337191033e-15,1.923201933632602,-4.482193059543629e-06,7.04681268980179e-06,1.2842803959635816
1206.0,-0.010214494533510959,0.0009019128849828754,3.117907846903888e-13,-4.19208703679206e-15,1.8821157579322294,-4.490455077192012e-06,8.347314594834251e-06,1.5212966436018398
1207.0,0.0007924792400505862,0.000713046095852641,2.8511517972174413e-13,-1.3746033583226043e-14,1.8450275779395706,-4.498554287002272e-06,8.085299469533894e-06,1.4735444322572446
1208.0,0.008699960546605372,-0.0011751344292485425,2.386684406028998e-13,-2.375245125601863e-14,1.8034392624745423,-4.50647093450472e-06,7.086631625686242e-06,1.2915373901531022
1209.0,-0.007136626556608292,0.00016056141351273874,9.824509421990401e-14,-2.4835630206919755e-14,1.7603981423031752,-4.514198642249895e-06,7.925532113389273e-06,1.4444268591864553
1210.0,-0.0055276126469152136,0.0012530230138721142,-3.576327504273361e-14,-1.9133024213629223e-14,1.7225473271225493,-4.521760194379131e-06,8.632012424990725e-06,1.573182773989905
1211.0,0.009450617216577679,-0.0007519118460606094,-1.4642664692163066e-13,-1.294113450001897e-14,1.6828548973882362,-4.529147506664941e-06,7.4723852066551975e-06,1.3618409136777376
1212.0,-0.0011728296520993578,-0.0006365848664712165,-2.672579253508508e-13,-5.1419048953585484e-15,1.6388936702320003,-4.536341840153842e-06,7.385567711055268e-06,1.346018440095177
1213.0,-0.0097850358277177,0.0012901737920496855,-3.087317054369937e-13,6.9633748572928346e-15,1.5991575609759245,-4.543361742057136e-06,8.702839979465624e-06,1.5860910835633661
1214.0,0.005800842441773445,5.372549343939576e-05,-2.655945096497509e-13,1.3239161492210068e-14,1.5610243137012758,-4.550214248538206e-06,7.798286422729898e-06,1.4212363540349302
1215.0,0.0054022221448490875,-0.0011497597045880634,-2.4683846814412076e-13,2.208792930127653e-14,1.5176103699299701,-4.556876178659606e-06,7.009028729308582e-06,1.2773942756877417
1216.0,-0.009835263598602246,0.000750194641406649,-1.555778489901825e-13,2.6043489689274778e-14,1.475453104782866,-4.563353048926326e-06,8.27510098063433e-06,1.5081357248828204
1217.0,-0.0010442527989469232,0.0009033049011555125,-3.4512812542919705e-14,2.1869135232125057e-14,1.437665690450768,-4.569664041890983e-06,8.244165562240088e-06,1.502497750221999
1218.0,0.009402183166506992,-0.001090072762163782,6.250106209099289e-14,1.6285766531469837e-14,1.3960609055874387,-4.575792400251286e-06,7.185910866085794e-06,1.309631014573661
1219.0,-0.005196173332799189,-0.00014195715788534153,1.5397717880310756e-13,1.2210996744325551e-14,1.3520323686433917,-4.581727484341538e-06,7.736853011293733e-06,1.4100401254082187
1220.0,-0.0076561390484930205,0.0013388168058693242,2.8204251695826855e-13,4.831335930552283e-15,1.3130214592023448,-4.587491320292073e-06,8.751176507722151e-06,1.5949004074919895
1221.0,0.008350808206905095,-0.0004244835225098149,3.2952727153205215e-13,-5.231871272524039e-15,1.273572231310975,-4.59308198399447e-06,7.634248798371948e-06,1.3913405253195965
1222.0,0.002098973382314804,-0.0009392174798858797,3.020502261644768e-13,-1.334344173893127e-14,1.2292229775889665,-4.598477965560341e-06,7.137841236855125e-06,1.3008703329464155
1223.0,-0.010433859174311095,0.001078471920180644,2.645083721783799e-13,-2.04357525115635e-14,1.1878309035995267,-4.603692246269417e-06,8.521962519666221e-06,1.5531261977465134
1224.0,0.0022618356921797517,0.0005438193683315808,2.0386258840873798e-13,-2.63568103840768e-14,1.1496086361595792,-4.608738740779999e-06,7.999157605538869e-06,1.457845092418018
1225.0,0.00823161614127721,-0.0011947982877143048,9.208281649620085e-14,-2.5748230354705425e-14,1.1066873280030876,-4.6135968214781e-06,7.039486737526791e-06,1.2829452424264138
1226.0,-0.007503834836735577,0.00022404948317933032,-3.6380853052739084e-14,-1.9336843793857058e-14,1.062889254810469,-4.618262639584404e-06,7.976080928966073e-06,1.4536393720972092
1227.0,-0.005531282268495728,0.0012531975635051368,-1.1093038297457312e-13,-1.4684739259022108e-14,1.024109702131484,-4.622758225149335e-06,8.631725374916504e-06,1.5731304591634423
1228.0,0.009326016586312418,-0.0007031109458836404,-2.155814586272625e-13,-1.0756186991996313e-14,0.9835681235927319,-4.627075843319876e-06,7.488472871332755e-06,1.364772887787412
1229.0,-0.0002475073770717742,-0.0007295582178250393,-3.119049563404243e-13,-2.7455830163171573e-15,0.9387931018119611,-4.6311969103385555e-06,7.2859415662993645e-06,1.3278615924155721
1230.0,-0.010194461986367082,0.0012272473295530406,-3.497794807399893e-13,8.052137522066295e-15,0.8978432347046446,-4.635138217678101e-06,8.659096673121182e-06,1.5781188735351217
1231.0,0.004225519901562073,0.00028865813767240474,-3.081700954465983e-13,1.3782365638062645e-14,0.8591067083462357,-4.6389094813510635e-06,7.890485648593732e-06,1.4380396470288397
1232.0,0.007087981857926446,-0.0012006192114206783,-2.920953932329477e-13,2.2480143222361454e-14,0.8153929529431356,-4.6424888525662456e-06,6.994500957235344e-06,1.2747465917358627
1233.0,-0.008639357721340661,0.000444090254242731,-2.2437495048095806e-13,2.8553426612466694e-14,0.7717959461814353,-4.645876843820996e-06,8.117235574788206e-06,1.4793647819255278
1234.0,-0.00406391259993091,0.001158975734281444,-1.0261877970453546e-13,2.984664106294594e-14,0.7330026901583023,-4.649094542380118e-06,8.51358251509439e-06,1.5515989433602484
1235.0,0.009603045116380228,-0.0008436125033133489,3.57990626685544e-14,2.3487905539776637e-14,0.6917319488963559,-4.652131072702786e-06,7.390825443971337e-06,1.3469766610112928
1236.0,-0.0015978007190348242,-0.0005892985055882693,1.7678470188136075e-13,1.7994638425437342e-14,0.6467554923481459,-4.654970167625321e-06,7.387931778556562e-06,1.3464492909890908
1237.0,-0.009852990629917565,0.0012854458137118506,3.2886271580492756e-13,7.164078372263347e-15,0.6059878059094956,-4.657630302596312e-06,8.71766011435394e-06,1.588792050587812
1238.0,0.005210207409983418,0.0001460645834311729,3.798880845768176e-13,-3.5791219500560155e-15,0.566862457621312,-4.660118687069655e-06,7.842242761916479e-06,1.4292473892618704
1239.0,0.006372555125752965,-0.001185061368176625,3.4320947678605693e-13,-1.2590771182700477e-14,0.5227168595024654,-4.662413283403656e-06,6.986436837695503e-06,1.2732769073421348
1240.0,-0.009126912631991209,0.0005531964482811026,2.889831193158087e-13,-1.7827460050996104e-14,0.47920806611711186,-4.664516887011893e-06,8.18982235211302e-06,1.492593709559626
1241.0,-0.0032948044140711456,0.0011011412180555952,2.6851600155256385e-13,-2.6036996472218016e-14,0.440331732233374,-4.666449833233465e-06,8.44724022040041e-06,1.5395080716074028
1242.0,0.009656933853917922,-0.0009039785623342895,1.8197942389186201e-13,-3.040945629569684e-14,0.39866037893171075,-4.66819985263188e-06,7.342386909007032e-06,1.3381487463777901
1243.0,-0.0022161073975904113,-0.0005202556772691049,3.371806387109409e-14,-2.708072590830562e-14,0.35357632289163243,-4.669751964295294e-06,7.438143615675795e-06,1.3556003896341382
1244.0,-0.009655497802321628,0.0013053036947093708,-1.0118979035163647e-13,-2.147038890656584e-14,0.31284771466085226,-4.671125287550726e-06,8.738279657953326e-06,1.5925499588484828
1245.0,0.00560752175788817,8.512404906078638e-05,-2.433577146423617e-13,-1.4591690816826115e-14,0.27350645357621794,-4.672325912505313e-06,7.823038370349933e-06,1.4257473922148343
1246.0,0.00606103741958567,-0.001175037660019391,-3.6243107175074395e-13,-3.443956544061173e-15,0.22916065727697627,-4.673331870500594e-06,6.985901608196769e-06,1.273179361858407
1247.0,-0.009298885564911916,0.0005948394487609561,-4.02413639823178e-13,9.1967855588047e-15,0.18566559772438238,-4.674146896058205e-06,8.21898150868594e-06,1.4979079608102133
1248.0,-0.0030022306427739467,0.0010777906983483194,-3.5921812128546184e-13,1.7995812658455463e-14,0.14672787729247744,-4.67479099475755e-06,8.421935911228635e-06,1.534896365630069
1249.0,0.009663727210898178,-0.0009244094698101695,-3.1764141492188503e-13,2.6187264085016058e-14,0.10489172629827898,-4.675251443213068e-06,7.324967421155776e-06,1.3349740477246714
1250.0,-0.002428735014450404,-0.000495790881343273,-2.079201562668292e-13,3.1807352533546095e-14,0.059761717274180594,-4.6755137822114726e-06,7.455847360551733e-06,1.3588268940809234
1251.0,-0.009582261922029238,0.0013111717168578269,-5.969722527318243e-14,2.806417644541727e-14,0.019038932568900085,-4.675597358365717e-06,8.744282487629896e-06,1.5936439735205465
1252.0,0.005738966141713181,6.446638611955174e-05,7.385878523037149e-14,2.186839185973404e-14,-0.02037615520319414,-4.675507912138414e-06,7.816485792652952e-06,1.4245531860609741
1253.0,0.005949302216129202,-0.0011710420270744,2.0051054304614054e-13,1.5210391721082615e-14,-0.06478097235612643,-4.675223539865014e-06,6.986329095241509e-06,1.273257271298498
1254.0,-0.009360717372262007,0.0006104274498995166,3.415856504618583e-13,4.8713563991838344e-15,-0.10825261952299438,-4.674748337928462e-06,8.229138342722805e-06,1.4997590420596807
1255.0,-0.0028741575251525864,0.001067346581522568,3.781346366781768e-13,-6.241308181444161e-15,-0.1471848183448535,-4.674102233372133e-06,8.410922880570786e-06,1.5328892426942642
1256.0,0.009665224332855351,-0.0009349979237512068,3.3857642124711823e-13,-1.5130112235545236e-14,-0.18905729405503685,-4.673272319115555e-06,7.316631938146801e-06,1.3334549073855495
1257.0,-0.002569875493290277,-0.00047943019734057176,2.912190574662268e-13,-2.3755784960539997e-14,-0.23416281026351676,-4.6722444029192e-06,7.4693550990655645e-06,1.361288677092727
1258.0,-0.009514282889448928,0.0013158870927612836,2.1675804748395453e-13,-3.1071716617224166e-14,-0.27481164893815735,-4.671038048483274e-06,8.747828857917539e-06,1.5942902988931278
1259.0,0.005890067084938216,4.0329409221904626e-05,6.845604437100092e-14,-2.911006142913085e-14,-0.3142170060636571,-4.669658714380906e-06,7.807753885506342e-06,1.4229617974912177
1260.0,0.005777209221969313,-0.0011645801344529422,-5.980321494486761e-14,-2.3100341073580587e-14,-0.35861399819397377,-4.668084488582334e-06,6.988797885397847e-06,1.2737072078782117
1261.0,-0.009472581883618231,0.0006398788506675904,-2.2131600257707685e-13,-1.5102005437276564e-14,-0.40195548442248125,-4.666320004494591e-06,8.244817470092321e-06,1.5026165603155055
1262.0,-0.002575235081707766,0.0010424170257758996,-3.372478162534618e-13,-5.087451802229709e-15,-0.4407855973811953,-4.664385065918487e-06,8.384669608493829e-06,1.5281045883913154
1263.0,0.00966084331379764,-0.0009622077691217619,-3.6446014240429486e-13,6.136216631183469e-15,-0.4826759998089132,-4.662266238948326e-06,7.29541747435002e-06,1.3295885750216263
1264.0,-0.00297007181466408,-0.0004321796819987015,-3.1027529002962264e-13,1.2998771104365026e-14,-0.5276648821313251,-4.65994992203199e-06,7.50917570232861e-06,1.3685459751617084
1265.0,-0.00929985875038958,0.001327870511796533,-2.8716048988865405e-13,1.997406961465357e-14,-0.5680749033769512,-4.6574562152248915e-06,8.756727210350435e-06,1.5959120220875704
1266.0,0.006322461565043269,-3.078319836739851e-05,-2.642940880061112e-13,2.7160203965573014e-14,-0.6074552790867063,-4.6547896384135196e-06,7.782315376106328e-06,1.418325633545459
1267.0,0.005263932605616047,-0.0011426044497186204,-1.7174586051632856e-13,3.175602701983728e-14,-0.6518427011678346,-4.651928211916068e-06,6.9987817303510785e-06,1.2755267618970565
1268.0,-0.009753907975187819,0.0007201417846236245,-1.6103409493407774e-14,2.533388596485623e-14,-0.6948452738516135,-4.648878014875178e-06,8.289053803623491e-06,1.5106786244634012
1269.0,-0.0017658624861621327,0.000971305195754742,1.024550860890182e-13,2.0028099057007503e-14,-0.7334616537242117,-4.645658301580742e-06,8.313412572024955e-06,1.5151180057986098
1270.0,0.009590935108785385,-0.0010256727318989182,2.2954142354957556e-13,1.2825249935720946e-14,-0.7754596074529287,-4.642254227768926e-06,7.2414990070590225e-06,1.319761943667788
1271.0,-0.0039289512130294794,-0.00031310579712817146,3.6570871593093756e-13,2.193311793659737e-15,-0.8201980207797205,-4.638653763507208e-06,7.605213488843121e-06,1.3860488451714108
1272.0,-0.008720899207750763,0.0013445125710837193,3.75358183235854e-13,-9.200279080890662e-15,-0.8601219144431204,-4.634878043333281e-06,8.767967557223661e-06,1.5979605733643776
1273.0,0.0072134261739661715,-0.0001887572215056729,3.497861235933319e-13,-1.778777903937792e-14,-0.8995513911657197,-4.630929237613911e-06,7.725876451033246e-06,1.408039649196036
1274.0,0.00408136758056405,-0.0010788221430517795,3.06099854196427e-13,-2.874914373670101e-14,-0.9439624334210123,-4.626785478521801e-06,7.035830718081035e-06,1.2822789335136993
1275.0,-0.01018734044979827,0.0008766533582817789,1.7186716927066701e-13,-3.357910766424122e-14,-0.9863052826443893,-4.622455844907313e-06,8.38123076944719e-06,1.52747786056884
1276.0,-0.00010997401357673348,0.0008102343562820371,4.269587492692572e-16,-2.8953253729735345e-14,-1.024628461635029,-4.61795798211785e-06,8.172977683424659e-06,1.4895237715996925
1277.0,0.009217292297229797,-0.0011229773853901372,-1.56417149857959e-13,-2.0438360153850152e-14,-1.0669189322504573,-4.613274474735003e-06,7.144239379361637e-06,1.3020363933134786
1278.0,-0.005636680286280721,-7.799618084169179e-05,-3.561584746618278e-13,-9.018642749758319e-15,-1.1111732315659197,-4.608396702041737e-06,7.779241478463027e-06,1.4177654162307285
1279.0,-0.007391724963811262,0.001332604870117877,-4.4126823529739285e-13,8.831685228417554e-15,-1.1503286205470735,-4.60334704697969e-06,8.742149067987872e-06,1.593255158159159
1280.0,0.008496164466301708,-0.00045918363510705446,-3.9978873171508016e-13,2.284603023375139e-14,-1.1900172839410699,-4.59812316860751e-06,7.618127024719623e-06,1.3884023348551604
1281.0,0.0018329218383785282,-0.0009176430156164088,-2.8499121115889216e-13,3.354957870202307e-14,-1.2344347091622248,-4.5927043088429655e-06,7.151719885550326e-06,1.3033997142747298
1282.0,-0.010425937405992392,0.0011014431036443142,-7.661142791792257e-14,3.150042282410621e-14,-1.2756824093042363,-4.5871043819867224e-06,8.535685526866093e-06,1.5556272134391782
1283.0,0.0026354583448861186,0.0004977445323462975,1.0334413913774988e-13,2.3772079118627916e-14,-1.3137749211391052,-4.581337238526652e-06,7.973532285582577e-06,1.453174882280634
1284.0,0.007957869184870764,-0.0012013345345097976,2.8598268929169415e-13,1.3681545581800459e-14,-1.356582449541519,-4.575382180718777e-06,7.028978667610046e-06,1.2810301484984852
1285.0,-0.007967127176210925,0.0003100323820679532,4.2083345615447625e-13,-2.2051841649201698e-15,-1.3999156165971993,-4.569236901140819e-06,8.021806112426757e-06,1.4619727788876835
1286.0,-0.004703492820717966,0.001202944527770626,4.047864762387847e-13,-1.7989848682962557e-14,-1.4381073713287162,-4.562923969307529e-06,8.56903140090758e-06,1.5617044932255035
1287.0,0.009579591336505055,-0.0008212887846357593,3.3112986197301173e-13,-2.966296804992042e-14,-1.4784405809623218,-4.55643398476725e-06,7.4218859077637745e-06,1.3526374251743438
1288.0,-0.0017892521385016967,-0.0005695989298152233,1.511496313244528e-13,-3.559761497805497e-14,-1.5226198186153928,-4.549750064418483e-06,7.429097901598793e-06,1.353951809805502
1289.0,-0.009572606816301284,0.0013093285306105228,-8.576927583202473e-14,-2.7020616376906252e-14,-1.562297670152763,-4.54289196822093e-06,8.72200208421364e-06,1.5895833738450267
1290.0,0.0062453364016009484,-1.8741257941320666e-05,-3.0113927001998543e-13,-1.4031340545706107e-14,-1.6005341737815255,-4.535866023331572e-06,7.773276069120558e-06,1.4166782214080935
1291.0,0.004877208219565592,-0.0011245128257196925,-4.1722275654757135e-13,4.113622962184178e-15,-1.6439426178092595,-4.5286495262250435e-06,7.02325367053319e-06,1.279986768769747
1292.0,-0.01005327277980983,0.0008287523630629206,-4.07713192481625e-13,1.9314050068636422e-14,-1.6856402173386011,-4.521249987080982e-06,8.312306857481373e-06,1.5149164895139626
1293.0,-8.992550067226171e-05,0.0008077032945431108,-3.165592954624878e-13,3.375078015828695e-14,-1.723013588595248,-4.513686388180446e-06,8.162031025952458e-06,1.4875287451655117
1294.0,0.009065395944628178,-0.0011449495632973297,-9.513780676525245e-14,3.534167784270546e-14,-1.764457222432761,-4.5059408620882716e-06,7.133841461959438e-06,1.300141374662306
1295.0,-0.006431240532270111,4.368236525129199e-05,1.607386187554166e-13,2.4204475516798922e-14,-1.8076754455444701,-4.498005618801193e-06,7.860101850115492e-06,1.4325022050024634
1296.0,-0.006243142841400615,0.0012900220198539447,3.8939459683964984e-13,5.740904395503015e-15,-1.8455434125676606,-4.489904144605874e-06,8.684211884515792e-06,1.5826961164752187
1297.0,0.009275828528345641,-0.0006810469085344991,4.273533892061986e-13,-1.3707584458839461e-14,-1.884701863253642,-4.4816307746016564e-06,7.520452469235428e-06,1.3706011639833493
1298.0,-0.0006557355340890798,-0.0006907435151046747,3.483536955014238e-13,-2.875185648227479e-14,-1.928257561350667,-4.473166205971717e-06,7.355973520764462e-06,1.3406249040246208
1299.0,-0.009858460671096001,0.0012790717117235357,1.457826960471175e-13,-3.4901561153730435e-14,-1.9675432261439192,-4.4645291830947515e-06,8.674061079993072e-06,1.5808461341036628
1300.0,0.0058625608888061695,4.3012463456447204e-05,-1.1502566564133625e-13,-2.66114363403679e-14,-2.004930520991818,-4.455728039340228e-06,7.781261275211763e-06,1.418133523839433
1301.0,0.005016018730401817,-0.0011319969704931614,-3.5034265137809513e-13,-1.0049936468675382e-14,-2.0475852238186687,-4.4467396521039695e-06,7.026442935080568e-06,1.2805680116828255
1302.0,-0.01007617204230393,0.0008440014619230147,-4.583878077964435e-13,1.2146696677235053e-14,-2.0885634287684036,-4.437571380792534e-06,8.290948509701698e-06,1.511023934319001
1303.0,0.0004249295659317597,0.0007528001536533623,-3.6763769954551274e-13,2.992216067219265e-14,-2.125155614865449,-4.428242478932178e-06,8.108992887680184e-06,1.4778625536233319
1304.0,0.008745340206711957,-0.0011739373018844219,-1.5103312616128133e-13,3.7154646726659924e-14,-2.166050839842691,-4.418734057257978e-06,7.104431655607083e-06,1.2947814425326958
1305.0,-0.007311182962376537,0.00019115588504950692,1.6747099484564794e-13,2.5402124712257346e-14,-2.208320962326569,-4.409040080313605e-06,7.938909390605202e-06,1.4468648656492427
1306.0,-0.0049287853178415575,0.0012176856787932862,4.1303856599223775e-13,4.566463984728041e-15,-2.2451155759575205,-4.399184584214045e-06,8.592444537589316e-06,1.565971533343071
1307.0,0.009654223080739788,-0.0008619409631282908,4.556984524029167e-13,-1.8264139713524328e-14,-2.283987862068098,-4.389158448496532e-06,7.429699701797073e-06,1.3540614877877273
1308.0,-0.0028440230671540672,-0.0004507760130444391,3.1392788387413754e-13,-3.5695079572970234e-14,-2.3267222636485085,-4.378944719439681e-06,7.563566165527484e-06,1.378458627688259
1309.0,-0.008704720168129017,0.001343216986974667,2.0286582081626916e-14,-3.302711033054438e-14,-2.3644290585634673,-4.368565466979852e-06,8.749866851888228e-06,1.5946617229423914
1310.0,0.007929530174108041,-0.00033126246536952403,-2.72552344354281e-13,-1.800144166392609e-14,-2.401535781384145,-4.358023325283521e-06,7.670193137177278e-06,1.3978913748604627
1311.0,0.001977808633502858,-0.0009318141726531347,-4.4575163762717213e-13,6.31315778359161e-15,-2.443847826873502,-4.3472954442855025e-06,7.188088446570205e-06,1.3100278782409482
1312.0,-0.010313830801167748,0.001156048658830838,-3.932287511690288e-13,2.8075858207149506e-14,-2.482797467684697,-4.336396584101734e-06,8.50327075243573e-06,1.5497196263962099
1313.0,0.004354878494604157,0.00026729495791359974,-1.7147246493133583e-13,3.7013922801891025e-14,-2.5186993496931303,-4.325340123631418e-06,7.825211150033927e-06,1.4261433809370745
1314.0,0.006075805503766701,-0.0011771332777868427,1.6114540906836924e-13,2.69160266064118e-14,-2.5598739484561146,-4.3141029169661824e-06,7.008830307569596e-06,1.2773581133600724
1315.0,-0.009794585786108782,0.0007510306641083404,4.499497744786389e-13,2.065556354003482e-15,-2.6000241220314866,-4.302689461076495e-06,8.183271803184014e-06,1.491399873148379
1316.0,2.835990996344329e-05,0.0007938680754777326,4.432589456528148e-13,-2.33766208662755e-14,-2.6353744872230194,-4.2911208259212076e-06,8.12123401939839e-06,1.480093497765334
1317.0,0.008725859402604765,-0.0011773725636138727,2.4686979246978393e-13,-3.8390948275236044e-14,-2.67499772271283,-4.279378254667929e-06,7.119124053626584e-06,1.2974591295348559
1318.0,-0.007660974724721658,0.0002548825817068706,-1.2943244081531312e-13,-2.862031648314456e-14,-2.715996541654225,-4.267455708849202e-06,7.961380574867732e-06,1.4509602351010542
1319.0,-0.004008767712846658,0.0011556037159002504,-4.2137886369470297e-13,-4.693589637518266e-15,-2.751364889444959,-4.255377904825762e-06,8.520360562126559e-06,1.5528342412615155
1320.0,0.009717280629049817,-0.0009823448089136652,-4.521487337456591e-13,2.2596852677434433e-14,-2.7893432981734665,-4.243133385082605e-06,7.381056914854317e-06,1.3451963482664195
1321.0,-0.0046359215402429115,-0.000224028854477254,-2.490063127678887e-13,3.802208662941282e-14,-2.83068922857311,-4.230707367041476e-06,7.753980353270418e-06,1.4131615805261408
1322.0,-0.007144087593607227,0.001326799885238766,1.1302078386751902e-13,2.8853844144288586e-14,-2.8664648278820954,-4.21812430306328e-06,8.753376930858929e-06,1.5953014342287264
1323.0,0.009254310234075695,-0.0006636491356408798,4.1788267267081556e-13,4.475265783110218e-15,-2.9029336427394727,-4.205381150105064e-06,7.5894933404745865e-06,1.383183850845598
1324.0,-0.0013326660192711616,-0.0006243814504356002,4.404613865072979e-13,-2.2876824154579664e-14,-2.944130091070766,-4.192457155037787e-06,7.490947840227603e-06,1.3652239504411523
1325.0,-0.009184195177985615,0.0013276729761300832,2.2268770892598822e-13,-3.79740650204735e-14,-2.9805200234066223,-4.179373417265037e-06,8.706573478324627e-06,1.586771513085767
1326.0,0.007702377088582202,-0.0002851986578771548,-1.4849584071568598e-13,-2.7054839451063624e-14,-3.0157293915477905,-4.16613511916849e-06,7.676050790958135e-06,1.3989589312506
1327.0,0.001829374763675866,-0.0009208863055114705,-4.331394819917718e-13,-7.189821292631019e-16,-3.0563619699348283,-4.152718454210968e-06,7.218449096580383e-06,1.3155611014630175
1328.0,-0.010165008967808122,0.0011965933227811667,-4.176090252762466e-13,2.68285951336444e-14,-3.0934261856942578,-4.139139086612317e-06,8.476947911490283e-06,1.5449222931789912
1329.0,0.005461224891591696,0.00010101322111406066,-1.458493410010005e-13,3.758428124824576e-14,-3.12766379227052,-4.125409424480198e-06,7.716625976706634e-06,1.4063537518472635
1330.0,0.004568897172441263,-0.0011078565847764804,2.3440425189184316e-13,2.1749459918816596e-14,-3.167429878453193,-4.1115051991712585e-06,7.030186824545124e-06,1.2812503348912943
1331.0,-0.010240650682703124,0.0009782568652545879,4.663538153505152e-13,-9.028127834056818e-15,-3.2051112577069367,-4.0974355620277395e-06,8.227327625349779e-06,1.499429039131098
1332.0,0.002927394983057556,0.00045389872309469696,3.538162485625612e-13,-3.3524442165297845e-14,-3.238653860965963,-4.083218681241564e-06,7.819176797557227e-06,1.42504362124013
1333.0,0.0067182953165263095,-0.001193946585298073,4.1540129492423765e-15,-3.410302475520397e-14,-3.277373021551274,-4.068831833020209e-06,6.988415853005165e-06,1.2736375825406097
1334.0,-0.00964274723836598,0.0007180000749817692,-3.8130047392939435e-13,-9.416512944523313e-15,-3.31552786212656,-4.054277494587439e-06,8.062049785987776e-06,1.4693071814454204
1335.0,0.0004426000307187485,0.0007467650765301391,-4.4826429735190694e-13,2.121942346742134e-14,-3.348605773938104,-4.0395779523912935e-06,8.023662514775817e-06,1.46231110789526
1336.0,0.008233883215186796,-0.0011996191769310797,-2.1088802744059998e-13,3.7905158832624025e-14,-3.3862114359997677,-4.024713330740113e-06,7.086063275191816e-06,1.2914338083736285
1337.0,-0.008634121598556324,0.00045433639735708653,1.9860924897829184e-13,2.343159983869178e-14,-3.424650210650905,-4.009679972477908e-06,7.99520949469696e-06,1.4571255498987892
1338.0,-0.0017632191930426506,0.0009698582723305941,4.4869181606405743e-13,-6.720338053557743e-15,-3.4574260857051216,-3.994502736318184e-06,8.288684973699395e-06,1.5106114052734194
1339.0,0.009180433896280146,-0.001150899288493705,3.491212944352809e-13,-3.2131386957708574e-14,-3.493937897971101,-3.979165222430566e-06,7.264593576878947e-06,1.3239709250297966
1340.0,-0.007450332093331307,0.00021313385675341795,-1.1440319502625947e-14,-3.123189245224224e-14,-3.5324664642996746,-3.963658577768906e-06,7.988999302002347e-06,1.4559937433524919
1341.0,-0.0035849786283744566,0.0011273187194422401,-3.5743179122148325e-13,-7.937554884614105e-15,-3.5650328489817307,-3.948008974820089e-06,8.545644491254873e-06,1.5574422329794475
1342.0,0.009682132720409064,-0.0010722816703215487,-4.110797736623816e-13,2.2161263326058054e-14,-3.6005211474133834,-3.932203587113231e-06,7.457865919545337e-06,1.3591947761089689
1343.0,-0.006263736010767735,7.313278125403534e-06,-1.495975609774655e-13,3.46125810281693e-14,-3.6389684580110537,-3.916229425324677e-06,7.999920372466986e-06,1.4579841065589627
1344.0,-0.005010934648486243,0.0012307689843122983,2.35706470042329e-13,1.8214141379947832e-14,-3.6713594778878784,-3.900113075056619e-06,8.746210640123315e-06,1.5939953789795436
1345.0,0.009873744393970759,-0.000982826279032582,4.277423522294186e-13,-1.1538949227674962e-14,-3.7059152106697617,-3.8838450337605816e-06,7.620615150680414e-06,1.3888557953818972
1346.0,-0.0051813215554872075,-0.00015949584035673388,2.8099019715447886e-13,-3.303800167258581e-14,-3.7441446357001773,-3.8674091748460166e-06,8.000438243548426e-06,1.4580784884741358
1347.0,-0.006079424482929858,0.00129369951098517,-1.0318416365340619e-13,-2.6751492831936648e-14,-3.7763524476946952,-3.850831931688749e-06,8.873099729234914e-06,1.6171208935605599
1348.0,0.009872875544104506,-0.0008956674016020256,-3.9909281272047355e-13,-6.117335658612461e-17,-3.810068156623014,-3.8341066849982135e-06,7.733079680589616e-06,1.4093524365389236
1349.0,-0.004260752210273476,-0.0002887550196858511,-3.577308671459181e-13,2.7882491395308344e-14,-3.847977637373341,-3.817215025164554e-06,7.980218778499267e-06,1.4543934944601633
1350.0,-0.006846318718393769,0.001328332090744707,-1.772276709074543e-14,3.1900890491596646e-14,-3.8799671137226763,-3.80018293952709e-06,8.930677101505941e-06,1.627614359715236
1351.0,0.009771096631890939,-0.0008191626526797802,3.4175777662215175e-13,9.249339247954443e-15,-3.91292768359757,-3.7830061652280177e-06,7.793549726413052e-06,1.4203730919490565
1352.0,-0.0035284735856451785,-0.00038400919277830985,4.08303277569879e-13,-2.2496612448764068e-14,-3.9504446597782454,-3.7656647007827563e-06,7.940037224586158e-06,1.4470704131975318
1353.0,-0.007366889133271797,0.001344464140905899,1.203071083236313e-13,-3.497658601474542e-14,-3.982164184748321,-3.7481839955527572e-06,8.933223049287914e-06,1.6280783582588991
1354.0,0.009634728537415824,-0.0007582975404356243,-2.832406055797812e-13,-1.5966016765096888e-14,-4.014443874796447,-3.7305615905533697e-06,7.809490488758708e-06,1.423278293134107
1355.0,-0.0029932409295238805,-0.000449185242946692,-4.333081414568799e-13,1.7904938344976982e-14,-4.051518692872396,-3.7127764363713332e-06,7.885866100785701e-06,1.4371977352384702
1356.0,-0.007687756815271796,0.001349337528742058,-1.9322978520472913e-13,3.553891444101156e-14,-4.082907407845709,-3.6948534935777427e-06,8.897145459105857e-06,1.6215032236776326
1357.0,0.00950878700026844,-0.0007158058530476525,2.2604795195722104e-13,2.0852777422433825e-14,-4.114570219691972,-3.6767915589558498e-06,7.791454852926844e-06,1.4199913016179109
1358.0,-0.0026545912288333437,-0.0004877718863578036,4.5227548802812537e-13,-1.3526129602250513e-14,-4.1511697173780835,-3.6585689616889893e-06,7.825222647765913e-06,1.4261454763967436
1359.0,-0.007844276581425193,0.0013478926757737174,2.4987719308489457e-13,-3.627537973627149e-14,-4.182162223452239,-3.64021031506859e-06,8.837250559274365e-06,1.6105873885252224
1360.0,0.009421139868865962,-0.0006929324271236314,-1.9366717294994095e-13,-2.4268497844846755e-14,-4.213263772228055,-3.621715140424452e-06,7.750058121679258e-06,1.4124467544958925
1361.0,-0.0025076370038668644,-0.0005024921777682751,-4.653821882109486e-13,1.0996491738967354e-14,-4.249365614814526,-3.60306148771682e-06,7.76554938929597e-06,1.4152700353442056
1362.0,-0.00786045709362214,0.0013431086381322074,-2.8292684588771974e-13,3.677243834146178e-14,-4.279895053773394,-3.584273818404518e-06,8.765649525546299e-06,1.597538112491426
1363.0,0.009385933939162252,-0.0006899091704639069,1.7560720027425477e-13,2.6429634073016568e-14,-4.310484946328474,-3.565351867111373e-06,7.695033713765903e-06,1.402418565654589
1364.0,-0.0025455046012092288,-0.000495232527450019,4.776437869305699e-13,-9.944501326404071e-15,-4.346072800899432,-3.546273694033625e-06,7.713873703860818e-06,1.4058521505963408
1365.0,-0.007749963962915617,0.0013363193977033458,3.0018702270144184e-13,-3.756746774385742e-14,-4.376072988959542,-3.5270638276303397e-06,8.692012116665146e-06,1.5841177074375947
1366.0,0.009406149600829672,-0.0007062252782648465,-1.7602032666896856e-13,-2.7549246789178097e-14,-4.406197189958654,-3.5077217235157186e-06,7.635373721592171e-06,1.391545542382245
1367.0,-0.002760278704443729,-0.00046710753705560525,-4.89304531088337e-13,1.0441126462013342e-14,-4.441256648973235,-3.4882257171408886e-06,7.677075311247393e-06,1.399145649896416
1368.0,-0.007517572928105545,0.0013274778524802106,-3.0205000691926143e-13,3.872581899966268e-14,-4.470663735039006,-3.468600621010001e-06,8.624315865144183e-06,1.5717800772868153
1369.0,0.009475384935776182,-0.0007407500697748275,1.888180554186939e-13,2.7480449644556717e-14,-4.500366636032903,-3.4488451365694757e-06,7.57985099516428e-06,1.3814265350777106
1370.0,-0.003142939023794033,-0.0004186050235682822,4.960733892017935e-13,-1.1941174049382342e-14,-4.534881760093589,-3.4289381393631047e-06,7.662279576000714e-06,1.3964491297024457
1371.0,-0.007160840360812087,0.0013153691937790135,2.825711401841433e-13,-3.916281646726322e-14,-4.563635747971812,-3.4089049193384454e-06,8.569581497090773e-06,1.5618047481599069
1372.0,0.00957902350886078,-0.0007917461945825258,-2.192477606475934e-13,-2.6035232973597436e-14,-4.592961755550412,-3.388742965472018e-06,7.537468166339071e-06,1.373702271842437
1373.0,-0.003682550094147386,-0.0003497887315140463,-4.983091328820331e-13,1.4606524836987127e-14,-4.6269121168132035,-3.3684319780072374e-06,7.67703295562954e-06,1.3991379305923757
1374.0,-0.0066719501548095405,0.001297787141826372,-2.4506450548434523e-13,3.988108384614839e-14,-4.654958507610021,-3.347997873898456e-06,8.534278935336913e-06,1.5553708623758573
1375.0,0.009694956208574043,-0.0008567991830054372,2.6377629321084333e-13,2.310838781916016e-14,-4.683952998642576,-3.3274364912226647e-06,7.517516199470226e-06,1.3700660293256384
1376.0,-0.004364854308405066,-0.00026055298990808556,5.00508970964131e-13,-1.880448164799602e-14,-4.7173111449082405,-3.306728674624303e-06,7.728989808962326e-06,1.4086070581410364
1377.0,-0.00603979875490036,0.001271694228441793,1.9410526669178275e-13,-4.011278056600197e-14,-4.744602894813132,-3.285901054066798e-06,8.524181210056124e-06,1.5535305536869783
1378.0,0.009794063050523171,-0.0009326867050055134,-3.1433777885879294e-13,-1.9056291950716696e-14,-4.773312383317813,-3.2649474060321285e-06,7.528988680819702e-06,1.3721568870706602
1379.0,-0.005170393565076081,-0.00015093127860314108,-4.902742438992236e-13,2.3179210794380154e-14,-4.806041705461563,-3.2438500844555785e-06,7.824890817871776e-06,1.4260850004558332
1380.0,-0.0052524376921007235,0.001233395880358261,-1.2866626101020878e-13,3.984831671157273e-14,-4.832541629121706,-3.222636434839142e-06,8.543510176297968e-06,1.5570532544470777
1381.0,0.009840732331341067,-0.0010152176911527569,3.731458010133254e-13,1.3275380964316942e-14,-4.861012974330125,-3.2012978031350763e-06,7.5791648621719706e-06,1.381301487458335
1382.0,-0.006072344952448928,-2.1459876983946098e-05,4.693956427372804e-13,-2.841019134965922e-14,-4.893066050340677,-3.1798184664405934e-06,7.968713909632373e-06,1.4522967340956843
1383.0,-0.004299997556555042,0.001178766805185705,4.3409674903367067e-14,-3.826317657605429e-14,-4.918749703433581,-3.1582263849299457e-06,8.593339863904097e-06,1.5661347064093463
1384.0,0.009793791121843988,-0.0010990878797003433,-4.2977741565886804e-13,-6.368091075788588e-15,-4.94702819182845,-3.136510167924867e-06,7.671339583261272e-06,1.398100314461317
1385.0,-0.00703440847083859,0.00012641513506887734,-4.2821335838676405e-13,3.348830669072627e-14,-4.978345796884869,-3.1146564744629915e-06,8.159107396021375e-06,1.4869959141153863
1386.0,-0.0031781275562116186,0.001103571341515268,5.787369561069511e-14,3.543041074990472e-14,-5.003204718062828,-3.092693656551875e-06,8.669474053557037e-06,1.580010149327724
1387.0,0.009608293374661644,-0.0011778210918556757,4.788573627231808e-13,-2.090383644087419e-15,-5.031330915917874,-3.0706073716637245e-06,7.802030730557497e-06,1.4219187534899913
1388.0,-0.008009307844359466,0.0002899276480369718,3.6429189396955167e-13,-3.804827932762332e-14,-5.061842006254406,-3.048387150716769e-06,8.386621370560246e-06,1.5284602966909149
1389.0,-0.001891757714327274,0.0010039069036261409,-1.701235119465214e-13,-3.0272629535735894e-14,-5.085886982189167,-3.026061378336704e-06,8.760419070714939e-06,1.5965848630015382
1390.0,0.009238565570337006,-0.0012438832743282685,-5.043449189525617e-13,1.1556304452768455e-14,-5.113892424809935,-3.003612669064894e-06,7.958549848789625e-06,1.4504443357620924
1391.0,-0.008938662957814644,0.0004646578888275599,-2.671232116252106e-13,4.070794805822517e-14,-5.143515469065245,-2.9810339220345652e-06,8.63179095671092e-06,1.573142411434151
1392.0,-0.0004586413765577755,0.0008767624521170215,2.844401425822691e-13,2.253027111428517e-14,-5.166779245727814,-2.9583530528406314e-06,8.846539469988585e-06,1.6122802908989997
1393.0,0.008642640840067542,-0.0012890490342261053,4.987053999060669e-13,-2.1432438016869617e-14,-5.194681321253255,-2.93554970051066e-06,8.11840282353984e-06,1.4795775128089677
1394.0,-0.009754986962188393,0.0006443873656618039,1.3679175106523078e-13,-4.0022528797338063e-14,-5.223327291085718,-2.9126205995346164e-06,8.865567530951825e-06,1.61574815172403
1395.0,0.0010881987571715749,0.0007206254924645636,-3.8321599276853114e-13,-1.2063528519488023e-14,-5.245865986757137,-2.8895925593192493e-06,8.901753037338937e-06,1.622342954015034
1396.0,0.007787702542861447,-0.0013050488746349147,-4.493910768358225e-13,2.980551777952446e-14,-5.273662727467251,-2.8664424983613498e-06,8.252152576116799e-06,1.5039533821219349
1397.0,-0.010386176817346384,0.0008212482177078286,1.2847343941664804e-14,3.541993177666776e-14,-5.301239817683919,-2.843171380871672e-06,9.05350358454187e-06,1.6499994650404401
1398.0,0.0027000673863108973,0.000536016163889592,4.4973428025354053e-13,8.576794495363777e-17,-5.323132323092661,-2.819804160756376e-06,8.898799769652323e-06,1.621804721489081
1399.0,0.006655577583748956,-0.0012844311961550323,3.565464082271884e-13,-3.571775792350932e-14,-5.350798082482295,-2.796315494873799e-06,8.330574336192833e-06,1.5182457343549334
1400.0,-0.010762095020818676,0.0009862057723679346,-1.623515290460057e-13,-2.7897417018481756e-14,-5.3772178443948535,-2.772710852841367e-06,9.16400241171589e-06,1.6701378572133918
1401.0,0.004314773985577204,0.0003258129338317323,-4.70244022818724e-13,1.2036037267836698e-14,-5.3985627962473375,-2.74901251180654e-06,8.817872653859254e-06,1.6070557686092455
1402.0,0.005247008846448915,-0.001221473031397569,-2.2386745870589876e-13,3.780186410100578e-14,-5.426045773879385,-2.7251935273706532e-06,8.334993766857316e-06,1.5190511748304452
1403.0,-0.01082196620304254,0.0011297980298988319,2.9662268020666336e-13,1.7057100533998854e-14,-5.451229959555125,-2.701263990655696e-06,9.17883972176883e-06,1.6728419544086246
1404.0,0.005861080480399854,9.528439178123718e-05,4.428431346752034e-13,-2.2916372236639845e-14,-5.4721403869441145,-2.6772426623921084e-06,8.656330878218983e-06,1.577614807891758
1405.0,0.0035836969357573197,-0.0011129263493888189,6.490824296112013e-14,-3.5838122399295496e-14,-5.4993625662348045,-2.6531018355669793e-06,8.267314471251633e-06,1.5067166348922978
1406.0,-0.010520829494605024,0.0012429472827555973,-3.992209696236742e-13,-4.302994626442949e-15,-5.523249796622979,-2.628856149772253e-06,9.10199715412415e-06,1.658837409723566
1407.0,0.007264189290656297,-0.0001481566882341896,-3.6512332897727317e-13,3.152320195556967e-14,-5.543846059727486,-2.6045200515315642e-06,8.435285456377372e-06,1.5373293179283989
1408.0,0.0017079344128592081,-0.0009584350095776036,1.0542239119537106e-13,2.938307660683306e-14,-5.570705449911063,-2.580066047282817e-06,8.154852795110064e-06,1.4862205138339297
1409.0,-0.009833602743195153,0.0013176251815040915,4.546291473171789e-13,-9.544937703073593e-15,-5.5932569786372,-2.5555130474608443e-06,8.962199887133816e-06,1.6333593819529677
1410.0,0.008450596114459872,-0.0003953530413624164,2.3914208471603284e-13,-3.6589634917414746e-14,-5.6136588841673944,-2.5308704883740704e-06,8.198649061716405e-06,1.4942023758607605
1411.0,-0.00031933072838603486,-0.0007605938989293591,-2.679477332204478e-13,-1.9105714783014252e-14,-5.640033304425026,-2.5061121521759707e-06,8.045997238695867e-06,1.4663816074732168
1412.0,-0.008756424238417009,0.0013472314294516962,-4.4897201004851526e-13,2.235068221526174e-14,-5.661237612223836,-2.4812607343677113e-06,8.80635418191241e-06,1.6049565290857943
1413.0,0.009351087289490077,-0.0006357822998739908,-7.304245020391619e-14,3.635484246268882e-14,-5.681556440697581,-2.456320121982159e-06,8.002680987519964e-06,1.4584872281757004
1414.0,-0.0024206077694070736,-0.0005247853302673656,3.996259203833597e-13,5.216275852597471e-15,-5.707307825987475,-2.431266467453031e-06,7.996083148858071e-06,1.4572847732188003
1415.0,-0.007306313406831108,0.0013267185410700635,3.7836137295628475e-13,-3.271636793738129e-14,-5.727184272242162,-2.406125560293956e-06,8.684673567044563e-06,1.5827802580363697
1416.0,0.009902002909130254,-0.0008578078683533369,-1.1067277067863802e-13,-3.072804468074544e-14,-5.747514963054394,-2.3808954064848882e-06,7.898110306618521e-06,1.43942923963733
1417.0,-0.004503221894607631,-0.0002590162019910788,-4.734482026142775e-13,9.864153373069592e-15,-5.772493547203069,-2.3555556029360536e-06,8.04739648098418e-06,1.4666366191386588
1418.0,-0.00552096046668063,0.0012526779464298434,-2.4244294385965804e-13,3.818364101541404e-14,-5.791095425328642,-2.3301341417927174e-06,8.632028219712345e-06,1.573185652575193
1419.0,0.010046462936671404,-0.0010488796246777893,2.8426606335052343e-13,1.975222893053196e-14,-5.811508693991554,-2.304623071503268e-06,7.910506682883794e-06,1.4416884770712295
1420.0,-0.006460510947446583,2.6109989942326657e-05,4.707048667393487e-13,-2.3932304657198165e-14,-5.835557294787064,-2.2790064338684765e-06,8.210573292417142e-06,1.4963755648470474
1421.0,-0.00345984315762221,0.0011236642577339452,6.229997695057666e-14,-3.759142643095874e-14,-5.85297414303417,-2.2533133406240924e-06,8.652538542975071e-06,1.5769236554483665
1422.0,0.009737939780749045,-0.0011959666362083515,-4.191156935938043e-13,-5.147216844128346e-15,-5.8735083463987,-2.2275301073604887e-06,8.026572797653056e-06,1.4628415064471267
1423.0,-0.00817511161364137,0.00031741198107557774,-3.882349034372913e-13,3.455741427012796e-14,-5.89646778436912,-2.201646087904054e-06,8.455270943965763e-06,1.5409716695905467
1424.0,-0.0012059150123619852,0.0009408704689230349,1.3631481802710312e-13,3.060889468276387e-14,-5.912825911460451,-2.1756902603592208e-06,8.71470294066429e-06,1.5882531061934797
1425.0,0.008947423554754325,-0.0012865338627487063,4.855941810669503e-13,-1.1132719046945589e-14,-5.933479243361034,-2.149643769850677e-06,8.194024242761735e-06,1.4933595034048261
1426.0,-0.009526813368305178,0.0005994940421143982,2.326675524953179e-13,-3.9314125178990445e-14,-5.95519600801121,-2.1235019481745095e-06,8.716012714591186e-06,1.5884918122655016
1427.0,0.0011348026153998247,0.0007089450065310412,-3.1353698839162015e-13,-1.808785515662207e-14,-5.970655618556654,-2.0972922626729502e-06,8.761722700759075e-06,1.596822449351988
1428.0,0.007672775718707361,-0.0013101136261131085,-4.6216086397256e-13,2.5529419942210038e-14,-5.9913802774124285,-2.070991601100179e-06,8.339238699122941e-06,1.519824813002895
1429.0,-0.01040543501955613,0.0008557509124202978,-3.063480577963543e-14,3.63159886983392e-14,-6.011716654162031,-2.0446016679175714e-06,8.91458169898545e-06,1.624680975385023
1430.0,0.003438354471131927,0.0004365234138351398,4.302288378302498e-13,1.8888161360590214e-15,-6.02646435298194,-2.018146996024069e-06,8.736061287772504e-06,1.5921456612660676
1431.0,0.005946618319134941,-0.0012601084604528052,3.496943805992291e-13,-3.491034273811991e-14,-6.0471647716029,-1.9916014544679252e-06,8.398790385391298e-06,1.5306780975426855
1432.0,-0.010725993511932316,0.0010699542766090943,-1.7679093372372813e-13,-2.6405833814626554e-14,-6.066010276450726,-1.9649731858568757e-06,8.992518495786953e-06,1.6388849431449755
1433.0,0.0055729432999813925,0.0001361340745449373,-4.647876622412991e-13,1.4680435616692137e-14,-6.080247026326175,-1.9382824214730605e-06,8.60953068783994e-06,1.569085481276031
1434.0,0.0038392310116201994,-0.001135218331656035,-1.6929601386859248e-13,3.7635235879549103e-14,-6.1007834458841605,-1.9115015073414905e-06,8.351336754199083e-06,1.5220296814515857
1435.0,-0.010441427469328482,0.0012279775807628466,3.493770060181711e-13,1.1500320638396683e-14,-6.11806552821367,-1.8846447291890146e-06,8.938889920833264e-06,1.629111144619557
1436.0,0.007411225753995746,-0.00017655374286524873,4.0725583476276913e-13,-2.83328194891971e-14,-6.131991593336404,-1.857726819092166e-06,8.403595014163702e-06,1.5315537403068546
1437.0,0.0014554088600356656,-0.0009400117936939458,-4.7960601122597975e-14,-3.22634855801185e-14,-6.152188507430238,-1.8307202495916739e-06,8.232121443045709e-06,1.5003027115784466
1438.0,-0.009548947122347908,0.0013191085135424926,-4.4956204128120456e-13,6.14349008159062e-15,-6.167880655775888,-1.8036447954829817e-06,8.797114736557671e-06,1.6032726417652416
1439.0,0.008840762523235691,-0.00048386912357989604,-2.619602172793734e-13,3.645298592853893e-14,-6.181679817439427,-1.7765087665043769e-06,8.185671849995126e-06,1.491837281265295
1440.0,-0.001072847507584461,-0.0006845651674224959,2.613295268286451e-13,1.9906764046810138e-14,-6.201337200085636,-1.749286446530301e-06,8.118895408679513e-06,1.47966728636562
1441.0,-0.008089280976279476,0.0013366444890505857,4.501080968793921e-13,-2.2738661331768875e-14,-6.215463651981856,-1.7220021149640137e-06,8.644467051270757e-06,1.5754526274789364
1442.0,0.009770024430927539,-0.000767282111972879,5.621158496947899e-14,-3.615773490743193e-14,-6.229288647116685,-1.6946570951253333e-06,8.039379981151198e-06,1.4651756134282836
1443.0,-0.0035946998011084346,-0.000383515740622742,-4.166551808800184e-13,-2.6201556155995548e-15,-6.248193484601319,-1.6672290877763047e-06,8.0935053640057e-06,1.4750399551078432
1444.0,-0.006141488693900575,0.0012779059540194428,-3.487778857082182e-13,3.437267037639113e-14,-6.260830844245056,-1.63974560557778e-06,8.55324944197222e-06,1.5588282339345594
1445.0,0.010130742229459363,-0.0010083450329482356,1.6654215652373198e-13,2.774650274893745e-14,-6.274790937276992,-1.6122008420608683e-06,8.022495348425874e-06,1.462098392029514
1446.0,-0.00594823660055315,-5.502354294049462e-05,4.800898630737585e-13,-1.541919522168187e-14,-6.292727742678955,-1.584577340452443e-06,8.1984975949258e-06,1.4941747710643258
1447.0,-0.0038171173297213883,0.001144139203491113,1.681280202842445e-13,-3.869660627397198e-14,-6.30400399149822,-1.5569043389307638e-06,8.553500109838772e-06,1.5588739181099562
1448.0,0.0098801944684419,-0.0011896158369211905,-3.565723550800146e-13,-1.2931540283643247e-14,-6.3181548174430135,-1.5291692188208933e-06,8.134474794587812e-06,1.4825066267573597
1449.0,-0.007969036222169679,0.00028016276143040357,-4.3421539073134144e-13,3.031932248623466e-14,-6.334915629263573,-1.5013605229373335e-06,8.41196846017483e-06,1.5330797993965641
1450.0,-0.001255255883870697,0.0009407108799640858,5.691867796631787e-14,3.407420770776909e-14,-6.345006132891558,-1.4735075322654728e-06,8.617347135632873e-06,1.5705100275366497
1451.0,0.009006613099421495,-0.0012959768556613808,4.689981048202468e-13,-5.433464518577139e-15,-6.359342262107167,-1.4455916095703879e-06,8.312147828935322e-06,1.5148875065889038
1452.0,-0.009502457688419723,0.0005998171007223317,2.845560399568879e-13,-3.838537323065163e-14,-6.374737561180512,-1.4176081053611954e-06,8.654683218383915e-06,1.5773145221713134
1453.0,0.001383520923511641,0.0006775152396524314,-2.711126813431475e-13,-2.1650569581739132e-14,-6.383856781873507,-1.3895845700529662e-06,8.674737172384147e-06,1.5809693518251975
1454.0,0.007537072288092255,-0.001316491506444675,-4.732050419372976e-13,2.2725895884204653e-14,-6.398308497120026,-1.3614975953277336e-06,8.45949602810378e-06,1.5417416904451673
1455.0,-0.01042033856008491,0.0008818807999735417,-6.638544840210415e-14,3.7297724034772915e-14,-6.412179673106656,-1.3333497296077136e-06,8.828127598061842e-06,1.6089247304194756
1456.0,0.003927292116445212,0.00036910163300401866,4.21004059174244e-13,4.053880016985384e-15,-6.420567646079699,-1.3051650427833353e-06,8.654363500786365e-06,1.5772562536943646
1457.0,0.005543467611880139,-0.0012463515086725055,3.642510469142857e-13,-3.4581221219912386e-14,-6.435003803225546,-1.276916984838126e-06,8.498919120561878e-06,1.5489265422385843
1458.0,-0.010638479003363992,0.0011065482971904309,-1.6870465095121225e-13,-2.72538521834612e-14,-6.447236003732031,-1.2486152305907434e-06,8.865873057139625e-06,1.6158038338190022
1459.0,0.0062070949246314944,3.410808116821596e-05,-4.691618269470985e-13,1.4599780422614447e-14,-6.455140216848576,-1.2202787788238322e-06,8.52894411411909e-06,1.554398592130057
1460.0,0.003142239970790111,-0.0010881477812587385,-1.6618908078910951e-13,3.793526516146125e-14,-6.469377821436126,-1.1918798275321827e-06,8.416089517969415e-06,1.5338308614680558
1461.0,-0.010128974160651318,0.001258226163523767,3.604231929012278e-13,1.0687861476070076e-14,-6.479910833710471,-1.1634346389499022e-06,8.769789342490168e-06,1.598292593414636
1462.0,0.008071813601194586,-0.00030600276221554056,4.0267016111803144e-13,-2.9528478624994576e-14,-6.487565827418225,-1.134955846858993e-06,8.337589598395888e-06,1.519524264680135
1463.0,0.00048701131508149126,-0.0008519451893177958,-7.223113999115539e-14,-3.148856500844248e-14,-6.501384726822828,-1.1064163932544224e-06,8.270372593828102e-06,1.5072739772038222
1464.0,-0.008923298832922444,0.0013267585172202793,-4.567115328370857e-13,8.509322034881271e-15,-6.51021984501317,-1.0778381556897759e-06,8.608159175430303e-06,1.5688355233761897
1465.0,0.009399138084924395,-0.0006285524402690192,-2.326636096823832e-13,3.6904050068546215e-14,-6.517827489835012,-1.0492265224662727e-06,8.168123519859926e-06,1.4886391011281743
1466.0,-0.0022431406063002203,-0.0005542171637500762,2.9486623311319876e-13,1.6873652984272225e-14,-6.5309869894949975,-1.020557122329137e-06,8.161576954626597e-06,1.4874459907447766
1467.0,-0.007106601241462294,0.0013077172329374251,4.361254705838224e-13,-2.5547172842176177e-14,-6.538189188089799,-9.918561063407198e-07,8.47536811449129e-06,1.5446343754487035
1468.0,0.010100714956418195,-0.0009111768645512032,5.3019654148701256e-15,-3.492274729240704e-14,-6.545901919426622,-9.631212333899168e-07,8.107237298399653e-06,1.4775425977800876
1469.0,-0.004856235990923029,-0.00021618317941293397,-4.421719567675725e-13,1.9857365324221217e-15,-6.5581564030625,-9.343325663195732e-07,8.171322392250485e-06,1.4892220950690136
1470.0,-0.004807417884639224,0.0012020927490067122,-3.0588937943654966e-13,3.643864904274749e-14,-6.563852291991954,-9.055188957208015e-07,8.436948229773713e-06,1.5376323580927758
1471.0,0.010123779542827284,-0.001133146098468562,2.28515939273576e-13,2.3880086752109755e-14,-6.57176032501295,-8.76670510834076e-07,8.187929067018086e-06,1.4922486586779824
1472.0,-0.00715965094296531,0.00013788223514502764,4.761633585288738e-13,-2.080492400239301e-14,-6.5828729268292285,-8.477733444035274e-07,8.314297482100582e-06,1.515279280507098
1473.0,-0.0021870756031155563,0.0010159706377088058,9.156709176339502e-14,-3.8021059323245365e-14,-6.5872448980655545,-8.188569861122441e-07,8.492731506781763e-06,1.5477988506955556
1474.0,0.009453571291278455,-0.0012767552886325125,-4.090201989938798e-13,-6.301714873888832e-15,-6.59536782225801,-7.89904970214487e-07,8.366080164063163e-06,1.5247166653536122
1475.0,-0.008973982718528483,0.0004822800196001427,-3.8701323785045724e-13,3.448911545162788e-14,-6.605123178786815,-7.609101307404076e-07,8.528168128291508e-06,1.5542571688469675
1476.0,0.0005704823522055379,0.0007604677666017075,1.4774885010202934e-13,2.998220799492663e-14,-6.60839924435163,-7.31900910157515e-07,8.5798768181142e-06,1.563681068638763
1477.0,0.008118410539777809,-0.001329091771010004,4.857970054360232e-13,-1.3192457768579054e-14,-6.616682876596089,-7.028553264999773e-07,8.54198718805086e-06,1.5567756901020122
1478.0,-0.010150187347766031,0.0007917630140805419,1.9438753514650926e-13,-3.918265458032144e-14,-6.624900241410941,-6.737736706652436e-07,8.707954934111949e-06,1.5870232831644744
1479.0,0.003270795093812338,0.0004516279998307969,-3.500793484118547e-13,-1.4110713829014737e-14,-6.627338806163089,-6.446813101408891e-07,8.614197501302072e-06,1.5699360072236994
1480.0,0.006194585959802163,-0.0012839676183988922,-4.357686910231517e-13,2.921085905803952e-14,-6.635658717963533,-6.155524272837087e-07,8.61691484797941e-06,1.570431243186448
1481.0,-0.010587815465399462,0.0010437481769729915,4.826058230839795e-14,3.363419858910786e-14,-6.642205181698213,-5.86394807087349e-07,8.766143036413663e-06,1.5976280547617903
1482.0,0.005724183712101264,0.00010979222056741106,4.600167646411041e-13,-5.233600462601735e-15,-6.644075142332467,-5.572289782312952e-07,8.545954434951622e-06,1.557498720164663
1483.0,0.0038062017844591777,-0.0011433032654621978,2.7536667943084583e-13,-3.755730813800592e-14,-6.6522474840303465,-5.280272748382729e-07,8.55204090392614e-06,1.5586079780843358
1484.0,-0.0102487373669278,0.0012204377043173985,-2.7558095963750537e-13,-1.9534332746674955e-14,-6.657049351634818,-4.98804492446934e-07,8.683554225097115e-06,1.582576258159721
1485.0,0.007761858123347587,-0.0002417240475253973,-4.487611640164934e-13,2.312441607717584e-14,-6.658607642914419,-4.6957486954645036e-07,8.395804959856587e-06,1.530134004254469
1486.0,0.0011177003275828034,-0.0009173109771823679,-4.047555284144901e-14,3.561717648241154e-14,-6.666405792660676,-4.4031101471811816e-07,8.392803094558713e-06,1.529586914822255
1487.0,-0.009161340965112983,0.0013102273611395657,4.2515986665057547e-13,3.499806178274209e-16,-6.669455849228461,-4.1103377090396755e-07,8.519133213472762e-06,1.5526105571812836
1488.0,0.009248436834333518,-0.0005783977326368309,3.187747590567121e-13,-3.466935522735959e-14,-6.670925570006889,-3.8175007538302983e-07,8.245905446847727e-06,1.5028148438913205
1489.0,-0.001679140963090726,-0.0006233721207545591,-2.036092752167286e-13,-2.401129912348725e-14,-6.678099269448076,-3.5243488911497015e-07,8.241609364227508e-06,1.5020318835755777
1490.0,-0.007414476404913011,0.0013080860866625744,-4.591680330333318e-13,1.871613602089905e-14,-6.6794587992917025,-3.231137348507794e-07,8.372233577301234e-06,1.5258381238537586
1491.0,0.010088179285311479,-0.0008762711055829056,-1.0502288956054625e-13,3.686628793627047e-14,-6.681010697075176,-2.937857681432937e-07,8.189729651331155e-06,1.4925768148581375
1492.0,-0.004379971292643727,-0.0002840901809200947,3.9274489933831933e-13,6.060259974627754e-15,-6.687304203760332,-2.644301745148368e-07,8.195059961941366e-06,1.4935482630464791
1493.0,-0.005144985860188946,0.001215139484411397,3.689936373210008e-13,-3.279984890991946e-14,-6.687100056486944,-2.3507547704187322e-07,8.321691632797042e-06,1.516626863194801
1494.0,0.01022630706088099,-0.0011134710814688696,-1.3759864468648434e-13,-2.912254820403796e-14,-6.688838875777668,-2.057131465869282e-07,8.2722616113952e-06,1.5076182503292546
1495.0,-0.006782126531263437,7.480196607893333e-05,-4.757260558383692e-13,1.379662545521486e-14,-6.694006483609248,-1.763281316255045e-07,8.285410115508385e-06,1.5100145629335682
1496.0,-0.002523953456684435,0.001038054171906516,-1.7872184525682505e-13,3.838769779089588e-14,-6.6924238978747805,-1.4695006381980867e-07,8.379906424660873e-06,1.5272364989602045
1497.0,0.009649648156128695,-0.0012716314938817517,3.492663014110992e-13,1.329844987032758e-14,-6.694380079779973,-1.1756340886459454e-07,8.458299355940521e-06,1.5415235971500392
1498.0,-0.00869928341816832,0.0004263861391632196,4.3125100209335354e-13,-3.010268284414497e-14,-6.698199646953049,-8.815998696438239e-08,8.462005893807753e-06,1.542199113036345
1499.0,0.0002560819940988924,0.0007886404219905141,-6.05131580711642e-14,-3.3788022112598853e-14,-6.6954708572830475,-5.876854376862414e-08,8.489349720406381e-06,1.5471825207125656
1500.0,0.008389442973598567,-0.001337530103224535,-4.690981179128153e-13,6.17901526209158e-15,-6.6975981167279475,-2.936776243571763e-08,8.649234961086325e-06,1.5763215782195625
1501.0,-0.009978165778923154,0.0007445514635250948,-2.7165549416740344e-13,3.843081181452804e-14,-6.699884029813118,4.305348415450301e-11,8.622306045403866e-06,1.5714137879861725
1502.0,0.00299441653520805,0.00048352116904597415,2.84420830054624e-13,2.0425239025788115e-14,-6.696272226887965,2.9438014492135946e-08,8.562307343831283e-06,1.5604790349843718
1503.0,0.006524591459006997,-0.001304850896539503,4.669740165570113e-13,-2.4143640399253974e-14,-6.698451956492258,5.8842543968147835e-08,8.739739102028187e-06,1.5928159422791281
1504.0,-0.010515901021750597,0.0010061798203518447,3.986982114701732e-14,-3.672529961625453e-14,-6.699067747624819,8.824977661328389e-08,8.673483022695219e-06,1.5807407832609406
1505.0,0.005497534817981044,0.00014341136010425682,-4.340243898854601e-13,-1.7628464436064562e-15,-6.694846782910907,1.1763848027856704e-07,8.539188280814177e-06,1.556265589741406
1506.0,0.004180802936202958,-0.0011754556658518562,-3.4399767453652195e-13,3.572509120242532e-14,-6.696899661307869,1.4703619556679327e-07,8.68062492423864e-06,1.5820423935840577
1507.0,-0.010273092078693044,0.0011932069055482957,2.0038299389423473e-13,2.5405304845242756e-14,-6.695768725105786,1.764289463278264e-07,8.587752169005982e-06,1.565116349978976
1508.0,0.00759493784017795,-0.00020822261737739447,4.671355519492977e-13,-1.720116029938768e-14,-6.691200527502694,2.0580164384343134e-07,8.42924994801393e-06,1.5362293475712954
1509.0,0.00152287422785397,-0.0009595139374014675,1.2857543844912236e-13,-3.742927417300224e-14,-6.692903869773555,2.351818186057698e-07,8.508654418219793e-06,1.5507007985557735
1510.0,-0.009277620039705836,0.0012939905122741932,-3.832573211624668e-13,-7.476613322671451e-15,-6.6900161146231145,2.6454931684493657e-07,8.417305204783122e-06,1.534052420179945
1511.0,0.009151514998043404,-0.00054694553589184,-3.7698054101493093e-13,3.1458233227986975e-14,-6.685328876297924,2.9389623927966536e-07,8.306762471831991e-06,1.5139060261866957
1512.0,-0.0012586729955426494,-0.000674323268563904,1.1769577468009191e-13,2.912919953577973e-14,-6.68643643998414,3.2324802364208577e-07,8.323873283449784e-06,1.517024468649564
1513.0,-0.0076180056064959496,0.0013036420962709303,4.607502440825987e-13,-1.201380871898869e-14,-6.6818496461840775,3.5257967312642234e-07,8.260268385186256e-06,1.5054324869235103
1514.0,0.010073553360452701,-0.0008491536046644917,1.914403087400551e-13,-3.722378123281525e-14,-6.677219637217507,3.818909980288979e-07,8.264105926171918e-06,1.50613187810553
1515.0,-0.003962865100392737,-0.0003422520612104464,-3.3191436540290477e-13,-1.3207101649954386e-14,-6.677480291558578,4.112034671387672e-07,8.228674213855414e-06,1.4996744546537386
1516.0,-0.0054298360829502625,0.001223489157386047,-4.1543496204242394e-13,2.83163156281438e-14,-6.671316453871729,4.404888785421506e-07,8.200624894853337e-06,1.494562471108805
1517.0,0.01030917601823168,-0.0010935702119255035,4.6155880204265667e-14,3.3122858029310554e-14,-6.666855069041423,4.6975470558147515e-07,8.352113757015628e-06,1.5221712900807383
1518.0,-0.0063925844133167105,1.1482810668206127e-05,4.587109097607602e-13,-6.3499634246923645e-15,-6.666028365927395,4.990169036008049e-07,8.267462595248898e-06,1.5067436304652233
1519.0,-0.002880703784632958,0.0010602449007367496,2.6195173649241384e-13,-3.744978177391892e-14,-6.658465981552535,5.282459046433252e-07,8.259976160938542e-06,1.5053792291048218
1520.0,0.009847201095867555,-0.00126250990161705,-2.7439619490830685e-13,-2.0272365745257936e-14,-6.654212375427558,5.574562334183583e-07,8.545154178414471e-06,1.5573528735489452
1521.0,-0.008368129313116366,0.00036079319516712995,-4.651114135798875e-13,2.4417894712810488e-14,-6.652081407202364,5.866572077756248e-07,8.403314364416327e-06,1.5315025919388545
1522.0,-0.00015677577871706268,0.0008253835822521487,-3.7114110798308926e-14,3.6878830591074883e-14,-6.643344133780205,6.158198276868865e-07,8.389158284331938e-06,1.528922648787764
1523.0,0.008717856381980589,-0.0013432286591011611,4.350570723278431e-13,1.7942787692392323e-15,-6.639263545131295,6.449645348341266e-07,8.752067453480088e-06,1.5950627822025363
1524.0,-0.009741784784418329,0.0006805760437176509,3.4896172016235045e-13,-3.6175573592206804e-14,-6.635646600895322,6.740933645004068e-07,8.54277965990104e-06,1.5569201179598737
1525.0,0.0025498676240607184,0.0005346927349015257,-1.966552526997042e-13,-2.6902624626441127e-14,-6.62598805994218,7.03179795586538e-07,8.502239311797335e-06,1.5495316465179585
1526.0,0.00699467905064791,-0.001329399681042445,-4.844392001167137e-13,1.711091629487288e-14,-6.621976333992667,7.322486161986823e-07,8.866824642393706e-06,1.6159772600672508
1527.0,-0.010412973928915917,0.0009486619508931411,-1.4502520380307817e-13,3.8782517373794584e-14,-6.616737992388376,7.612944418007691e-07,8.592301270380682e-06,1.565945422919035
1528.0,0.005055067566024269,0.00020758634046718412,3.8015260181306387e-13,1.0466566890909342e-14,-6.606422948787695,7.9029498694021e-07,8.53119066461026e-06,1.5548080255691674
1529.0,0.004793569002763666,-0.0012222362841301062,4.137894798700578e-13,-3.155289779613096e-14,-6.602317548319952,8.192775103979475e-07,8.829140281918702e-06,1.6091092918775312
1530.0,-0.010340080563937256,0.0011476785181651922,-9.31308277238272e-14,-3.163676711790831e-14,-6.595378106295523,8.482295714400583e-07,8.51297586138507e-06,1.551488380826474
1531.0,0.007196987897986899,-0.00013411244345592688,-4.665188853103115e-13,8.572699137814844e-15,-6.584661619087136,8.771345897824459e-07,8.468495210640658e-06,1.5433817899086504
1532.0,0.0022658069933679773,-0.001030639819811491,-2.3927280422822544e-13,3.778655890107135e-14,-6.580257991885278,9.060202773023243e-07,8.65876224032324e-06,1.5780579232154426
1533.0,-0.009544191229342006,0.0012663376162626275,3.0295712072114374e-13,1.677391564678906e-14,-6.571599263355714,9.348679551686401e-07,8.341518035215738e-06,1.5202402216122408
1534.0,0.008847787454124807,-0.000467825213818477,4.351953690141635e-13,-2.5072114587440456e-14,-6.560706562229654,9.636678168001877e-07,8.371639111765872e-06,1.5257297826125835
1535.0,-0.00041446616283203106,-0.0007701253389776449,8.815354663814948e-15,-3.442130762360678e-14,-6.5557770060508105,9.924460389124992e-07,8.44296528621752e-06,1.5387289655907117
1536.0,-0.008102945562146597,0.0012997607600508867,-4.326919182468023e-13,1.8048485741825346e-15,-6.545443198865527,1.021178898194719e-06,8.16631879020286e-06,1.4883101894597914
1537.0,0.00991936551755077,-0.0007719161702509438,-3.00575935043785e-13,3.5164176759415426e-14,-6.5345530671926495,1.049863952521428e-06,8.326875894129427e-06,1.517571693927477
1538.0,-0.0030648197615343836,-0.0004608504780133179,2.2084357681668344e-13,2.256453969352632e-14,-6.528864611396043,1.0785240359493037e-06,8.285679620958812e-06,1.5100636802553737
1539.0,-0.00613717404902436,0.0012488894956029692,4.537257505459965e-13,-1.9691247114489584e-14,-6.516958503931443,1.1071318545419366e-06,8.075442980432509e-06,1.4717480888204086
1540.0,0.010362969075267167,-0.0010270419806269933,9.338931617039113e-14,-3.657297477386401e-14,-6.506191801448728,1.1356924100023463e-06,8.395661689099353e-06,1.5301078931837013
1541.0,-0.005507619460071656,-0.00012544169344262887,-3.966258206632489e-13,-5.328107254832192e-15,-6.499520781729132,1.1642236813539417e-06,8.250030826309755e-06,1.5035666935859577
1542.0,-0.003795690842671497,0.0011194743214143275,-3.650896235237437e-13,3.2848856973107616e-14,-6.486196414956848,1.1926964620664986e-06,8.108635870690155e-06,1.4777974873385442
1543.0,0.010165951557358322,-0.0012171018591847107,1.372950048372091e-13,2.904253308792408e-14,-6.475609907851301,1.221122770659489e-06,8.576240773187457e-06,1.5630184000786893
1544.0,-0.007580864431761568,0.00021284179845236173,4.741758567747733e-13,-1.3412998074008031e-14,-6.4677531268462625,1.2495145899480623e-06,8.327595111191314e-06,1.5177027711128206
1545.0,-0.001242359224163065,0.0009212199096964525,1.8642708489684e-13,-3.8171281808955294e-14,-6.453205944532081,1.277842550743072e-06,8.239657112075861e-06,1.5016760859580298
1546.0,0.009349761558517869,-0.0013300932746679772,-3.356639258068326e-13,-1.4324967764216917e-14,-6.44279096291223,1.306124792372516e-06,8.801437229808304e-06,1.604060415413817
1547.0,-0.009148602411397904,0.0005316043140643947,-4.359308875003072e-13,2.8797744498155176e-14,-6.433574902855588,1.3343665778023264e-06,8.448353081398858e-06,1.5397108903322156
1548.0,0.0013544015349894025,0.0006672615006171046,3.4338498703583616e-14,3.4568262106178446e-14,-6.418029366320088,1.36254012221313e-06,8.395542805126232e-06,1.5300862266001274
1549.0,0.007970269076321732,-0.001359117099466722,4.591793106263066e-13,-3.659838179243693e-15,-6.407715184663436,1.3906683899450064e-06,8.972723561565015e-06,1.6352773198009614
1550.0,-0.010112145265258247,0.0008107713294280311,3.0204002340471475e-13,-3.7743139521228075e-14,-6.397004527542036,1.4187496405697838e-06,8.522185546947741e-06,1.553166844430061
1551.0,0.003832013441879639,0.0003736647964555449,-2.4714731715519414e-13,-2.341538189566804e-14,-6.3806990423355225,1.4467593141908762e-06,8.499400973363529e-06,1.549014359828485
1552.0,0.006117643650528049,-0.001303326409921289,-4.787074884256859e-13,2.084886641540323e-14,-6.37036126344667,1.4747236075470912e-06,9.01135058683353e-06,1.6423170884865312
1553.0,-0.010420227983514146,0.0010340848920720592,-9.712562474079327e-14,3.808702957868198e-14,-6.358066467779069,1.5026339298240243e-06,8.488283246351508e-06,1.54698815600021
1554.0,0.006045165648930248,5.856708567924323e-05,4.033950311866592e-13,7.127487977310393e-15,-6.3412363630819675,1.5304703721488634e-06,8.512816209536184e-06,1.5514592843045811
1555.0,0.00391208207442914,-0.0011682890755029742,3.9355678063804235e-13,-3.3142353966272634e-14,-6.330709988540272,1.558260606321058e-06,8.898489795169368e-06,1.6217482286930849
1556.0,-0.010074096592459262,0.0011903276712807692,-1.2282112571847368e-13,-3.019974400939204e-14,-6.316792408707746,1.5859897457971828e-06,8.346161869565265e-06,1.5210865596206047
1557.0,0.007876471636884527,-0.00025912742709003494,-4.702433820653911e-13,1.0422929696338273e-14,-6.299652935726707,1.6136436472717893e-06,8.455198532827994e-06,1.5409584726731913
1558.0,0.0014942351396563436,-0.0009653689654822331,-2.240229235960096e-13,3.799411420022888e-14,-6.288748402937924,1.641249680573586e-06,8.683047692308612e-06,1.5824839426464776
1559.0,-0.009124529198276455,0.001273852604237722,3.117364424845938e-13,1.6008322500921713e-14,-6.273221462670058,1.668787554489342e-06,8.152932721166818e-06,1.4858705806893067
1560.0,0.009243113044200803,-0.00056124037585113,4.341236699064491e-13,-2.5346873458040414e-14,-6.2559533196799615,1.696249625574407e-06,8.390306482807e-06,1.529131907761588
1561.0,-0.000987467025286545,-0.0007101798591936914,1.1669304971673117e-14,-3.453048177550575e-14,-6.244472668741586,1.7236612994720155e-06,8.454494679068378e-06,1.5408301954470336
1562.0,-0.007661266281285495,0.0012842304528001575,-4.311996234726616e-13,9.961096320082985e-16,-6.2273987931769925,1.750998023324364e-06,7.991249563265561e-06,1.4564038530791665
1563.0,0.01009749224088039,-0.0008315763544139236,-3.15442589696526e-13,3.481328582690938e-14,-6.210138074149025,1.7782589769353597e-06,8.38939140296898e-06,1.5289651346191133
1564.0,-0.003388779087497427,-0.00042061235224877193,1.9810212139237437e-13,2.427132035097483e-14,-6.197888523224616,1.805466158080185e-06,8.297620760970903e-06,1.5122399509607352
1565.0,-0.005798761061547413,0.001225235764165441,4.581650998638721e-13,-1.7313487863771002e-14,-6.179372896217772,1.8325920602513569e-06,7.927845653272777e-06,1.4448485014307517
1566.0,0.010422970663641404,-0.0010566627751025857,1.325407162836477e-13,-3.6981341533626375e-14,-6.162205947195142,1.8596426038080565e-06,8.492781568110733e-06,1.5478079743641164
1567.0,-0.005578240964682071,-0.00011507459609410751,-3.677179126334996e-13,-9.087723701332744e-15,-6.149009609157967,1.8866352187398576e-06,8.254404884509025e-06,1.5043638649375186
1568.0,-0.003663152626670091,0.0011036924271524181,-3.9391600896241193e-13,3.025881145820089e-14,-6.129192297544836,1.913540840628005e-06,7.984417661723302e-06,1.4551587402027344
1569.0,0.010228266887276748,-0.0012260593547535124,7.570484715822929e-14,3.176013044380109e-14,-6.112154689692377,1.940371671677082e-06,8.68934142859097e-06,1.5836309749972162
1570.0,-0.007442691414574343,0.0001887178900684287,4.606565240448864e-13,-7.798049061042063e-15,-6.097855022789525,1.9671397307633725e-06,8.31051169374289e-06,1.5145893212325898
1571.0,-0.0013831375745506419,0.0009286413170688066,2.539558712800315e-13,-3.715419040984136e-14,-6.076902358077835,1.9938158128897446e-06,8.13256526219205e-06,1.4821586148079458
1572.0,0.00954390123456499,-0.0013325877221636523,-2.651255237543693e-13,-2.0433422431717825e-14,-6.059980898738405,2.0204176140399816e-06,8.92138967842887e-06,1.6259217284630723
1573.0,-0.008891950434401108,0.00047454821583962627,-4.633241054103798e-13,2.28893342171316e-14,-6.044447479993792,2.0469512273652845e-06,8.408314769337277e-06,1.5324139148722922
1574.0,0.0009161083161298869,0.0007109027711153993,-7.025541607068066e-14,3.725864484548626e-14,-6.022542624397881,2.073388683850735e-06,8.311166739620679e-06,1.5147087032307118
1575.0,0.008421291907369888,-0.0013727250457879249,4.0917131019164346e-13,5.5726590854176296e-15,-6.005679931330215,2.0997521173292917e-06,9.110363513981897e-06,1.660362177363045
1576.0,-0.009864203796135082,0.0007284382663187722,3.882049968556633e-13,-3.3801589820024454e-14,-5.988812731376734,2.126041508016853e-06,8.476553125894423e-06,1.5448503435723122
1577.0,0.0031185293923785694,0.000462744805612667,-1.2361091391898198e-13,-3.095176206751087e-14,-5.9661450931531785,2.152231393439522e-06,8.455461718297669e-06,1.541006438179596
1578.0,0.006932203893701394,-0.0013470464652946769,-4.803644872278933e-13,1.0192967488624417e-14,-5.94924685735988,2.1783470998316176e-06,9.190295179900154e-06,1.6749297096750775
1579.0,-0.010331219839676076,0.0009394613268743388,-2.448271134134995e-13,3.883263192091246e-14,-5.930979959956865,2.2043826191108383e-06,8.46221293601667e-06,1.5422368464431708
1580.0,0.005123752938037843,0.00019733033757774883,2.9283744402456795e-13,1.984898309767713e-14,-5.907733733148493,2.2303160932659267e-06,8.524417152732952e-06,1.5535735541990907
1581.0,0.005165650602421265,-0.001260354739279354,4.723939477229272e-13,-2.3745017307037744e-14,-5.89067865261521,2.2561746998812445e-06,9.133910582694711e-06,1.6646536265701513
1582.0,-0.010300803996230238,0.0011004597772723312,6.705005519126027e-14,-3.750958848391064e-14,-5.870982385277599,2.281946844807017e-06,8.351164909750845e-06,1.5219983628305662
1583.0,0.00685375743351408,-7.216147654638841e-05,-4.128628605217674e-13,-5.68646382294354e-15,-5.847325392049335,2.3076151414467653e-06,8.515211824526162e-06,1.5518958847228606
1584.0,0.0032211050225889894,-0.0011211995805380692,-3.87984012689358e-13,3.311380939376598e-14,-5.829976936985948,2.3332072827058994e-06,8.960676612154583e-06,1.6330817653510221
1585.0,-0.009814252311440147,0.0012083713620155824,1.1344269840512057e-13,3.0341264276689807e-14,-5.808857309795241,2.358706714081573e-06,8.170129244601581e-06,1.4890046441160183
1586.0,0.008257419271577436,-0.00033358590109291357,4.631034685716948e-13,-8.650680207390545e-15,-5.784931817744684,2.384101118528518e-06,8.459956496254183e-06,1.5418256106860704
1587.0,0.0011992516371034457,-0.0009407667764492798,2.534034993722713e-13,-3.7324364110830756e-14,-5.767150154747799,2.409417465920322e-06,8.725301288705333e-06,1.5901846532939736
1588.0,-0.008938588414192292,0.0012639709838776696,-2.6902147774701304e-13,-1.9378678945786074e-14,-5.744645267588677,2.4346350224837195e-06,7.971873317699345e-06,1.452872535670364
1589.0,0.009311076437946347,-0.0005767527817981709,-4.4751705048384145e-13,2.0932980754843243e-14,-5.720562178487906,2.459746860306737e-06,8.408425673897384e-06,1.5324341272092221
1590.0,-0.0008070623481975599,-0.0007314126705183386,-9.242171758357658e-14,3.6113240551707167e-14,-5.702214356591006,2.4847781557785825e-06,8.494287475254165e-06,1.5480824256809862
1591.0,-0.007755638339882333,0.0012710714643639248,3.8198811776515287e-13,6.746788665782115e-15,-5.678388463900795,2.509704861537991e-06,7.81291222689137e-06,1.423901904317963
1592.0,0.010014901438477717,-0.0007939453096699129,3.8194508078293824e-13,-3.008371798891599e-14,-5.6542253651294105,2.534525497334567e-06,8.40667657342333e-06,1.5321153539498378
1593.0,-0.0027191794122796344,-0.0005052713952061897,-7.445728155180424e-14,-3.047292118445804e-14,-5.635192447817477,2.559262583382374e-06,8.322352581854444e-06,1.5167473210463884
1594.0,-0.006351181536438478,0.001235449873076734,-4.417208454910405e-13,6.376671608632623e-15,-5.610129016221604,2.583889647231333e-06,7.734264925277214e-06,1.4095684471785854
1595.0,0.010386687398704936,-0.000979958690575008,-2.7101440142163215e-13,3.542874091908212e-14,-5.585931533252839,2.6084104901794296e-06,8.48112124196636e-06,1.5456828819376593
1596.0,-0.00447528600462297,-0.00027328416179893606,2.2569169890344613e-13,2.1477845736433178e-14,-5.566112438957227,2.632844332258342e-06,8.237991543545203e-06,1.5013725363809063
1597.0,-0.004806904816541639,0.0011638459748560086,4.4734850942827636e-13,-1.803042801872539e-14,-5.539907476812429,2.6571631411046795e-06,7.751632393565507e-06,1.4127336652753364
1598.0,0.010455486826610164,-0.0011318028007645058,1.3392457832818572e-13,-3.623295813447713e-14,-5.515692711025976,2.6813756531829057e-06,8.632553033820885e-06,1.5732812998558563
1599.0,-0.006030140782610528,-4.474996941017634e-05,-3.4453612984209417e-13,-1.059392572036302e-14,-5.495005501151999,2.705497353581588e-06,8.24091104242171e-06,1.501904614547048
1600.0,-0.0031961353852316414,0.0010632752794320975,-4.031325001546253e-13,2.73084738863218e-14,-5.467761840976859,2.7294994611230162e-06,7.85563756529714e-06,1.431688589865154
1601.0,0.010256998213990256,-0.0012483169450855853,1.1988019875885942e-14,3.317590425278064e-14,-5.44352268019944,2.753395164808422e-06,8.839371156532721e-06,1.6109738670094005
1602.0,-0.0073535601514498105,0.00017274309694646298,4.235061474665746e-13,-9.404366137283146e-16,-5.42190445555808,2.7771959698922077e-06,8.308475525456233e-06,1.514218229913926
1603.0,-0.0015825539855671166,0.0009406962575918152,3.2659747052438783e-13,-3.365657610104529e-14,-5.393726997861509,2.80087308298107e-06,8.01896463805052e-06,1.4614549206732432
1604.0,0.009831222347619704,-0.0013298851723320473,-1.482419564032881e-13,-2.7201585405809243e-14,-5.369436556391979,2.824443567104492e-06,9.066492141087649e-06,1.6523666272282116
1605.0,-0.008429069200798188,0.00037323382039598356,-4.626298942395377e-13,1.1902834754767332e-14,-5.34684293836528,2.847914870893181e-06,8.406340893551833e-06,1.5320541763512185
1606.0,-2.029110229742105e-05,0.0008029089546198366,-2.253589551603137e-13,3.69909191664885e-14,-5.317834511280494,2.8712588349390744e-06,8.206254358199968e-06,1.4955884398317052
1607.0,0.009221677926061106,-0.0013782954772016626,2.6789457458300257e-13,1.9750682326451694e-14,-5.293450485794801,2.894495759209092e-06,9.2760105219025e-06,1.6905513159547845
1608.0,-0.009253200107890863,0.0005523148247027917,4.6207255020136e-13,-2.1344235200632845e-14,-5.269855145323278,2.917629105833275e-06,8.499187528988294e-06,1.548975459627953
1609.0,0.0014459000212224907,0.000656518143027504,1.1338159969251987e-13,-3.771452126843479e-14,-5.240112669668458,2.940631890424952e-06,8.383423578974089e-06,1.527877499726491
1610.0,0.008474999047319949,-0.0013966676535428944,-3.655042190193923e-13,-1.1050408935125475e-14,-5.21558168896511,2.9635269901440866e-06,9.436414845460412e-06,1.7197849762266628
1611.0,-0.009835082003674406,0.0007071144454281452,-4.3481171317934204e-13,2.8947857802619346e-14,-5.190975898784133,2.986314076595774e-06,8.55894018325221e-06,1.5598653705502337
1612.0,0.002780886683821311,0.000507847613447992,1.3528061099801238e-15,3.5613791207094376e-14,-5.160586801342922,3.008967762506969e-06,8.524371528825706e-06,1.553565239249873
1613.0,0.00764001800991547,-0.0013893399528125145,4.3819315294776376e-13,1.9869776684236435e-15,-5.135848841717726,3.0315128549598996e-06,9.528348306960469e-06,1.7365398337111628
1614.0,-0.01019563280461057,0.0008362879656913978,3.8543226243945643e-13,-3.472535386042863e-14,-5.110240778440608,3.05394553441706e-06,8.569191163466627e-06,1.5617336099243038
1615.0,0.003959595632475719,0.00036277776572733505,-1.0769557369949403e-13,-3.226344953009644e-14,-5.07927985335821,3.076242303153339e-06,8.614189952998947e-06,1.5699346315467582
1616.0,0.006766058796824186,-0.0013616421696966015,-4.793633370853669e-13,6.454848851150782e-15,-5.054272609932633,3.0984292963427907e-06,9.546235608684873e-06,1.7397997913618868
1617.0,-0.010365834002240518,0.0009399452181837998,-3.176653548434142e-13,3.815232076216511e-14,-5.027686145908312,3.1204995816017916e-06,8.52572269488676e-06,1.5538114890311983
1618.0,0.004967113944763903,0.00022654569114948972,1.9791910113204755e-13,2.7430570671532336e-14,-4.996213186354951,3.1424317084365934e-06,8.648981628013938e-06,1.5762754083108623
1619.0,0.0059007211026480075,-0.0013195486936339196,4.946739216799373e-13,-1.3732954648192811e-14,-4.970876103886858,3.1642526118136307e-06,9.49633749900297e-06,1.7307058694881223
1620.0,-0.010383996423216479,0.0010194638681594185,2.4246266775958277e-13,-3.971901412402713e-14,-4.943349009251602,3.185952678126993e-06,8.434033203523646e-06,1.5371010950620303
1621.0,0.0057979909272612585,0.00010357587181105549,-2.7354403739052945e-13,-2.208548473028139e-14,-4.9114074855805505,3.20751252913682e-06,8.633210983268217e-06,1.5734012110290263
1622.0,0.005087710709233643,-0.0012692605278880858,-4.924786480927355e-13,1.951099375578238e-14,-4.885685072403657,3.228959465183404e-06,9.39264513985722e-06,1.7118079549380698
1623.0,-0.010292330088054625,0.0010771811773914008,-1.7186476568003133e-13,3.945530606651848e-14,-4.857266768107691,3.2502816519787047e-06,8.305362990012694e-06,1.5136509708667734
1624.0,0.006454565367388204,-2.5977353709596137e-06,3.25375021616465e-13,1.7017289899274688e-14,-4.8248836660692875,3.2714616850518322e-06,8.57596281740668e-06,1.5629677426856368
1625.0,0.004365249922653289,-0.00121678981196382,4.737083055388163e-13,-2.3648405222119567e-14,-4.798727765643252,3.292526900261065e-06,9.252273683888671e-06,1.6862252813253356
1626.0,-0.010133337580507143,0.0011159957220036078,1.1143644258499725e-13,-3.8449748935666106e-14,-4.769476926580434,3.3134637115995213e-06,8.152718805036827e-06,1.4858315945115521
1627.0,0.006944448388130249,-8.928817572876245e-05,-3.637040369297815e-13,-1.268000367661085e-14,-4.736663668460653,3.3342564809381467e-06,8.487414777082188e-06,1.5468298776258322
1628.0,0.0037653746031313024,-0.0011676114065343386,-4.5343897309410847e-13,2.6285643977669464e-14,-4.710034501959503,3.354932354893124e-06,9.091678024039257e-06,1.6569567500473685
1629.0,-0.009946516011417236,0.0011389294549385366,-6.792625569471831e-14,3.712026699474155e-14,-4.6800168571853895,3.3754764588919533e-06,7.987926722436284e-06,1.455798265911776
1630.0,0.007277487718308162,-0.00015449754490791563,3.810405108521211e-13,1.0036826564788865e-14,-4.646771089745289,3.3958746222831627e-06,8.376350948698371e-06,1.5265885140799522
1631.0,0.003314123544398837,-0.0011264140131323774,4.3735111314410383e-13,-2.7556722477251462e-14,-4.6196370414236405,3.416153673985752e-06,8.924355052422929e-06,1.626462167361467
1632.0,-0.00976564335152069,0.001148697536829182,4.8409772721913886e-14,-3.609957012550852e-14,-4.588923660415241,3.43629790162406e-06,7.820108015223098e-06,1.4252133354989445
1633.0,0.007462586333440007,-0.00019668115920906827,-3.8327341372678245e-13,-8.566780028308806e-15,-4.555231649965575,3.4562942297594963e-06,8.248964290498331e-06,1.5033723176184814
1634.0,0.0030323621520763097,-0.0010969441739406957,-4.241339845682067e-13,2.73945947816614e-14,-4.52756788788735,3.47616912089535e-06,8.760060332466737e-06,1.5965194830177458
1635.0,-0.009616656056355652,0.0011473164079271673,-4.317778742313903e-14,3.5281180442282734e-14,-4.496234113324217,3.4959064645943147e-06,7.655468637255074e-06,1.395207837292078
1636.0,0.007504691283128071,-0.000214487048901291,3.767853209365772e-13,8.668887676933749e-15,-4.462073542996202,3.5154938519296825e-06,8.108783413994295e-06,1.4778243770802477
1637.0,0.002936806961306629,-0.001081903995495728,4.22236913682302e-13,-2.6576817390987804e-14,-4.433859628806742,3.534957387235237e-06,8.605184445328912e-06,1.5682933793288494
1638.0,-0.009515902174835347,0.0011357619179703535,5.87481940684478e-14,-3.527824343409494e-14,-4.40198465501607,3.5542809993745938e-06,7.498054745081893e-06,1.3665191826237177
1639.0,0.00740219389107932,-0.00020653118066846384,-3.591298977190122e-13,-1.053418750969501e-14,-4.367327745891696,3.573452476347122e-06,7.957408314456778e-06,1.4502362913270366
1640.0,0.0030407208160692038,-0.001082844216370055,-4.303135825428523e-13,2.46221215872027e-14,-4.338544403504167,3.592497601642404e-06,8.46383933125267e-06,1.5425332566941068
1641.0,-0.009468441870335414,0.0011136803110607099,-9.487260707417924e-14,3.559033461571353e-14,-4.306211325337732,3.6114007928078053e-06,7.351120954669238e-06,1.3397405246916447
1642.0,0.007144977862856472,-0.000171274509357084,3.241347342976854e-13,1.370260477813673e-14,-4.271028362536847,3.6301495395622516e-06,7.7957876007192e-06,1.4207809441549448
1643.0,0.003353692662942014,-0.001099989369049209,4.416072391444163e-13,-2.1264000609405827e-14,-4.241653588591971,3.6487693384027735e-06,8.339283825293115e-06,1.5198330372396174
1644.0,-0.009466097412234697,0.0010791634919918229,1.5085674255117312e-13,-3.5987949400959794e-14,-4.208949556293272,3.667245574717512e-06,7.218855317297053e-06,1.3156351351184896
1645.0,0.006713478479512723,-0.0001070783525296983,-2.6850678953296185e-13,-1.8284017153435057e-14,-4.173213049442631,3.685564936701303e-06,7.625882987391412e-06,1.3898158577128943
1646.0,0.003879885775103104,-0.0011319425857238869,-4.458098399906187e-13,1.58590728695744e-14,-4.1432178143159435,3.7037526271016963e-06,8.235407169269321e-06,1.5009015346153631
1647.0,-0.009485159063580266,0.0010286307293829935,-2.2287654612293256e-13,3.5589330408149984e-14,-4.110233715373672,3.721795525553758e-06,7.108248183142945e-06,1.295477004017118
1648.0,0.006079386758372178,-1.2527459481577481e-05,1.884511065118623e-13,2.352299912508532e-14,-4.073923503848315,3.7396790312547755e-06,7.452601078293651e-06,1.358235259699914
1649.0,0.004614196448535779,-0.0011752517277492046,4.4223348558278504e-13,-9.124346161901185e-15,-4.043267467792252,3.757427964621517e-06,8.157947621221994e-06,1.4867845453584543
1650.0,-0.009484079805667078,0.0009569100362594247,3.0022137422645566e-13,-3.34558535587634e-14,-4.010096327461759,3.7750312849749924e-06,7.030726313065144e-06,1.281348656580916
1651.0,0.005208957120321808,0.0001128928718613854,-9.027536326886595e-14,-2.9160302485061686e-14,-3.9732058707453968,3.792472665446097e-06,7.285690312397736e-06,1.3278158014353836
1652.0,0.005536093215046471,-0.0012238903940701032,-4.1593712222882857e-13,2.8825345031904085e-17,-3.941833853702998,3.80977633060539e-06,8.114874452817869e-06,1.478934467854122
1653.0,-0.009402145219806736,0.0008576649981188031,-3.826891183298097e-13,2.891975153779902e-14,-3.908566980157169,3.826933962506535e-06,7.002687246940456e-06,1.2762385416211162
1654.0,0.00406995413607769,0.0002677376682265296,-3.282693307285719e-14,3.368051672897876e-14,-3.8711107492102053,3.84392717091788e-06,7.140792958370887e-06,1.3014082836829979
1655.0,0.006601757237471917,-0.0012688220900988142,3.388437812999162e-13,1.10198469944897e-14,-3.838951076048863,3.860779206403966e-06,8.11496941336085e-06,1.4789517743966838
1656.0,-0.009160757734130665,0.0007243128763947659,4.3689672026184903e-13,-2.101812704085557e-14,-3.8056710627121757,3.877485150951506e-06,7.043366614731886e-06,1.2836523493771153
1657.0,0.0026425369021066463,0.0004472894034294846,1.78582070952769e-13,-3.646576098220069e-14,-3.7676923314840094,3.8940243783636385e-06,7.038045500155353e-06,1.2826825771643238
1658.0,0.007736537293996044,-0.0012979269308794326,-2.1961619571875744e-13,-2.211251999251079e-14,-3.7346583714746293,3.910418594949819e-06,8.163443495202268e-06,1.4877861674424024
1659.0,-0.008668948788769724,0.0005514436489152618,-4.625779935547827e-13,1.059262806108474e-14,-3.7014286598748365,3.926666941409504e-06,7.1682426038437455e-06,1.3064109768307754
1660.0,0.0009323965588178542,0.0006423458364974332,-3.1669986782336917e-13,3.4754964597065576e-14,-3.6630062981464615,3.942746623306793e-06,6.996069514041099e-06,1.2750324609428731
1661.0,0.008830849684976778,-0.0012965440244380598,6.884112303961154e-14,3.109596302339269e-14,-3.6290021309614557,3.958677035411181e-06,8.254137720296555e-06,1.5043151743059264
1662.0,-0.007833185385993317,0.0003364574961257209,4.2285338403867716e-13,2.7623832983913536e-15,-3.5958539668313447,3.974461935362079e-06,7.377864502289259e-06,1.3446145316276623
1663.0,-0.0010178500467781164,0.0008385662803072196,4.2377386720648555e-13,-2.7967513433689282e-14,-3.557106611452257,3.990076744109701e-06,7.020477962669271e-06,1.279480896490821
1664.0,0.0097417088223402,-0.0012485932759771759,1.1132348626834231e-13,-3.79940094192903e-14,-3.522036680071445,4.005537604626045e-06,8.360326567546643e-06,1.5236680733819334
1665.0,-0.006568917157840401,8.091278487088133e-05,-3.0467800576717424e-13,-1.8142264320305458e-14,-3.4889553352604903,4.020853246309005e-06,7.646592597562024e-06,1.3935901805906197
1666.0,-0.0031225560608829864,0.0010165442767729109,-4.825994389692133e-13,1.542577804131591e-14,-3.450042035635503,4.0359980683349365e-06,7.091273261388742e-06,1.292383327458425
1667.0,0.010298260048819355,-0.0011378658653011322,-3.032139909247262e-13,3.715056551969435e-14,-3.4138237635021706,4.05098390120077e-06,8.430029500360304e-06,1.5363714208518189
1668.0,-0.0048109225785332955,-0.00020862476460726682,9.814506421060888e-14,3.0678241544740284e-14,-3.380735686881514,4.065824485682259e-06,7.921145281230286e-06,1.4436273597829417
1669.0,-0.0052500440658781455,0.0011521646826478352,4.2379622274199753e-13,2.551406418455035e-15,-3.3418531641716283,4.080494385609681e-06,7.161166903080169e-06,1.3051214315883544
1670.0,0.010306678905623269,-0.0009492538968871422,4.2479916734229505e-13,-2.534519948598253e-14,-3.304432502118433,4.095000018185856e-06,8.394196958299133e-06,1.5298409462482723
1671.0,-0.0025256051347973332,-0.0005194381952503506,1.501341921920235e-13,-3.668894079387751e-14,-3.271193466032831,4.109359739703373e-06,8.13884764538613e-06,1.4833035780603057
1672.0,-0.007213468793001235,0.0012166327988276334,-2.257345746895888e-13,-2.1368033168695073e-14,-3.2325693580225545,4.123549911042753e-06,7.177858827736239e-06,1.3081635319747766
1673.0,0.009555767780074274,-0.0006710294444853982,-4.434811220105302e-13,6.6319221546308e-15,-3.193942586176039,4.137570520510419e-06,8.19413042415004e-06,1.4933788549445104
1674.0,0.0002602136277702922,-0.0008294928379946227,-3.658780152681261e-13,3.041033831346442e-14,-3.160326741462567,4.151443564823755e-06,8.263215095872005e-06,1.505969524437188
1675.0,-0.00874981359792316,0.0011769927283793121,-6.167443640973978e-14,3.402305325185948e-14,-3.1222033814748844,4.165149257117584e-06,7.130429588007566e-06,1.2995195612236958
1676.0,0.007844748928447743,-0.00030124126395873085,2.764640303481859e-13,1.704351117681508e-14,-3.082450660052706,4.17868044490255e-06,7.827118398261266e-06,1.426490976597188
1677.0,0.003395723429275338,-0.001101680235596869,4.387877656165442e-13,-1.0243517847081254e-14,-3.0481468803547678,4.192061047670587e-06,8.312201729961465e-06,1.5148973300416113
1678.0,-0.009507866912266485,0.0010012948472579346,3.4645052659722755e-13,-3.14358112764182e-14,-3.0107424048876315,4.205277454142443e-06,7.094649647893523e-06,1.2929986733159304
1679.0,0.005074613787301248,0.00013943376946999754,5.216116687686184e-14,-3.4422683669244875e-14,-2.970070812987341,4.218315322493754e-06,7.392320010050972e-06,1.3472490454212438
1680.0,0.006521615602666975,-0.0012807473321686318,-2.802228959645327e-13,-1.652384129978066e-14,-2.934706109785555,4.2311979486391855e-06,8.34776460367744e-06,1.5213786576358093
1681.0,-0.00910415991767544,0.0006736650541519253,-4.5075751666650917e-13,1.0641787617876925e-14,-2.898140007303432,4.243920058736246e-06,7.212309450250429e-06,1.3144421519794984
1682.0,0.001403444843184671,0.0005949903247029695,-3.6063502246730546e-13,3.1516594816579416e-14,-2.856911472475287,4.256461185872545e-06,7.080038657240405e-06,1.2903358227922372
1683.0,0.009054686250494694,-0.0013041054442015183,-7.448375315408372e-14,3.558729866856671e-14,-2.820122137038905,4.268840817023611e-06,8.413369076756637e-06,1.5333350615267578
1684.0,-0.007276800764598072,0.0002138322336925725,2.753067336529713e-13,1.7949957881197727e-14,-2.784321269617976,4.281063291316916e-06,7.545991832560209e-06,1.3752557085394825
1685.0,-0.0026682240381021025,0.0009779745204724136,4.4107264811435463e-13,-7.667620884628862e-15,-2.743030181906983,4.293104508057942e-06,7.0122710563362905e-06,1.2779851892286984
1686.0,0.010324995686908964,-0.0011254881210412048,3.707066855640754e-13,-2.89855386039049e-14,-2.704565851011565,4.304976876002421e-06,8.435597312391558e-06,1.537386153633137
1687.0,-0.00403312527415465,-0.0003181645332835902,1.1405311104287645e-13,-3.5018263661095815e-14,-2.669207828822721,4.316694031068995e-06,7.953747857342843e-06,1.4495691736500624
1688.0,-0.006400133417004554,0.0011916756863321494,-1.9952934939121603e-13,-2.1591877812343208e-14,-2.6284075535981164,4.328232083127402e-06,7.067909008091264e-06,1.2881251963291978
1689.0,0.009760742821984992,-0.0007319418717069617,-4.117925376443531e-13,-7.672941191293971e-17,-2.5882276323820412,4.339593755376651e-06,8.227623936941976e-06,1.4994830418676128
1690.0,0.000302446554456601,-0.0008326036949775515,-3.967465524089944e-13,2.1346095377483263e-14,-2.5527524893207305,4.350799700616647e-06,8.241956220426302e-06,1.5020950980579173
1691.0,-0.008943048512361065,0.0011516202613558112,-2.345470375342148e-13,3.3321565218514584e-14,-2.5129569521244886,4.361830953397235e-06,7.080450673171267e-06,1.2904109126244954
1692.0,0.007031387975778245,-0.0001572871865292553,2.9675256560026116e-14,2.8975951898458364e-14,-2.471313422414991,4.372679401493281e-06,7.706212728670988e-06,1.4044559391907925
1693.0,0.005003720974958825,-0.0012105323637075173,2.7922309052329865e-13,1.4042694917192256e-14,-2.4349912103352676,4.3833684041588504e-06,8.381859931875748e-06,1.5275925253128089
1694.0,-0.00942293757172024,0.0008112719208063391,4.329150120879093e-13,-8.022412673313495e-15,-2.396531431005536,4.393888578008107e-06,7.1692892193409546e-06,1.3066017223244257
1695.0,0.002369023346934292,0.00048655753972245524,3.6337118129123854e-13,-2.6262067131681976e-14,-2.3540237495370566,4.4042221537626375e-06,7.148405988121446e-06,1.3027957570405175
1696.0,0.00883389028477407,-0.001315143162433032,1.807635131547326e-13,-3.571523524461043e-14,-2.3161217169139627,4.414389349069461e-06,8.454912515115283e-06,1.5409063459944357
1697.0,-0.007279805852001476,0.0002137253905771671,-1.1397951243283985e-13,-2.525157297023746e-14,-2.2789283675428638,4.424393274870882e-06,7.554804139822298e-06,1.3768617500164027
1698.0,-0.003086887779368394,0.0010074093489538668,-3.566730632169109e-13,-8.628436342634444e-15,-2.236429355345597,4.434210640633511e-06,6.974340480317535e-06,1.271072348298643
1699.0,0.010378179165725678,-0.0010595673034002409,-4.3638021488052455e-13,1.2788990925809442e-14,-2.1964858890619436,4.44385266456502e-06,8.42277961792718e-06,1.5350501310301985
1700.0,-0.002741283706560361,-0.0004884750370013871,-3.535356861227613e-13,2.928424734385129e-14,-2.1599545897427967,4.453334325225344e-06,8.044259374178842e-06,1.466064881965061
1701.0,-0.00762440271738525,0.0012062893722742793,-1.5805108288289023e-13,3.61297324148502e-14,-2.1183822217712245,4.462633493583364e-06,7.037860874814542e-06,1.2826489292278396
1702.0,0.00868158451306702,-0.0004635762207321873,1.0982384653834333e-13,2.657629070723144e-14,-2.0764494850975814,4.471748587710571e-06,8.012516158590589e-06,1.4602796864051113
1703.0,0.0030880971460628837,-0.0010808702663000764,3.5263077574019455e-13,1.033188807727241e-14,-2.039554359529033,4.480701721460313e-06,8.353239187235002e-06,1.5223763995438941
1704.0,-0.009542289620783604,0.0009586802580342717,4.581886936974077e-13,-1.1820459989731339e-14,-1.9995919795271353,4.489479430352442e-06,7.116916370802645e-06,1.2970567797213872
1705.0,0.0037555415558005994,0.0003182398302326572,3.7602539147525557e-13,-2.7486110675424734e-14,-1.9563585462158994,4.498067355280694e-06,7.281134442842845e-06,1.3269854949956534
1706.0,0.008246423785107187,-0.0013240916618390596,2.1559979027770242e-13,-3.731234236961575e-14,-1.917957590559324,4.5064867096138515e-06,8.47479404286947e-06,1.5445297509947502
1707.0,-0.0076949774392638835,0.0002980188748300709,-6.09062570253219e-14,-2.934772567182937e-14,-1.879698886085698,4.514738117799046e-06,7.5003590895668145e-06,1.3669391490082103
1708.0,-0.0027501289368651828,0.0009806569152510964,-3.0907955422290003e-13,-1.474553659626984e-14,-1.8363630112812734,4.522799292327818e-06,6.946779226416563e-06,1.2660493145341132
1709.0,0.01038312597216382,-0.0010596217800577486,-4.4655177893643214e-13,5.182381367845798e-15,-1.7956924078667493,4.530681933075251e-06,8.430599073468254e-06,1.5364752254523963
1710.0,-0.002393836132645126,-0.0005312582245108211,-4.1804735005161433e-13,2.225100505474747e-14,-1.758362332238909,4.538400704123197e-06,8.060585993874636e-06,1.4690404055855493
1711.0,-0.008011994158299899,0.0011994241002504671,-2.961035521845975e-13,3.5900152175221445e-14,-1.7161932254266499,4.545934363334513e-06,7.021517125198295e-06,1.2796702836823066
1712.0,0.0080501551426058,-0.0003360342383061722,-6.618810441375968e-14,3.4946798354192704e-14,-1.67332860505565,4.553279857578557e-06,7.90855300739066e-06,1.441332420049941
1713.0,0.004397172200204913,-0.001175317959471819,1.8657719570154787e-13,2.365254431523391e-14,-1.6355135956738514,4.560459353385166e-06,8.409235472274117e-06,1.5325817128235564
1714.0,-0.009435162615184069,0.000812597441445586,4.208705166549408e-13,6.4216481157410805e-15,-1.5953352394791913,4.56746247625267e-06,7.186968237716722e-06,1.3098237203708243
1715.0,0.0017426485175255316,0.0005575179556272644,4.357299458271479e-13,-1.2229572040430469e-14,-1.5513364264951506,4.574272455330877e-06,7.0986640099252375e-06,1.293730290103062
1716.0,0.009484997579877382,-0.0012904521924636185,3.875519286197572e-13,-2.726395018528932e-14,-1.5116061988586962,4.5809080286423165e-06,8.502666832386575e-06,1.5496095620715284
1717.0,-0.005882361782228009,-3.709446608587728e-05,2.451820007752132e-13,-3.6124950906024105e-14,-1.4732363782214892,4.5873751680336145e-06,7.736145367767193e-06,1.4099111574976937
1718.0,-0.005415525854922623,0.0011463051850280634,2.8501996198450114e-14,-3.291226898301371e-14,-1.4297237830712597,4.5936512980103515e-06,6.946077776012769e-06,1.265921475319139
1719.0,0.00984193086929892,-0.0007543701904277567,-1.8873965068907998e-13,-2.2101365678842027e-14,-1.387438882887463,4.599741807846507e-06,8.264306949532602e-06,1.5061685145783046
1720.0,0.0011608179316784154,-0.0009157078681648166,-3.846667169894189e-13,-8.203279269031587e-15,-1.3495185790121413,4.605665857028725e-06,8.278792465012837e-06,1.5088084972734053
1721.0,-0.00940552865513334,0.001056676344084912,-4.699474532234309e-13,1.086271085724648e-14,-1.3078843974598104,4.611407142562474e-06,7.078501090074942e-06,1.290055601441819
1722.0,0.004656364832112587,0.0002005532881521866,-4.079117480864527e-13,2.44614044693792e-14,-1.2637360491524339,4.616954627884242e-06,7.396952187367968e-06,1.3480932589374417
1723.0,0.008003978878108109,-0.0013257060075201816,-3.1411590042975873e-13,3.82215026202639e-14,-1.224429473540147,4.622329567165716e-06,8.505221329865413e-06,1.550075118795969
1724.0,-0.007634645994099335,0.0002845878097709908,-8.743012724194227e-14,3.7253248252819824e-14,-1.1850616218642402,4.627531691420294e-06,7.51824067118654e-06,1.3701980641708442
1725.0,-0.0033139434177337137,0.0010201791228356648,1.4161405437900993e-13,2.70753085583986e-14,-1.140814996503564,4.632539584051196e-06,6.910578727088449e-06,1.2594517797822
1726.0,0.010331022952710678,-0.0009686021159281254,3.6673721453850505e-13,1.3847072765558823e-14,-1.0989021565508446,4.637363489792914e-06,8.400548973569866e-06,1.530998599934579
1727.0,-0.000825633808445826,-0.0007132119395715511,5.06766889429984e-13,-5.30067355311289e-15,-1.0606355928346662,4.64201941488656e-06,8.16045250282326e-06,1.4872410595977743
1728.0,-0.008930423157238243,0.0011459996567946985,4.769935366902088e-13,-2.3738453409368675e-14,-1.0180905202511734,4.646488577747832e-06,7.034688245253707e-06,1.2820707180381863
1729.0,0.006137538526882443,-1.172898398690864e-05,3.9294304906951e-13,-3.8350524786921584e-14,-0.9738984494144788,4.650763748466149e-06,7.610036580596319e-06,1.386927852810642
1730.0,0.006954432679847803,-0.001304780190118925,1.8701428877584938e-13,-4.320611612393139e-14,-0.9346576746893754,4.654866661993616e-06,8.497710947713154e-06,1.5487063529455158
1731.0,-0.008345377942903758,0.00044449359779266895,-8.439057849457907e-14,-3.264900163528269e-14,-0.89460492930746,4.658793753982043e-06,7.415275703041668e-06,1.351432716505105
1732.0,-0.0021787599272287995,0.0009333952617743345,-3.0906630529695763e-13,-2.1724866131738312e-14,-0.849961779674322,4.662524873704369e-06,6.909181697915665e-06,1.2591971714566812
1733.0,0.010394223138562253,-0.0010545376250180054,-4.921445749359979e-13,-2.756599622008324e-15,-0.808140186187256,4.666072407086685e-06,8.446232023649917e-06,1.539324327923708
1734.0,-0.001682445885119707,-0.0006159846770912825,-5.133922340123933e-13,1.698177248029217e-14,-0.7695581977051338,4.669450575185061e-06,8.100154966095391e-06,1.4762518439405217
1735.0,-0.008646647884534116,0.001169906837099374,-4.499017210615658e-13,3.3711406685039844e-14,-0.7265381752667495,4.672639896139938e-06,7.0152775387034245e-06,1.278533120120988
1736.0,0.006639153618032113,-8.974235524169192e-05,-2.881008428212289e-13,4.24721704919158e-14,-0.6822446861819993,4.6756347797511054e-06,7.692747957113475e-06,1.402001986899359
1737.0,0.006589982839109279,-0.0012924909712733763,-3.167302924495869e-14,3.83355738762431e-14,-0.6428880486815362,4.678456897562804e-06,8.496477843511988e-06,1.54848161991777
1738.0,-0.008509429290536427,0.0004856166521771415,2.3953994754042937e-13,2.5397393600836448e-14,-0.6024990409706169,4.681101717727905e-06,7.391375795882345e-06,1.3470769625520465
1739.0,-0.0019403669570665456,0.0009135421058823934,4.4496986489589123e-13,1.0010641697563282e-14,-0.5576450227450416,4.683549639966499e-06,6.906879371762856e-06,1.2587775729128676
1740.0,0.010396316164969112,-0.001064814610958133,5.251505793993756e-13,-1.0413026888113129e-14,-0.5156979317945727,4.685813424962594e-06,8.454011397546478e-06,1.5407421174731144
1741.0,-0.0017036570056609616,-0.0006134346094560233,4.72716035128523e-13,-2.585502533613571e-14,-0.476923353714926,4.687906999254564e-06,8.097286561211045e-06,1.4757290776456289
1742.0,-0.008676579610211814,0.0011674255315746748,3.880944391424302e-13,-3.9853481715737974e-14,-0.4337496256817276,4.6898110516739e-06,7.013726953902455e-06,1.2782505263087462
1743.0,0.00650872243822812,-6.884456347626529e-05,1.8463952148815744e-13,-4.356432951126035e-14,-0.38928889759986196,4.6915199326121395e-06,7.674717474457895e-06,1.398715934548651
1744.0,0.006786503493405918,-0.0012998733474731496,-6.924589149709673e-14,-3.431417530889284e-14,-0.34974133176084027,4.693055209623237e-06,8.504657348912079e-06,1.549972333364605
1745.0,-0.008359777604888173,0.00044759813908321907,-3.279746521441792e-13,-2.2141455982181422e-14,-0.30930002329344025,4.6944129594004895e-06,7.417434765017431e-06,1.3518262051773888
1746.0,-0.002328911857317666,0.0009448607849682775,-4.985673938307641e-13,-4.61532353912291e-15,-0.26436628619198876,4.695573461305301e-06,6.896484331549034e-06,1.2568830786287801
1747.0,0.010389614465885766,-0.0010281623266355645,-5.329278867224061e-13,1.393193153370814e-14,-0.22217556741754507,4.696548756502372e-06,8.439404406867167e-06,1.5380799959439568
1748.0,-0.0011941246317663517,-0.0006719977503296992,-4.706181621101884e-13,2.8372904202649848e-14,-0.18332525356567023,4.697353508534211e-06,8.132218739611052e-06,1.4820954611273918
1749.0,-0.00889629024082844,0.0011484417544721517,-3.6405269151691677e-13,4.1477860577769335e-14,-0.14022599359053928,4.697969065589574e-06,7.0251310543351e-06,1.2803289216434826
1750.0,0.005996595056584654,1.0093355224345762e-05,-1.7039661464618364e-13,4.364791161239495e-14,-0.09559241987372062,4.698388692414715e-06,7.595877530621879e-06,1.3843473683976024
1751.0,0.0072773220317567935,-0.001314802405103892,5.4409906327681167e-14,3.361307893417135e-14,-0.055843169163714255,4.698633829966551e-06,8.515774504837564e-06,1.5519984331124572
1752.0,-0.008015964360975262,0.0003665657146259986,3.1168504193513976e-13,2.2863874182608482e-14,-0.015535970649575752,4.69870202899371e-06,7.470703633616479e-06,1.3615344472817836
1753.0,-0.0030095088864257927,0.0009969062506495795,4.971995050453314e-13,5.354068337172565e-15,0.029363757635143636,4.698573129438631e-06,6.888611538382647e-06,1.2554482634335786
1754.0,0.010333917272276411,-0.0009665331317609772,5.551197476739188e-13,-1.3819477786279894e-14,0.0718088902210347,4.698257906362783e-06,8.409378117954474e-06,1.532607709974171
1755.0,-0.0004716878137696655,-0.0007514476153961713,4.845036074755731e-13,-2.946786013851006e-14,0.11065032684405283,4.697772179090521e-06,8.18034195104461e-06,1.4908659081018616
1756.0,-0.009133353930599183,0.001118228084962455,3.6816542536183055e-13,-4.1883906649567435e-14,0.15353709709975846,4.6970981896185284e-06,7.0426565965533235e-06,1.283522948686669
1757.0,0.005358625802671143,0.00010348355746882625,1.5500070019796485e-13,-4.3148360933976213e-14,0.19827794131115434,4.696227799025658e-06,7.500806266173411e-06,1.3670206468675499
1758.0,0.007781708726700801,-0.0013247908143211031,-8.647056947875292e-14,-3.181087813660073e-14,0.23817566380042587,4.6951822674054905e-06,8.522878700166478e-06,1.553293171484491
1759.0,-0.007623024688052084,0.00028164606759663796,-3.2698857941740815e-13,-1.9742516576158662e-14,0.27826233205209805,4.693960765333364e-06,7.526291118877369e-06,1.3716652568724503
1760.0,-0.0036426513868058827,0.0010416986247977458,-4.796856845109343e-13,-3.275809890238198e-15,0.3230404730200636,4.692542698416925e-06,6.889454923616786e-06,1.2556019702468755
1761.0,0.010239014108518907,-0.0009077416834260195,-5.044706249784402e-13,1.337201852234363e-14,0.365640942026567,4.6909376260916635e-06,8.376084664833162e-06,1.5265399838914964
1762.0,0.00012452651339072118,-0.0008138929927507072,-4.15516668247096e-13,2.540472534567575e-14,0.4044044464804313,4.689162391672726e-06,8.21827623179406e-06,1.4977794242184466
1763.0,-0.009277763974459976,0.0010911159176531307,-3.393567664061354e-13,3.7030692645592603e-14,0.44704078468971026,4.687199994388134e-06,7.057462477640857e-06,1.2862213179583832
1764.0,0.004901641761733352,0.00016742241018078959,-1.7809425902242076e-13,4.1986811231516166e-14,0.4917716877382702,4.685041239621885e-06,7.435421097292028e-06,1.355104211128786
1765.0,0.008071924467339042,-0.001327472539180159,3.891510650487835e-14,3.493453828967337e-14,0.5316824355474629,4.6827072866504404e-06,8.523371191225438e-06,1.5533829278949494
1766.0,-0.007395992310748737,0.00023546600652238377,2.949397517313099e-13,2.2665896259219356e-14,0.5715486645591057,4.680198330900192e-06,7.556077321578313e-06,1.3770937871715998
1767.0,-0.00392143871027002,0.001060427343420883,4.634555018818645e-13,5.38620002522326e-15,0.6161666583269594,4.6774935133118015e-06,6.895551897552237e-06,1.2567131426938645
1768.0,0.01019497282896962,-0.0008864728691305858,4.94923531201826e-13,-1.2012087640057862e-14,0.6587181609742653,4.6746019052646645e-06,8.360805828049685e-06,1.5237554185258604
1769.0,0.00025539604673126314,-0.0008272301088451594,4.035455731579285e-13,-2.4606053439186674e-14,0.6973259754162394,4.671540818564081e-06,8.226478960076785e-06,1.4992743700316316
1770.0,-0.009287142257016262,0.0010892282103475719,3.230125387531279e-13,-3.6240739113473903e-14,0.7397800026104897,4.668293369297622e-06,7.059555151313594e-06,1.286602707373904
1771.0,0.004951609745098462,0.00016040027031740154,1.5744276748728973e-13,-4.043151890453748e-14,0.7843508596193199,4.664850265111608e-06,7.440053463208929e-06,1.355948459017284
1772.0,0.007962550611398146,-0.0013262498235743912,-5.534149329175032e-14,-3.235333100615462e-14,0.8240481055627109,4.661232899940214e-06,8.516677853410363e-06,1.5521630682338714
1773.0,-0.007563886257274668,0.00026960717254413365,-2.9442116696532096e-13,-2.031251466815813e-14,0.8637706390849014,4.6574411627772905e-06,7.532044900352586e-06,1.3727138825528198
1774.0,-0.003562410792531755,0.0010370021004574418,-4.549035209721518e-13,-4.03021885804362e-15,0.9082433595021778,4.653454201489916e-06,6.902419692066066e-06,1.2579647970581678
1775.0,0.01028331966057549,-0.0009350018871715688,-4.977152491515622e-13,1.4158220186196288e-14,0.9504415103799984,4.649282000869725e-06,8.38418133005057e-06,1.5280155997293412
1776.0,-0.0003941603104104149,-0.0007598112388347172,-4.2237159737960896e-13,2.8332457417297356e-14,0.9888125358622284,4.6449413610404244e-06,8.187104771940763e-06,1.492098431042469
1777.0,-0.0090773563193667,0.0011275952120262968,-2.932217045288807e-13,3.871418593086914e-14,1.0312507798253734,4.640414427929685e-06,7.0433217423706306e-06,1.2836441713970246
1778.0,0.00577436908301932,4.259844778973873e-05,-7.811769378322618e-14,3.623002965510505e-14,1.0754623450179914,4.6356934171006424e-06,7.552618638876465e-06,1.3764634428463887
1779.0,0.007210503799024272,-0.0013119146062928022,1.138578211396685e-13,2.54321688946279e-14,1.1146503568385995,4.630800380696711e-06,8.497381579971364e-06,1.5486463257314456
1780.0,-0.008234909271799708,0.00041788066462764646,3.450924313062998e-13,1.3656659271937042e-14,1.1544003803520906,4.6257328516270605e-06,7.431235509707645e-06,1.3543413885142457
1781.0,-0.0022461109826508842,0.0009394757761327996,4.5142896992281255e-13,-3.3688884522494086e-15,1.1987538097200374,4.620470622090842e-06,6.920133191344465e-06,1.2611930792431172
1782.0,0.010389612649118606,-0.0010655153305281209,4.3576002697119706e-13,-1.9682589676271877e-14,1.2401917312810988,4.615026490438451e-06,8.443918822322743e-06,1.5389027473812444
1783.0,-0.0020793273036584623,-0.0005691294171178112,3.5096134518863003e-13,-3.197652767153348e-14,1.2783080784194545,4.609415037551211e-06,8.075980656357971e-06,1.471846080164985
1784.0,-0.008333330134072045,0.0011879451826664967,1.8501388751467138e-13,-3.706165687263691e-14,1.3209618971303243,4.603616345063282e-06,7.013798671890393e-06,1.2782635968996645
1785.0,0.0074274142050695475,-0.0002223317670895444,-4.110538539580084e-14,-3.0176961528685745e-14,1.3644929100435053,4.597626562311419e-06,7.806900244558593e-06,1.422806221575886
1786.0,0.005391384342175832,-0.0012354297418362458,-2.31619393578521e-13,-1.9855582277431958e-14,1.4028860785189687,4.59146824314824e-06,8.445712666026329e-06,1.5392296750864851
1787.0,-0.00917396864104008,0.0006897923914001091,-4.2656004743267587e-13,-3.4776734311208165e-15,1.4429730495581319,4.585133952203943e-06,7.257178151222776e-06,1.3226194649843597
1788.0,0.0003916054870218505,0.0007004508324394435,-4.49435653378525e-13,1.3913466477928822e-14,1.4871259113325757,4.578605841234671e-06,7.0130150897218665e-06,1.2781207891847495
1789.0,0.009961720849036272,-0.0012396665229792592,-3.804441402859773e-13,2.821013238219735e-14,1.5273113662113704,4.571901326164845e-06,8.496137526223368e-06,1.5484195971506807
1790.0,-0.0048326581662619,-0.00020141917674727596,-2.1680477178327378e-13,3.701547412779193e-14,1.565359916800792,4.565029787470069e-06,7.848970674249671e-06,1.4304735501229056
1791.0,-0.0063531419694989695,0.001183676458569749,2.8262908671382305e-14,3.196562750320227e-14,1.608422328232239,4.557969215554712e-06,6.974985934085883e-06,1.271189982136476
1792.0,0.00943914442993754,-0.0006397584243152276,2.6976615711527956e-13,1.800715343912289e-14,1.6507246455345739,4.550722947041976e-06,8.169855825833655e-06,1.4889548135927742
1793.0,0.0019608098273103513,-0.0009880610593227162,4.230844287737929e-13,-3.1500937332114093e-16,1.6882351996083886,4.543312016574496e-06,8.313435491055728e-06,1.5151221827880108
1794.0,-0.009480599240238169,0.0010232750799830808,4.4670676554008724e-13,-1.911519912467325e-14,1.7290971863925018,4.535721712200529e-06,7.0921148532974905e-06,1.2925367074384793
1795.0,0.004452419841742076,0.00022745807602008792,3.4046028496741844e-13,-3.2188624413765876e-14,1.7726447515825712,4.527940244902269e-06,7.362445217105967e-06,1.341804369565411
1796.0,0.007862044331961117,-0.0013224385008057864,1.4448666961983854e-13,-3.842785556008364e-14,1.811138862224929,4.519989798081817e-06,8.477511565689212e-06,1.5450250190594215
1797.0,-0.00800072383700122,0.0003644201796549647,-1.5619086818790037e-13,-2.668385547412145e-14,1.8496746372738817,4.511870188842844e-06,7.458534558353729e-06,1.3593166354163464
1798.0,-0.0022100906863045766,0.0009384632800690003,-3.9807564895735436e-13,-9.033487689949475e-15,1.893046979948334,4.503560185862616e-06,6.9551970749680664e-06,1.267583465979139
1799.0,0.01035983130207229,-0.0011068435890232398,-4.814224424430036e-13,1.4069154315236023e-14,1.9333509659736348,4.495073258459734e-06,8.447284188701298e-06,1.539516084822648
1800.0,-0.0031367164752332216,-0.00043757817815949637,-3.9467312327248646e-13,3.192270829788877e-14,1.9704091682393454,4.486423654813455e-06,8.008094400909478e-06,1.459473821831221
1801.0,-0.0074397794775758605,0.001205430365142703,-1.7469034231172657e-13,3.883304190874139e-14,2.0123667355315757,4.477589867936156e-06,7.023991892766156e-06,1.2801213096442383
1802.0,0.008813421870756344,-0.0004924078545961697,1.2035322584138494e-13,2.918706844631034e-14,2.054359189203814,4.468571744685349e-06,8.03327363065827e-06,1.4640627321053135
1803.0,0.0028441293046197096,-0.0010614077655890029,4.038960523484043e-13,9.781539012677355e-15,2.0911988510841795,4.459391904528802e-06,8.339264238376403e-06,1.5198294675274286
1804.0,-0.009527626911541737,0.0009834945564511732,4.986575470699818e-13,-1.644024563766122e-14,2.131065799901006,4.450037058433687e-06,7.104948353462609e-06,1.2948756106276487
1805.0,0.0042069351087967,0.00025948756177339666,3.8824104930352015e-13,-3.418994474181328e-14,2.173923239622257,4.440494078892555e-06,7.3247471252069565e-06,1.3349338988260369
1806.0,0.007783670363801008,-0.0013195325108718546,1.3723435292191896e-13,-4.095356442416018e-14,2.2116411422987174,4.4307855271881494e-06,8.449674372257145e-06,1.539951695362995
1807.0,-0.008226175531454239,0.00041751073777310916,-2.2391924630805815e-13,-2.5265151637151377e-14,2.249432477205536,4.4209110809713366e-06,7.4147168622673845e-06,1.3513308678704852
1808.0,-0.0014446641904404106,0.0008752814250283315,-4.659232060497468e-13,-1.951966575853617e-15,2.2920845366531477,4.4108494028765635e-06,6.988226924168776e-06,1.2736031502927996
1809.0,0.010213060736136986,-0.001179647116448026,-4.751731885155413e-13,2.3346267822981625e-14,2.331248504074065,4.400615804755804e-06,8.46095691274629e-06,1.542007936419018
1810.0,-0.004484126361506756,-0.00025359347279553984,-3.0189528437022686e-13,3.879043099828643e-14,2.367583130650795,4.39022270670803e-06,7.901222449628682e-06,1.439996427163567
1811.0,-0.0061798844065564466,0.0011826437940252914,2.9134484458411034e-14,3.4893663649877637e-14,2.409118531868392,4.37964727863276e-06,7.037236824631439e-06,1.282535196189722
1812.0,0.009797106874756718,-0.000743965429716271,3.535421993743727e-13,1.659264844141544e-14,2.449689402262404,4.368893754579179e-06,8.231149130033893e-06,1.5001255076999298
1813.0,0.0002911647709726249,-0.0008310706889229104,5.011195735354746e-13,-1.1461915664623085e-14,2.4854369378202077,4.357983307781383e-06,8.233194450384389e-06,1.5004982669806481
1814.0,-0.008942554813447705,0.0011504817888111953,4.1003901811300825e-13,-3.395380536548051e-14,2.52529615789822,4.34689788897225e-06,7.072681251217025e-06,1.2889949368148583
1815.0,0.007048584186033305,-0.0001611163859217536,1.2760206115125264e-13,-4.001388442347667e-14,2.5668060684500795,4.335630252033271e-06,7.695686063359325e-06,1.402537456255351
1816.0,0.0048596220799145586,-0.001200968461293391,-2.2110958264073168e-13,-2.530813313779489e-14,2.602773154713256,4.324204728577368e-06,8.359742598623434e-06,1.5235616451465108
1817.0,-0.009463769380741833,0.0008426377058819205,-5.037039879269644e-13,2.644545576613205e-15,2.6407798007187613,4.312612365447163e-06,7.14565718215416e-06,1.3022947876276079
1818.0,0.0029507822900112154,0.0004172625971897846,-4.6650048835262e-13,2.930816686627177e-14,2.682563965289277,4.3008365802805345e-06,7.189057686714089e-06,1.3102045220898153
1819.0,0.008283208603066508,-0.001319203712491706,-2.1769817198443518e-13,4.259472284903799e-14,2.719308270413695,4.2888994968004855e-06,8.414185730900926e-06,1.5334838966035451
1820.0,-0.008050503311608016,0.00037734219440990015,1.9879969048535104e-13,2.8945453806090533e-14,2.755643874538672,4.276802909102229e-06,7.4329083917199145e-06,1.35464627097213
1821.0,-0.0013469024392165725,0.0008685003428531288,4.907352992521397e-13,5.0485065044724685e-16,2.79704411553928,4.264524584696041e-06,7.023543702894377e-06,1.2800396271174943
1822.0,0.010083114376376394,-0.001210507250413827,4.650050348293704e-13,-2.8371934804324692e-14,2.8347888693759793,4.2520805702566975e-06,8.453834547328713e-06,1.5407098865514628
1823.0,-0.005378650032053854,-0.00012021116875394789,2.0162593926528266e-13,-4.068240350848418e-14,2.869875590319036,4.239482533884095e-06,7.82940294890119e-06,1.4269073355568476
1824.0,-0.004984177448357339,0.0011338601329338894,-1.9162182103801877e-13,-2.6941633572819607e-14,2.910380386927652,4.226706691580579e-06,7.083258626183162e-06,1.2909226615760718
1825.0,0.010283479310783742,-0.0009413064982385862,-4.687941421941384e-13,1.779141261801612e-16,2.9490602407785786,4.213761054388621e-06,8.369423738529041e-06,1.525326031222693
1826.0,-0.0021454007205926346,-0.0005639712391791564,-4.5318653443467447e-13,2.8560076476214735e-14,2.983387219025285,4.200664730343905e-06,8.127063224981347e-06,1.4811558694763158
1827.0,-0.007572332546024151,0.0012139742444521942,-1.6875909339467242e-13,4.030065021829027e-14,3.0226737987874666,4.187395948035677e-06,7.1239791861672056e-06,1.2983439766020624
1828.0,0.009189940027383586,-0.0005812915954463477,2.2753862178767723e-13,2.5399393195112688e-14,3.0620516547884296,4.17395430678407e-06,8.084287163518597e-06,1.4733599396607486
1829.0,0.0011319573608630019,-0.0009119338047174182,4.867887342962728e-13,-5.344691792804244e-15,3.0960581398036893,4.1603633855648664e-06,8.255647755987019e-06,1.5045903780497798
1830.0,-0.009046905991194946,0.0011400372086590356,4.177452950749037e-13,-3.307655758171958e-14,3.133969911896106,4.1466060411441206e-06,7.089346779491207e-06,1.2920322264652393
1831.0,0.007195807642100764,-0.00018920627126827334,8.412831827671572e-14,-3.853545453649923e-14,3.1737363928433506,4.132674131813637e-06,7.675769587568462e-06,1.3989076819813864
1832.0,0.0041018903163403736,-0.0011489103358324016,-3.0799227312219407e-13,-1.8566947961046364e-14,3.207761092925544,4.118592862555967e-06,8.273529829538556e-06,1.5078493828669017
1833.0,-0.009511228995949299,0.0009549943912455125,-5.031110751769342e-13,1.4659907287505202e-14,3.2442756330791296,4.104351303595657e-06,7.070641585995103e-06,1.2886232081803461
1834.0,0.004714267920201498,0.00018699472775953962,-3.4323240073917344e-13,3.8215359738989046e-14,3.284111610303137,4.089934874654329e-06,7.307724881970029e-06,1.3318315979352884
1835.0,0.006535013889109334,-0.0012767625027268823,5.703012060843289e-14,3.542269235110273e-14,3.3183716596532893,4.075368052661366e-06,8.276360398388999e-06,1.5083652535511487
1836.0,-0.009170377282818663,0.0007058602900281217,4.531964804211734e-13,6.457873281148443e-15,3.3535718005401876,4.060646710849945e-06,7.158633716822272e-06,1.3046597588302506
1837.0,0.0021307794551857994,0.0005124710615479183,4.868204332535525e-13,-2.6695967049569965e-14,3.3931910668810614,4.045751450364104e-06,7.102040460616891e-06,1.2943456476586142
1838.0,0.008327059694148735,-0.001311488809307503,2.0017253781638648e-13,-4.2386943909809026e-14,3.4277803695716047,4.030704351486777e-06,8.32161696694414e-06,1.516613255356002
1839.0,-0.00828605034269132,0.0004361811694606867,-2.678474948863091e-13,-2.4102002436677026e-14,3.4618165561897127,4.015507842259243e-06,7.36195035325507e-06,1.3417141807140316
1840.0,-0.0002625420555028072,0.0007694652403977381,-5.093971509256236e-13,1.0206547059426604e-14,3.5009944690077077,4.0001393517889165e-06,7.070945121991671e-06,1.28867852756331
1841.0,0.009497648517395232,-0.0012779802064291155,-3.722250121361822e-13,3.8010751191833994e-14,3.53590421374965,3.984617616266609e-06,8.404630279153067e-06,1.53174241717241
1842.0,-0.00711594344953751,0.00017842422670395124,5.736020211284705e-14,3.45553617425326e-14,3.568950310899905,3.968950816639336e-06,7.624298062626079e-06,1.3895270054480768
1843.0,-0.002303389066096746,0.0009564901457365637,4.4279614798240434e-13,5.240553815387882e-15,3.607534036757113,3.953114644101482e-06,7.148068727295348e-06,1.302734291313195
1844.0,0.010150896153565498,-0.0012023665971484996,4.5442502984691586e-13,-2.8351129208000254e-14,3.642687746531065,3.937124155566147e-06,8.487760644713027e-06,1.5468929119418326
1845.0,-0.0058642530884802455,-4.876132069687346e-05,1.1938522385843957e-13,-3.90781178483497e-14,3.6749054848758647,3.920992239213914e-06,7.878831226688727e-06,1.435915630648988
1846.0,-0.0039426393406357925,0.001082621559829784,-3.188791887760074e-13,-1.7927722790070506e-14,3.712807220082188,3.904693943719558e-06,7.256290488084629e-06,1.3224576885307024
1847.0,0.010421859224902866,-0.0011064952324650605,-4.905567508047676e-13,1.7710829775285493e-14,3.748095366657619,3.8882407420837725e-06,8.537203771825571e-06,1.555903913320892
1848.0,-0.004666575726887081,-0.00023804893155347188,-2.596994133534371e-13,3.905442207997413e-14,3.7796156389017797,3.871649174332904e-06,8.081408889075184e-06,1.47283537464042
1849.0,-0.00520125516318611,0.00116111252726968,1.914382110911174e-13,2.7045878974451228e-14,3.8167972930687797,3.854894388415655e-06,7.3453301209537834e-06,1.3386851462468896
1850.0,0.010438816347607457,-0.001006192105935548,4.818898870195506e-13,-6.68106499719342e-15,3.8521019193069224,3.8379846240153775e-06,8.538368779254874e-06,1.556116235723724
1851.0,-0.003600842497920118,-0.0003890772140772647,3.6914637751558425e-13,-3.6021160034521664e-14,3.8830201142331005,3.820939136468923e-06,8.215068732651283e-06,1.4971948580535048
1852.0,-0.006131295355619966,0.0012051584409502338,-6.65237641481517e-14,-3.3574430067264503e-14,3.919477544391192,3.803733609918432e-06,7.394491032115299e-06,1.3476447138176033
1853.0,0.010307093274891198,-0.0009119302061274204,-4.436779021617608e-13,-3.042870723763664e-15,3.9546858253338524,3.7863735278166724e-06,8.493558068842353e-06,1.547949491488378
1854.0,-0.0027059417831782123,-0.0005048246130309736,-4.332818739860156e-13,3.1170235798255566e-14,3.985064864229558,3.768880089328921e-06,8.28145139596888e-06,1.5092930869810341
1855.0,-0.006791611557787519,0.001225984261326866,-4.2151432309781496e-14,3.754062723069727e-14,4.020815433568331,3.7512297147794136e-06,7.4021221801307025e-06,1.3490354892257623
1856.0,0.010106427795863954,-0.0008302201698487013,3.8642720785310824e-13,1.1424989808999951e-14,4.055825285658691,3.7334256557316934e-06,8.414012650547935e-06,1.533452352739098
1857.0,-0.001997515564307766,-0.0005893671397489284,4.776495877814418e-13,-2.632515042797578e-14,4.085701578720088,3.7154904472265064e-06,8.291195428708991e-06,1.5110689352654454
1858.0,-0.007235868527510934,0.001232343023718147,1.2781546921204958e-13,-4.0296494286156475e-14,4.120775505746956,3.6974012729501536e-06,7.375352544119624e-06,1.344156727684979
1859.0,0.009893873371096594,-0.0007648719349495609,-3.505556826230255e-13,-1.658032236488495e-14,4.15549663668442,3.679159681589268e-06,8.313265167765583e-06,1.5150911413977912
1860.0,-0.001478532479711935,-0.0006467110135042824,-4.997810550039233e-13,2.3060069673316747e-14,4.184886479360595,3.660789076166495e-06,8.257414089314481e-06,1.5049122919937221
1861.0,-0.0075078382590295905,0.0012306317119701931,-1.7983475806105462e-13,4.0999119493379324e-14,4.219321157744283,3.6422673111142867e-06,7.323732028780872e-06,1.3347488976776567
1862.0,0.009707951975923088,-0.0007179112447358675,3.0929483800432527e-13,2.0580729494796626e-14,4.253673880300978,3.6235947461982355e-06,8.203502318530801e-06,1.4950868810771865
1863.0,-0.0011456119789805025,-0.0006802628506286609,5.128158914216346e-13,-1.994589809338091e-14,4.282579304858088,3.6047952936947347e-06,8.19236202347994e-06,1.4930565642277296
1864.0,-0.007640275659793819,0.0012251993238623282,2.2143939758758845e-13,-4.1427971349453005e-14,4.316415636493609,3.5858473081544367e-06,7.256297417083174e-06,1.3224589513394909
1865.0,0.009572431686726713,-0.0006901863367663168,-2.799339009707763e-13,-2.3099362294973115e-14,4.350328755199059,3.5667504525013018e-06,8.094344812516936e-06,1.4751929444540706
1866.0,-0.0009925618374765218,-0.0006926362371304687,-5.174117840955939e-13,1.786568063613942e-14,4.378742571842206,3.5475288672965574e-06,8.106302635385785e-06,1.4773722556071955
1867.0,-0.007655370593989738,0.0012186724018600139,-2.453144280518851e-13,4.173234594634472e-14,4.412022570983036,3.5281611912155846e-06,7.180758209772069e-06,1.3086919438501787
1868.0,0.009499328202509304,-0.0006817485910346136,2.6671826734719055e-13,2.4640668058756287e-14,4.4454310174756975,3.5086468604066206e-06,7.993023526498063e-06,1.456727157571985
1869.0,-0.0010121936164484105,-0.0006856307122576785,5.248098845544116e-13,-1.7231722261466993e-14,4.473341062561845,3.48901001147724e-06,8.007610285743304e-06,1.4593855919257765
1870.0,-0.0075658442856719734,0.001212241655088467,2.533899524828577e-13,-4.224040533625683e-14,4.506106215417645,3.4692293317181102e-06,7.103737527326437e-06,1.2946549377734011
1871.0,0.009491148101949762,-0.0006920749602125756,-2.7131396657302956e-13,-2.5050060968927955e-14,4.538948778626114,3.4493044813171366e-06,7.905155090673827e-06,1.440713150315007
1872.0,-0.0011970437117013338,-0.0006603033161826863,-5.331128607888643e-13,1.8105043184095107e-14,4.566341476912102,3.4292593838188616e-06,7.90342701442047e-06,1.4403982087162146
1873.0,-0.00737630005078397,0.00120589875546434,-2.4305487461883205e-13,4.30261734546345e-14,4.598631498526522,3.4090725411982048e-06,7.031398048310226e-06,1.2814710802133455
1874.0,0.009542490187677534,-0.0007201764880796357,2.965595795166193e-13,2.390056412104557e-14,4.630848840419606,3.388744272500973e-06,7.835624431287234e-06,1.4280411996474585
1875.0,-0.00153934238443266,-0.0006170958920563556,5.370789648865579e-13,-2.035740039945089e-14,4.657712203241787,3.368298080356792e-06,7.80044848812107e-06,1.4216303900791536
1876.0,-0.007084684312417241,0.0011986275165418976,2.1496502054539915e-13,-4.3644563209278105e-14,4.689563930451479,3.3477120670930923e-06,6.970071925745017e-06,1.2702944049648408
1877.0,0.00964112737955429,-0.0007646207168727599,-3.3645980335046937e-13,-2.1321807149557407e-14,4.721097010346799,3.3269876314919226e-06,7.789291276737799e-06,1.419596990231036
1878.0,-0.0020304171860367017,-0.0005560020862015437,-5.383626185869173e-13,2.4075357143152543e-14,4.747423179431708,3.3061476305900124e-06,7.705570067587516e-06,1.4043388143192963
1879.0,-0.006683826720442825,0.001188558944690422,-1.6642712195195643e-13,4.4027180390637527e-14,4.778869398770702,3.2851695886467585e-06,6.926668410840307e-06,1.262384121867817
1880.0,0.00976868764576347,-0.000823486712103682,3.834034289558829e-13,1.7715205181142764e-14,4.809658405074579,3.2640563906630826e-06,7.771338282199896e-06,1.4163250600763948
1881.0,-0.0026596387940103303,-0.00047676861386293826,5.338000493444751e-13,-2.8281968777173334e-14,4.835445826614426,3.2428299923457017e-06,7.626193084471302e-06,1.3898723728521607
1882.0,-0.006163090796976564,0.0011731032798931772,1.0470519970531646e-13,-4.3924761223955e-14,4.866513877999592,3.221467213049753e-06,6.908692187009696e-06,1.2591079581785907
1883.0,0.009901063945599142,-0.0008942680121428514,-4.3865632973459853e-13,-1.23645318388834e-14,4.896497766092241,3.19997281198105e-06,7.78710757822485e-06,1.419199011554104
1884.0,-0.0034129865407062834,-0.00037913142216100196,-5.079583203009323e-13,3.328683525578609e-14,4.921753042424486,3.178367546563067e-06,7.570013717095992e-06,1.3796336928483395
1885.0,-0.0055102107966675555,0.0011490770246119816,-1.9268753625231325e-14,4.176193844044585e-14,4.952463078165931,3.156627471765688e-06,6.923722612809248e-06,1.261847250685299
1886.0,0.010008719271237658,-0.0009737405937014337,4.858272931112479e-13,5.128120694022527e-15,4.981579826125276,3.1347595817239547e-06,7.841283526782876e-06,1.4290725688243995
1887.0,-0.004271324039761752,-0.0002630898919377014,4.625975494342048e-13,-3.765018130714157e-14,5.0063192382668005,3.112783091847773e-06,7.544144362021404e-06,1.3749190073527826
1888.0,-0.0047134171287528965,0.0011128495057772117,-7.505932884177047e-14,-3.832542753799413e-14,5.0366820680778766,3.090673316739428e-06,6.978236676918145e-06,1.2717824294563593
1889.0,0.010057115245460942,-0.0010578208017452723,-5.253936453367197e-13,2.7224409747061694e-15,5.0648697750910605,3.068439804644222e-06,7.936334598164786e-06,1.4463956101715587
1890.0,-0.005208544397409177,-0.0001292190878033954,-3.9687218959904917e-13,4.149064498043644e-14,5.089120394411883,3.0460998383928526e-06,7.5535081220061564e-06,1.3766255509931904
1891.0,-0.003763939664425577,0.001060539735630932,1.791340443270331e-13,3.275359409614881e-14,5.119134929152843,3.023628115837604e-06,7.075766576124395e-06,1.2895572367464925
1892.0,0.010007567198185309,-0.0011414524773889208,5.437427250138818e-13,-1.168145766007769e-14,5.1463338725189045,3.0010369967207138e-06,8.070293761189015e-06,1.4708096445023826
1893.0,-0.006189878188774435,2.099232523560393e-05,3.010724952681044e-13,-4.3418459840264255e-14,5.170134088000417,2.978341400607914e-06,7.5986536775431465e-06,1.3848533206946543
1894.0,-0.002658889421835238,0.0009882951072954437,-2.851588104423515e-13,-2.5159817604291566e-14,5.199784523895729,2.9555156464941426e-06,7.214617743952395e-06,1.3148628381081153
1895.0,0.00981887260441733,-0.0012185800983590316,-5.315103433867468e-13,2.059350182540846e-14,5.225940227126521,2.932575075382114e-06,8.234285076587119e-06,1.5006970334177803
1896.0,-0.007170832421663463,0.00018481456603235147,-1.7768566778876796e-13,4.2623926753673536e-14,5.249339427345043,2.909531787630926e-06,7.673479984958368e-06,1.3984904023010358
1897.0,-0.0014043273734486272,0.0008926712162042949,3.7952149502158273e-13,1.5602492286972297e-14,5.278592487249337,2.8863600862600233e-06,7.385741254630599e-06,1.3460500683818155
1898.0,0.009450001566300988,-0.0012822762115951203,4.900880122319534e-13,-2.8866053891993063e-14,5.3036597028071455,2.8630783460796255e-06,8.41067040419358e-06,1.5328432289181129
1899.0,-0.008097363605831012,0.00035802604080782495,3.999856245857816e-14,-3.919105309024819e-14,5.3267168125516235,2.839695390951727e-06,7.763777279767441e-06,1.4149470686886163
1900.0,-1.80583915791125e-05,0.0007711012733600393,-4.5349916624273863e-13,-4.457144950090899e-15,5.355519544739489,2.816185999030207e-06,7.5717593990130704e-06,1.3799518430763051
1901.0,0.008863908459580095,-0.0013250817673167222,-4.1576959005912195e-13,3.5666274019327335e-14,5.379466816647223,2.79257148457183e-06,8.573111227032935e-06,1.5624480408323975
1902.0,-0.008907849038805316,0.0005348275215974408,1.0995881588232466e-13,3.3163699337472194e-14,5.402247451422915,2.7688569688219456e-06,7.847789845749822e-06,1.4302583443326982
1903.0,0.00146854828500928,0.0006223985234330966,4.979554465282246e-13,-7.664716343433555e-15,5.430526201779088,2.7450183164276863e-06,7.748346271931795e-06,1.4121347701749976
1904.0,0.008032124472825579,-0.0013395745239200127,3.026946926376062e-13,-3.9888876770894625e-14,5.4533403998404175,2.721079515407487e-06,8.689844268551855e-06,1.5837226174932635
1905.0,-0.009537090764718651,0.0007079997670204096,-2.5744306213229586e-13,-2.3772603996972725e-14,5.475912599546518,2.6970416280736275e-06,7.89985573774265e-06,1.439747344158324
1906.0,0.003010430346752216,0.00044719503858287995,-4.978346782990706e-13,1.9815138170658624e-14,5.503573729239052,2.6728823152957002e-06,7.888831210489608e-06,1.4377381259700304
1907.0,0.0069393580211670495,-0.0013191072758033785,-1.5063238999897516e-13,4.0509895085336186e-14,5.525263756962266,2.6486277887185753e-06,8.730659783698875e-06,1.5911612380813107
1908.0,-0.009921982903155671,0.0008693285047417,3.885281675920901e-13,1.1510830858866642e-14,5.547692561249369,2.6242748052978303e-06,7.897255968553783e-06,1.4392735366725475
1909.0,0.004550775821829755,0.0002482118744206974,4.4318367595731685e-13,-3.031997981609971e-14,5.574625232676741,2.599803594182687e-06,7.97177158954685e-06,1.452853995732137
1910.0,0.005587111793476546,-0.0012585828777359265,-2.5926415066027662e-14,-3.6157489876765195e-14,5.595224143223866,2.57524195899997e-06,8.67640803707762e-06,1.5812738666270794
1911.0,-0.010007818363739015,0.0010102332061972738,-4.78354943367997e-13,3.1841701904415197e-15,5.617565566825272,2.550582250552999e-06,7.82875727591265e-06,1.4267896617661726
1912.0,0.00602477068503054,3.0294103603530484e-05,-3.368787278112414e-13,3.8213804576725263e-14,5.64364651699026,2.525808053255041e-06,7.989487322431545e-06,1.456082684991448
1913.0,0.003995528700847538,-0.0011550990453958545,2.0747393795672058e-13,2.7116187203982555e-14,5.663211590573089,2.500947970175323e-06,8.527959896978914e-06,1.5542192187262018
1914.0,-0.009753861505287403,0.0011224561160266282,5.067387473288564e-13,-1.7675707793072103e-14,5.685506701548893,2.4759900171321987e-06,7.701688432616597e-06,1.403631387016077
1915.0,0.007364202566774163,-0.00019977992505935618,1.7771941101631418e-13,-4.072897964023881e-14,5.710606517143435,2.450921882173568e-06,7.9539981924047e-06,1.4496147971718611
1916.0,0.0022032927156616787,-0.0010083315285295985,-3.673874958303958e-13,-1.4402040014598855e-14,5.729217376681128,2.425772050194282e-06,8.310523801233836e-06,1.514591527820724
1917.0,-0.009137045980528015,0.0011986430114653368,-4.684679518629691e-13,3.0285366861854505e-14,5.75148707286354,2.4005244598161794e-06,7.543895390703932e-06,1.3748736323731625
1918.0,0.008501649624662927,-0.0004336252208582631,8.497556273573657e-15,3.799917452387333e-14,5.775477263800786,2.37517155849741e-06,7.896697759277995e-06,1.4391718031284195
1919.0,0.00026615754217332413,-0.000820624585869804,4.822199551549522e-13,-1.0938368974215886e-15,5.793232610466139,2.3497407156456163e-06,8.070039117811994e-06,1.470763235790889
1920.0,-0.008153466150783892,0.001232704046503095,3.616007413996031e-13,-3.92087996904657e-14,5.815473358119336,2.3242122414718117e-06,7.398266534803864e-06,1.3483327985306892
1921.0,0.00937331135312279,-0.0006615837258784226,-2.0320725621518489e-13,-2.950551863161049e-14,5.83823361139399,2.298583855476195e-06,7.860056623973533e-06,1.4324939625459003
1922.0,-0.0017448861111777603,-0.0005968802447017339,-5.283057555636976e-13,1.7051556120831464e-14,5.855247374423839,2.272880783314318e-06,7.861130368117199e-06,1.4326896522306831
1923.0,-0.006818358732142941,0.0012199696362928754,-1.985054830782766e-13,4.2727664569895574e-14,5.877427810528111,2.247080344583052e-06,7.310302697238063e-06,1.3323014043227837
1924.0,0.009920507778780032,-0.0008729807745236517,3.7400871416561753e-13,1.6449326636226695e-14,5.898853147270009,2.2211858539798234e-06,7.882912204578823e-06,1.4366593881648073
1925.0,-0.003745079940968393,-0.0003444093148173091,4.933714436627713e-13,-3.074642250474203e-14,5.915250588645709,2.195219382708316e-06,7.729769107603798e-06,1.4087490851838853
1926.0,-0.0051658993162943595,0.0011572939985220972,-4.99361844285002e-15,-3.931698613793501e-14,5.937308776538301,2.1691560815065072e-06,7.312228380542709e-06,1.3326523597725533
1927.0,0.010091039356108202,-0.001056352972056591,-4.912996572201865e-13,3.0753576954362936e-17,5.957316686940625,2.1430049505800096e-06,7.983946946415229e-06,1.4550729524191153
1928.0,-0.0056373502162915265,-7.285385885545942e-05,-3.7922542861532784e-13,4.0046861126902496e-14,5.973230369565106,2.1167839625652114e-06,7.696609617968297e-06,1.4027057739233686
1929.0,-0.0032497858132390562,0.0010433136963292216,2.0994748320821244e-13,2.960127756898567e-14,5.995071825896792,2.090467096017481e-06,7.409258082380684e-06,1.3503360061786858
1930.0,0.009842168958034449,-0.0011998455232331198,5.272586167074334e-13,-1.6746751066549987e-14,6.013609463317689,2.064068853875882e-06,8.14975045676802e-06,1.4852906135520982
1931.0,-0.007315322151643438,0.000205888089157654,1.9536243926034458e-13,-4.2381142048914855e-14,6.029174365795431,2.0376022857036314e-06,7.74763536088725e-06,1.41200520675988
1932.0,-0.0011442299576509309,0.000878965113926406,-3.8170803269430367e-13,-1.488936775148149e-14,6.050671619702119,2.0110413499610443e-06,7.574105042738732e-06,1.3803793362402914
1933.0,0.009146285240440442,-0.0012920130807309452,-4.761018849102335e-13,3.08546844056112e-14,6.067722615976918,1.9844055646075597e-06,8.333898306837573e-06,1.5188515274309968
1934.0,-0.008669764110588405,0.00047797997584152967,2.595657589495911e-14,3.731699703290454e-14,6.083069539413654,1.9577024100969187e-06,7.837152921199207e-06,1.4283197666699956
1935.0,0.001056468968581444,0.0006681371850840298,4.885471654354937e-13,-2.814188787605216e-15,6.104064452544256,1.9309070931663626e-06,7.75404161493244e-06,1.4131727454534664
1936.0,0.007998462714432893,-0.0013230899986300128,3.366063846939656e-13,-3.963037398098234e-14,6.119654140773095,1.9040433414019039e-06,8.470777771843988e-06,1.5437977862938341
1937.0,-0.009599012004113842,0.0007284410536795369,-2.449128842375767e-13,-2.5290706203240336e-14,6.134901129418396,1.8771126591690395e-06,7.904536346032787e-06,1.4406003842110142
1938.0,0.0032418015048842194,0.0004181526595880609,-5.035826481037523e-13,2.0342761801932084e-14,6.155211000546581,1.8500928216793903e-06,7.890475379963866e-06,1.4380377755728198
1939.0,0.006423347393884147,-0.0012864945180379845,-1.2849062522610253e-13,4.066233090794567e-14,6.1694084264887445,1.8230106610392113e-06,8.50164503157086e-06,1.5494233390492957
1940.0,-0.010021605627092926,0.0009424153691853553,4.2022838215959897e-13,8.028513086310084e-15,6.18465092678494,1.795861589633357e-06,7.90024874976428e-06,1.4398189705314057
1941.0,0.005292882903154716,0.00013979248777666508,4.165406579925618e-13,-3.405632049760915e-14,6.204078495921934,1.7686272360558836e-06,7.944736726108795e-06,1.4479268965385832
1942.0,0.004478525357340717,-0.0011801163595636865,-1.0924693969752008e-13,-3.3049559117392864e-14,6.216994075683499,1.741336186312152e-06,8.402656474523574e-06,1.5313826916194964
1943.0,-0.009887639287665482,0.0011066197965501616,-5.042931172369724e-13,1.1185585574000824e-14,6.232295343563756,1.7139779678277429e-06,7.810131700958747e-06,1.423395153946848
1944.0,0.007092520950895113,-0.00015321706910653975,-2.423420321097016e-13,4.0701479662351886e-14,6.2506416699555585,1.6865392135570554e-06,7.918083544696234e-06,1.443069358828272
1945.0,0.00225307768940267,-0.0010069779192273419,3.2753771589036673e-13,1.848894273415702e-14,6.2624206086497445,1.6590487526902352e-06,8.200504494415201e-06,1.494540528149744
1946.0,-0.009185516613677253,0.0012105496210987436,4.8433592870459e-13,-2.8162267124426092e-14,6.277803938908891,1.6314907628494098e-06,7.664810243174437e-06,1.3969103433578938
1947.0,0.008534519565918566,-0.00044509784748440854,1.4621051378068163e-14,-3.889186030482009e-14,6.294882392179149,1.6038578028683414e-06,7.853639964721857e-06,1.4313245275052284
1948.0,-0.00013777130069560098,-0.000775127511678242,-4.807828662560241e-13,4.1757923210630764e-16,6.3056952964077695,1.5761773769409354e-06,7.96509839566669e-06,1.451637807299719
1949.0,-0.007942883796754483,0.0012471503708620883,-3.598662456793255e-13,3.959371489434823e-14,6.321138982887227,1.5484291570908062e-06,7.527125274108747e-06,1.3718172815193377
1950.0,0.009529871412156669,-0.0007190098494974352,2.2233369951769076e-13,2.8613933625008275e-14,6.336788632180778,1.5206122391926906e-06,7.816213089407764e-06,1.4245034859416255
1951.0,-0.0025596848897390177,-0.0004969539233381433,5.308342253237578e-13,-1.9712682996107532e-14,6.346821296561986,1.4927512804061076e-06,7.780035518865076e-06,1.4179101299568972
1952.0,-0.006223179756147917,0.0012129734993907072,1.5159457426493227e-13,-4.257940264118266e-14,6.362256358003246,1.464822565558563e-06,7.462081071865759e-06,1.3599629868915477
1953.0,0.010009775926872338,-0.0009579328152831849,-4.1734421151891535e-13,-1.1695498898248249e-14,6.376353724046235,1.4368319667984311e-06,7.858461264848123e-06,1.4322032086207606
1954.0,-0.004866235711317993,-0.00018829463016296755,-4.62737668904758e-13,3.4940624921123605e-14,6.385797451598839,1.408799912435275e-06,7.704340103240534e-06,1.404114653529433
1955.0,-0.004120671820477051,0.0011081275394285728,9.175577061098613e-14,3.610774458749791e-14,6.401107797199869,1.3807006494825169e-06,7.503731323051394e-06,1.367553737978501
1956.0,0.00992779474954941,-0.0011454986423184176,5.194516263971767e-13,-8.114069344403623e-15,6.4135766296770065,1.3525466514723925e-06,7.990291439652715e-06,1.4562292352161617
1957.0,-0.00690633561214007,0.00013242177456001698,2.8955207751339314e-13,-4.226214437329523e-14,6.422619090880551,1.3243529593181997e-06,7.744710577620433e-06,1.4114721655145166
1958.0,-0.001755851525212305,0.0009363801531538676,-3.1607338169137004e-13,-2.1653396297727035e-14,6.437644267145871,1.2960933103964962e-06,7.636038412503592e-06,1.3916666821860812
1959.0,0.009263898954801373,-0.0012670623567307639,-5.063637314197662e-13,2.6131390503759342e-14,6.4484630252603035,1.2677861698313597e-06,8.168160756076467e-06,1.4886458874222095
1960.0,-0.008534160241695165,0.0004451098437782111,-4.8771198622151816e-14,3.995117400352574e-14,6.457278658366453,1.2394403308407955e-06,7.852655487382233e-06,1.431145106680069
1961.0,0.0007295597306386113,0.000705474968307627,4.68430319391062e-13,2.336249995851616e-15,6.471820076245613,1.2110306586610963e-06,7.798752777744837e-06,1.4213213471558785
1962.0,0.008030900466231084,-0.0013112085576545839,3.7832541266439815e-13,-3.8278318730396595e-14,6.481026100450088,1.1825805743366454e-06,8.312644164450724e-06,1.514977963650885
1963.0,-0.009622778479348991,0.0007293271795244118,-2.040883532895636e-13,-2.822276343783903e-14,6.489765269081807,1.1540921272466935e-06,7.949253449964718e-06,1.4487500686814356
1964.0,0.0031803048368792826,0.00042735376123389867,-5.091051357506453e-13,1.7749276296043494e-14,6.5035968556703905,1.1255429629495145e-06,7.917409289627854e-06,1.4429464759584811
1965.0,0.00628056405241616,-0.001271478738098113,-1.5781195764901665e-13,4.108543236990529e-14,6.5112857007777825,1.0969600465445252e-06,8.348469212311895e-06,1.5215070724377757
1966.0,-0.01007961788465304,0.0009659951997146296,4.069066011208369e-13,9.801766167395004e-15,6.520063084298572,1.0683385996202256e-06,7.966894195986e-06,1.4519650915978377
1967.0,0.005438955111611231,0.00011789527072889863,4.2617923237025435e-13,-3.3377714768560416e-14,6.532946292752077,1.0396605986316172e-06,7.943584331648697e-06,1.447716872847211
1968.0,0.0041055761187289,-0.0011477475041222446,-1.0129981277708549e-13,-3.34982339461526e-14,6.539265271779633,1.0109548589048225e-06,8.247004009377917e-06,1.5030150567227618
1969.0,-0.009859313033800703,0.0011391943254842492,-5.05367251293028e-13,1.1130519438313482e-14,6.548149186939388,9.822101210114553e-07,7.886547328366584e-06,1.4373218888474606
1970.0,0.007358996820166697,-0.0002039659835934092,-2.3736944386328276e-13,4.0829636432993694e-14,6.559850869832645,9.534140156556075e-07,7.883369726573707e-06,1.436742771469376
1971.0,0.001635482272856773,-0.0009467129907432788,3.387938756744165e-13,1.743613353721969e-14,6.564987482969058,9.245953618522441e-07,8.046447213176087e-06,1.4664636152445412
1972.0,-0.008969750646061678,0.0012375189982390033,4.768447335528488e-13,-2.937307785350971e-14,6.573992068538798,8.957371801693759e-07,7.748617580315752e-06,1.4121842160811275
1973.0,0.008816029054597272,-0.0005175570316410537,-1.2794466849373465e-14,-3.8014100561220835e-14,6.5843028142929985,8.668337368903333e-07,7.795400021249217e-06,1.4207103078634626
1974.0,-0.0009722511899478074,-0.0006813526491499373,-4.931238229820159e-13,3.2194668954411133e-15,6.588470333287734,8.379119992447834e-07,7.83542678572848e-06,1.4280051787785024
1975.0,-0.0074701367782699195,0.0012546783498726113,-3.287184151493802e-13,4.0548067537198236e-14,6.597551706401576,8.089503966416072e-07,7.629573694553527e-06,1.390488488455926
1976.0,0.009714524398028505,-0.0008018746175274552,2.6288737734743715e-13,2.5693791367564044e-14,6.606302366152972,7.799503808297872e-07,7.756934864396189e-06,1.4137000396686659
1977.0,-0.00354323166490472,-0.0003696459145249235,5.236708753365067e-13,-2.340233766067952e-14,6.6097252510702935,7.509353394089014e-07,7.70705529619774e-06,1.4046094969770595
1978.0,-0.005463454295551313,0.0011894445277948757,9.432869945705856e-14,-4.1750254278417384e-14,6.618781645120774,7.218805426822325e-07,7.597195962153487e-06,1.3845876523165883
1979.0,0.009990667801880777,-0.0010368570709046287,-4.526193560058473e-13,-6.601178422884972e-15,6.625856673529268,6.927946883496074e-07,7.816881658286654e-06,1.4246253325043632
1980.0,-0.005897280262776399,-3.3064884196783425e-05,-4.2240004007266e-13,3.78646600065383e-14,6.628757367960974,6.636961006936007e-07,7.709312619254233e-06,1.4050208937143398
1981.0,-0.0030871258921206486,0.001045380146352207,1.6468480525962778e-13,3.243694806191851e-14,6.637632864005279,6.345585518288335e-07,7.67043107406753e-06,1.3979347388176275
1982.0,0.009614384830069862,-0.0012046177652529234,5.292276943598697e-13,-1.43976616771515e-14,6.642979903422481,6.053975307977846e-07,7.963398926396218e-06,1.4513280793186178
1983.0,-0.00786032771489745,0.0003049007896546194,2.1206929047809044e-13,-4.266815736416638e-14,6.645566780044611,5.762251540250838e-07,7.8202411612038e-06,1.4252376013309374
1984.0,-0.0005039050910523202,0.0008307198688449965,-3.8251800268459895e-13,-1.5056477759640448e-14,6.6540587707864844,5.470154995360239e-07,7.80739860948857e-06,1.422897048498323
1985.0,0.008593251594967176,-0.0012909229740878051,-4.719370391195694e-13,3.1793495006227386e-14,6.657693883821331,5.177898878095191e-07,8.126222241003585e-06,1.4810026002915788
1986.0,-0.009278818851377157,0.0006203274292930875,5.395171821171879e-14,3.6446625052023844e-14,6.660149213032736,4.885534978016086e-07,7.961760229879788e-06,1.4510294271614474
1987.0,0.0021080566796492306,0.0005583551868239764,5.014824475298891e-13,-6.191810990363534e-15,6.66802027880415,4.5928255578272814e-07,7.92911797081774e-06,1.445080381083634
1988.0,0.006977573088217757,-0.0012869440802781788,2.943455254719695e-13,-4.081224517778672e-14,6.670027705370998,4.3000280166307577e-07,8.21490435966159e-06,1.497164901104515
1989.0,-0.010036299537905356,0.0008907456979850606,-3.0295831624308596e-13,-2.08263112369818e-14,6.672495232959427,4.0071221571419217e-07,8.04479762529318e-06,1.466162978137711
1990.0,0.004567774873980837,0.00024553026704593847,-4.860176417455278e-13,2.555618762503931e-14,6.679489629566865,3.7139092611280103e-07,7.966290570880126e-06,1.4518550810265183
1991.0,0.004862858192298015,-0.0011908291942268976,-3.815623695203958e-14,3.869740357542368e-14,6.680015063754323,3.420673299866855e-07,8.172550991581891e-06,1.4894460070850237
1992.0,-0.01006843617015102,0.0010971623587262827,4.679577308818757e-13,-2.1776064025109896e-16,6.682588325322852,3.1273243788559954e-07,8.020780063758103e-06,1.461785781694986
1993.0,0.00670604731261667,-8.705394794337621e-05,3.434318603545156e-13,-3.822372789722859e-14,6.688451903158315,2.833718061437103e-07,7.902215127827783e-06,1.4401773425939504
1994.0,0.0023863486534581205,-0.0010084480957959564,-2.279475909048572e-13,-2.6190479104854434e-14,6.687689656065689,2.5401452047599596e-07,8.012881870212926e-06,1.4603463372851357
1995.0,-0.009371458785865086,0.0012257150188332284,-5.061339574080901e-13,2.1180719067182463e-14,6.690403070021504,2.2464532359936905e-07,7.908866404864356e-06,1.441389536685409
1996.0,0.008378874608035424,-0.0004166830896163431,-1.102422012414689e-13,4.0723161888882215e-14,6.694904155130334,1.9525636808438568e-07,7.784611521306109e-06,1.4187441056116503
1997.0,-0.00028255973919986683,-0.0007529591338404033,4.351807584751032e-13,6.57805121323098e-15,6.693080429787314,1.6587541826772681e-07,7.816253498354196e-06,1.4245108504651354
1998.0,-0.008001338092784523,0.0012685177661926287,4.08841023367209e-13,-3.6605663846489535e-14,6.695904797917035,1.3648207018107048e-07,7.781754957890642e-06,1.418223497422416
1999.0,0.009476307642556922,-0.0007202937077354503,-1.562138241573265e-13,-3.221044018858106e-14,6.698853255565222,1.0707577910245305e-07,7.696864155417578e-06,1.4027521633295499
