turn,n_macroparticles,intensity,epsn_x,epsn_y,eps_z,mean_x_m,mean_y_m,mean_z_m
0.0,1000.0,1950000000.0,4.6754966504496615e-07,3.5403916656289496e-07,4.947477338989601e-06,-0.00029522103013046575,-9.418133768619656e-05,0.03500655117199393
100.0,1000.0,1950000000.0,4.745355438873805e-07,3.678539043932502e-07,4.947772755465288e-06,6.107857171131429e-05,-0.00026234069259182467,0.07509114468910737
200.0,1000.0,1950000000.0,4.783833984855016e-07,3.768054210278946e-07,4.947508059899402e-06,0.00019634118529911787,-0.00025342768861634686,0.08635417204087828
300.0,1000.0,1950000000.0,4.842424880985381e-07,3.7853710494435664e-07,4.946874536591078e-06,0.0002912799974349648,-0.00017346014764503905,0.0642540141681491
400.0,1000.0,1950000000.0,4.950087342079053e-07,3.8266301164709847e-07,4.946102656694963e-06,0.0002948468424876314,-0.0001420077504692239,0.01765253615428956
500.0,1000.0,1950000000.0,4.900299472790383e-07,3.8464224828326453e-07,4.945164768249802e-06,2.3806845373542418e-05,-0.0002662286358474606,-0.03599611218936726
600.0,1000.0,1950000000.0,4.837840612994264e-07,3.9937011842420984e-07,4.944582326176607e-06,4.5024438096844115e-05,-0.0003505768522507015,-0.07575069287332686
700.0,1000.0,1950000000.0,4.886002844726269e-07,4.097121220102647e-07,4.9445880248913495e-06,-0.0001825921683105428,3.7984338895662144e-05,-0.08725558419089043
800.0,1000.0,1950000000.0,4.934601476000421e-07,4.1470724994887327e-07,4.945451214820868e-06,-0.00021516899761281816,-0.0001748935792839293,-0.0656031468739955
900.0,1000.0,1950000000.0,5.03052209597654e-07,4.1474605751102924e-07,4.946430785699545e-06,0.00027724405365545546,-0.00024154239755351273,-0.019223656835295345
1000.0,1000.0,1950000000.0,4.982373464407647e-07,4.1255573514591955e-07,4.947044008124968e-06,-0.00033918438999437525,0.00018166802944780954,0.034475020109520874
1100.0,1000.0,1950000000.0,4.964426532413244e-07,4.3275518330929807e-07,4.947215720296691e-06,-0.00010488937725607213,-0.00011657754508086459,0.07488450381587566
1200.0,1000.0,1950000000.0,5.012984636028144e-07,4.2899310167120733e-07,4.946567607717562e-06,0.0005076523888301557,-0.00011512545886278277,0.0865903903028965
1300.0,1000.0,1950000000.0,5.099189813961627e-07,4.346934843344199e-07,4.946257913728149e-06,4.58113806504758e-05,6.727745933678217e-05,0.06509280983547884
1400.0,1000.0,1950000000.0,5.165555797259083e-07,4.327727837429672e-07,4.946090396416971e-06,6.622147696818828e-07,2.8763839326737183e-05,0.018837078571969264
1500.0,1000.0,1950000000.0,5.127479393328051e-07,4.3149290356519105e-07,4.945322109132726e-06,-3.4826705723619986e-05,0.0001366208955645502,-0.03486777684293232
1600.0,1000.0,1950000000.0,5.127830152747096e-07,4.4373024962488693e-07,4.9450395100152005e-06,-3.590690178148708e-05,0.00015286631292076903,-0.07509215222123966
1700.0,1000.0,1950000000.0,5.153386869963143e-07,4.3920916419146927e-07,4.945226095311851e-06,-0.0004202144130831347,-0.00013717322321519303,-0.08714384730614265
1800.0,1000.0,1950000000.0,5.21950116147202e-07,4.411548488874301e-07,4.946026323139154e-06,0.0005130955059119041,-0.0001476621544751104,-0.06583914503480616
1900.0,1000.0,1950000000.0,5.284094124890065e-07,4.4577349801426423e-07,4.946699006520374e-06,-3.882170965301571e-05,-0.00044962114710659956,-0.019869388214791853
2000.0,1000.0,1950000000.0,5.348929467337124e-07,4.460012781220574e-07,4.947434145886295e-06,-0.00026335302157030075,6.155626577234072e-05,0.03370307581166582
2100.0,1000.0,1950000000.0,5.288116240263307e-07,4.5399766592975717e-07,4.947988938080103e-06,-0.0002672843112547368,5.183980674659302e-05,0.07433499484237857
2200.0,1000.0,1950000000.0,5.300450560879794e-07,4.583182548358833e-07,4.948268307456523e-06,-4.908651635846435e-05,0.00011730010538895362,0.08648858232159419
2300.0,1000.0,1950000000.0,5.323156308305474e-07,4.6070275736913176e-07,4.948076643096947e-06,-3.5881750295695335e-05,-0.0003209224085270768,0.06564921483452202
2400.0,1000.0,1950000000.0,5.396077307477826e-07,4.5496247904415544e-07,4.9476574998716055e-06,-4.776842846289723e-05,0.00020816707302462317,0.019801039429917164
2500.0,1000.0,1950000000.0,5.409505969558614e-07,4.5021910097548627e-07,4.946553258905695e-06,-0.0001032030151999371,-0.00020199303792033647,-0.03348523341510095
2600.0,1000.0,1950000000.0,5.372810967440925e-07,4.634256260986119e-07,4.945501490486425e-06,0.00022327551512672133,0.00016239002546314065,-0.0741533402863082
2700.0,1000.0,1950000000.0,5.35539950188608e-07,4.606218082637921e-07,4.94500645808033e-06,0.00023532622707880466,-0.00017956036312961884,-0.0867887209479325
2800.0,1000.0,1950000000.0,5.396036422005602e-07,4.729318921451241e-07,4.945435423721424e-06,0.00024503487159535474,-1.070626347226272e-05,-0.06645530371929154
2900.0,1000.0,1950000000.0,5.421575415946982e-07,4.7426475341873015e-07,4.94604795939424e-06,0.00016840535845501992,-8.71067151620284e-06,-0.0210046616006021
3000.0,1000.0,1950000000.0,5.513782290438238e-07,4.7120367419001127e-07,4.946729367472383e-06,6.684137711799439e-05,0.00023865723926892707,0.03236650112736815
3100.0,1000.0,1950000000.0,5.488169599122648e-07,4.841909394733083e-07,4.947266739115029e-06,0.00019724952968815405,0.00013558883759726866,0.07325990837375417
3200.0,1000.0,1950000000.0,5.489773214816905e-07,4.875647066728735e-07,4.947384050764874e-06,-0.00011529752430385728,0.0002121464360672327,0.08601388211908303
3300.0,1000.0,1950000000.0,5.608779662904142e-07,4.7867722148722e-07,4.9475259525295885e-06,-4.2798903570720394e-05,2.3749824293071213e-07,0.0660671564625533
3400.0,1000.0,1950000000.0,5.591572792307155e-07,4.77808360702128e-07,4.947262690808608e-06,-0.00022325858971025708,-0.00032526559793922405,0.02111841089756307
3500.0,1000.0,1950000000.0,5.66356693341553e-07,4.665556438553709e-07,4.946856606644257e-06,-0.0001946780449026732,0.00026356640639342116,-0.031885507872522784
3600.0,1000.0,1950000000.0,5.600893681276727e-07,4.7648729630639245e-07,4.946700419117117e-06,0.00014054162566118957,6.714448549552889e-06,-0.07274391044015725
3700.0,1000.0,1950000000.0,5.572876517387602e-07,4.782819815548926e-07,4.9467042162256365e-06,0.00014048163782177524,-9.01679461734536e-05,-0.08601610875981697
3800.0,1000.0,1950000000.0,5.609949335889091e-07,4.789775560419685e-07,4.9468144422037016e-06,6.500299693141581e-05,-0.00017436168217267387,-0.06660612128813985
3900.0,1000.0,1950000000.0,5.618426785411637e-07,4.931087867856426e-07,4.94693602862696e-06,7.810379031904822e-05,0.00011149665732218051,-0.02201383439956897
4000.0,1000.0,1950000000.0,5.596334513879348e-07,4.933419592382226e-07,4.947356646488024e-06,8.210839450467515e-05,1.116997972693738e-05,0.03087660134473245
4100.0,1000.0,1950000000.0,5.602951396155576e-07,4.857387557259292e-07,4.9474348110637185e-06,0.00020628736355553565,0.0002702935376791605,0.07207196146116006
4200.0,1000.0,1950000000.0,5.664585824177111e-07,4.86843501777933e-07,4.947205437251414e-06,-0.00021453475496810924,-0.0005252106785812638,0.08581184795054307
4300.0,1000.0,1950000000.0,5.732116541817295e-07,4.87326488775816e-07,4.946800867322631e-06,-0.00012470084308058115,0.00033290273919219556,0.0668103983540912
4400.0,1000.0,1950000000.0,5.689355517744858e-07,4.934747192674122e-07,4.9462247391569885e-06,0.00024155158377139245,8.97193102641875e-05,0.0223457742274756
4500.0,1000.0,1950000000.0,5.625820629044844e-07,4.926317607407015e-07,4.94550052453982e-06,6.951023776223825e-05,6.528720701967739e-05,-0.030659761510271354
4600.0,1000.0,1950000000.0,5.665693586335045e-07,4.952577737888387e-07,4.9451693091972656e-06,-0.0005014063941271628,0.0005798260103180372,-0.07213569805858704
4700.0,1000.0,1950000000.0,5.714533915022383e-07,4.952563289843438e-07,4.94564856496501e-06,5.369919114069883e-05,0.00018899357998245343,-0.08619512135751564
4800.0,1000.0,1950000000.0,5.734067570172527e-07,4.929538386576199e-07,4.945835343222927e-06,8.395883793419263e-05,-0.00016952122020952271,-0.06746801904110646
4900.0,1000.0,1950000000.0,5.642256058916005e-07,4.956853499826963e-07,4.946560181861441e-06,0.00011352610804065139,-0.00011955058667932797,-0.023019000264331492
5000.0,1000.0,1950000000.0,5.653941066125744e-07,5.081679716840954e-07,4.947070355567377e-06,-0.00013004615391043814,-0.00022269998086824758,0.030266885906922204
5100.0,1000.0,1950000000.0,5.655409711574568e-07,5.078172636618653e-07,4.947324697779843e-06,8.847987229035666e-06,-0.0001493499866932942,0.07189671707076689
5200.0,1000.0,1950000000.0,5.780637635795463e-07,4.995341602240919e-07,4.94735524993307e-06,-3.742972811107476e-05,-0.00034010023289108936,0.08602395367849121
5300.0,1000.0,1950000000.0,5.877191586427012e-07,5.056115121379987e-07,4.947350193416538e-06,4.2455983090108505e-05,-8.748182216963548e-05,0.06722996991704291
5400.0,1000.0,1950000000.0,5.921302747373982e-07,4.939099884187722e-07,4.947399488432854e-06,-0.00016280590676175487,9.902864376248118e-05,0.022873666519710623
5500.0,1000.0,1950000000.0,5.844891297644044e-07,4.861654888664803e-07,4.946925638025256e-06,-0.00021815163446886184,0.00013637534346321197,-0.029927326990767632
5600.0,1000.0,1950000000.0,5.866178888724325e-07,4.897207260797143e-07,4.946694354053429e-06,-0.00010330244914263675,-3.4550828355699903e-05,-0.07125086931825646
5700.0,1000.0,1950000000.0,5.847898606613133e-07,5.007309604511381e-07,4.9465364126247185e-06,2.448642677637056e-05,-1.706193073597474e-05,-0.08558044219890104
5800.0,1000.0,1950000000.0,5.875314102007812e-07,5.015143506505504e-07,4.94683717445336e-06,0.00023883796960841866,-7.03538506730348e-05,-0.06754170752886232
5900.0,1000.0,1950000000.0,5.881418721099881e-07,4.966554862554661e-07,4.946926283106298e-06,-7.188503085864064e-05,0.00014298176628298317,-0.023816957177849755
6000.0,1000.0,1950000000.0,5.882682436353703e-07,5.027498941296724e-07,4.947004912825786e-06,0.00022901275220587586,0.00011692167869308578,0.029019220114691553
6100.0,1000.0,1950000000.0,5.876338083564648e-07,5.02280624971791e-07,4.946605542006128e-06,0.00015486168686570904,-0.00019948259947941805,0.07077965577015102
6200.0,1000.0,1950000000.0,5.900189376361281e-07,5.010316973140826e-07,4.9458831511192156e-06,-0.00021416572493169114,0.00026913453555756344,0.08544148782785296
6300.0,1000.0,1950000000.0,5.964179445584525e-07,4.957422183427793e-07,4.945161278944505e-06,0.000142327116499482,0.00018587008515591052,0.06760801919254432
6400.0,1000.0,1950000000.0,5.956766477672626e-07,4.984441953926941e-07,4.944613800139644e-06,-9.131288773529375e-05,3.1362321340235544e-05,0.024107961693695553
6500.0,1000.0,1950000000.0,6.002421947181602e-07,4.969266622751416e-07,4.944706320967163e-06,-0.0003894715823295513,-0.0001707447333347571,-0.02861535921401685
6600.0,1000.0,1950000000.0,6.027215848304954e-07,5.06510864192552e-07,4.945003630178911e-06,-2.5370769900443683e-05,0.00017647089066877582,-0.07074636352972057
6700.0,1000.0,1950000000.0,5.963748455701058e-07,5.161939020007009e-07,4.945514456977562e-06,-8.867429283919427e-05,0.00017763840805417444,-0.08614495602212834
6800.0,1000.0,1950000000.0,5.993819798012212e-07,5.020317742892984e-07,4.946212166548944e-06,0.0001752586805156865,0.00023208980676705913,-0.06848969273355067
6900.0,1000.0,1950000000.0,6.036178827362825e-07,5.030081727970621e-07,4.946635784910519e-06,5.172674157692287e-05,-8.810627698865731e-05,-0.024780390766151045
7000.0,1000.0,1950000000.0,6.064787479210239e-07,5.055694619965279e-07,4.946456502125234e-06,0.0004301833273763286,-0.00018525090497510508,0.028415929707981253
7100.0,1000.0,1950000000.0,6.030404418185261e-07,5.140400915774607e-07,4.946012192122906e-06,0.00039658730574553176,-0.00015995761101778787,0.07065029023001342
7200.0,1000.0,1950000000.0,6.029594821087026e-07,5.082748542051957e-07,4.944678948349177e-06,0.0003739681165640974,-7.268890398477832e-05,0.08601683055701236
7300.0,1000.0,1950000000.0,6.031100512945078e-07,5.063356657548396e-07,4.944011133103278e-06,0.00037964081560701134,-0.00014025246802557066,0.06880236222950573
7400.0,1000.0,1950000000.0,6.04264350913966e-07,5.045128242218841e-07,4.943466271145552e-06,0.000559628476447351,7.088070305863137e-05,0.02528694466277302
7500.0,1000.0,1950000000.0,6.118779402139072e-07,5.119104014908168e-07,4.942979677828951e-06,-0.00039296443369189407,-1.2014356254934148e-05,-0.02799141842718945
7600.0,1000.0,1950000000.0,6.196154008764297e-07,5.102686190699964e-07,4.942900911453234e-06,-0.00012409331547981096,4.643763134596498e-05,-0.07061308310900842
7700.0,1000.0,1950000000.0,6.106053968230466e-07,5.171642055521789e-07,4.94383867386369e-06,2.5573294697088175e-05,-4.92136718206549e-05,-0.0864719295298777
7800.0,1000.0,1950000000.0,6.172888972405822e-07,5.190000131752497e-07,4.94509863290378e-06,-3.4536728446695545e-05,-0.0002872097429825061,-0.0696183541684867
7900.0,1000.0,1950000000.0,6.188425660883877e-07,5.040479845710474e-07,4.94601423970399e-06,-0.00021856011974753895,-0.00038853073343417797,-0.025953541849394524
8000.0,1000.0,1950000000.0,6.196772225819234e-07,5.069674664946073e-07,4.946197469741596e-06,-0.0002294877250810895,-0.0002747572066019948,0.02762372624733879
8100.0,1000.0,1950000000.0,6.188401110875548e-07,5.087659812316394e-07,4.945354113610118e-06,1.4313061978198463e-05,-2.885660772391322e-05,0.07068063927151418
8200.0,1000.0,1950000000.0,6.22921044489236e-07,5.193609458424168e-07,4.944254918172628e-06,0.00038193239021523797,-0.00011237113052225139,0.08657248048851955
8300.0,1000.0,1950000000.0,6.184782933510449e-07,5.196277315974285e-07,4.943262857391245e-06,-5.508828094626983e-05,-0.00017061769807149267,0.06948786030939555
8400.0,1000.0,1950000000.0,6.319382990252629e-07,5.025569197725382e-07,4.942884241099416e-06,-9.226241344700969e-05,-0.0001708387688865586,0.02613631460930824
8500.0,1000.0,1950000000.0,6.355306638580497e-07,5.053034467790086e-07,4.942673860837445e-06,-0.0003389291040208742,1.0400004820136885e-06,-0.027369461540627985
8600.0,1000.0,1950000000.0,6.445475164391002e-07,4.999440578585138e-07,4.942661414029208e-06,9.765220268224767e-05,-0.0003248572215615934,-0.07024399586281127
8700.0,1000.0,1950000000.0,6.321173538248795e-07,5.017862636383133e-07,4.943208716129938e-06,0.00020437529637162456,0.0004010438766323719,-0.08645850894428807
8800.0,1000.0,1950000000.0,6.315812022942686e-07,5.143674925348607e-07,4.943414964819222e-06,-0.0001502771344495268,-4.610678521493384e-05,-0.06992480665956188
8900.0,1000.0,1950000000.0,6.329988966261453e-07,5.173212063419904e-07,4.94381766021379e-06,-9.938843523017205e-06,-7.50010857131757e-05,-0.026771686575115618
9000.0,1000.0,1950000000.0,6.324148860867035e-07,5.204171635585986e-07,4.943918571459611e-06,0.00016867060731675114,8.77946605536292e-05,0.026434464571982185
9100.0,1000.0,1950000000.0,6.35608165887666e-07,5.106570570971018e-07,4.94369493871891e-06,-0.0003232059879222237,-0.00020034752072439828,0.06949380111677325
9200.0,1000.0,1950000000.0,6.368706477845577e-07,5.174100540923435e-07,4.943044258384518e-06,-0.00016862978430162858,0.0004977463314854993,0.08610311416138368
9300.0,1000.0,1950000000.0,6.468025136577665e-07,5.166148064394547e-07,4.942463377999313e-06,0.00016008039599058472,-9.910658286543541e-05,0.06978880290296237
9400.0,1000.0,1950000000.0,6.50504636593967e-07,5.15488196707749e-07,4.942362970120957e-06,0.0001474553891205002,-3.9286001111933174e-05,0.027011489292242424
9500.0,1000.0,1950000000.0,6.309485943407446e-07,5.219827112891045e-07,4.942157181875054e-06,-8.414614344722003e-05,0.00022739079625051618,-0.026025469642104553
9600.0,1000.0,1950000000.0,6.359979007574153e-07,5.29045418381116e-07,4.94237761596814e-06,-5.327987456684265e-05,0.00018477729707263573,-0.0693212435767075
9700.0,1000.0,1950000000.0,6.458819059270346e-07,5.193303794284028e-07,4.943112926759771e-06,0.00043085784084180464,-1.75150338891839e-05,-0.08622793196057053
9800.0,1000.0,1950000000.0,6.418314179976629e-07,5.230829983308363e-07,4.943928767369939e-06,3.0044031876427657e-05,-0.0001215403561801893,-0.0703026399351307
9900.0,1000.0,1950000000.0,6.621970005951015e-07,5.111905613008064e-07,4.944523696605413e-06,0.00021865455319994097,-0.0003125897527400668,-0.027645776953571264
10000.0,1000.0,1950000000.0,6.573308751044142e-07,5.21048035410781e-07,4.944869508635259e-06,-0.00029912221882359545,0.0003181880076665474,0.025498539999097385
10100.0,1000.0,1950000000.0,6.649365832994333e-07,5.195723331410971e-07,4.9449146540686815e-06,0.0002692219902036272,0.000226466941695275,0.0688456250156328
10200.0,1000.0,1950000000.0,6.650847981183679e-07,5.181648459404198e-07,4.944535336625977e-06,5.1183189611678485e-05,9.683174415579812e-05,0.08587076916416707
10300.0,1000.0,1950000000.0,6.56664229505137e-07,5.278006965403743e-07,4.944030625126894e-06,0.00019971900569600194,-4.2995577514467235e-05,0.07017711979377403
10400.0,1000.0,1950000000.0,6.701572087549598e-07,5.195773791784799e-07,4.9438854983181785e-06,-3.711695099069035e-05,9.35735027056831e-05,0.027790639998289336
10500.0,1000.0,1950000000.0,6.751939358673217e-07,5.2162874098888e-07,4.94404130995958e-06,4.759142832756781e-05,3.719581413914617e-05,-0.025324008862170098
10600.0,1000.0,1950000000.0,6.663324436594499e-07,5.217266072729305e-07,4.944148582763025e-06,8.879431409218662e-05,-0.00017420238902418102,-0.06881591790625975
10700.0,1000.0,1950000000.0,6.620906388644165e-07,5.316841633869929e-07,4.944785175174116e-06,0.00018492097070105628,-4.314732106784869e-05,-0.08598794576439532
10800.0,1000.0,1950000000.0,6.533459968693879e-07,5.333438010094811e-07,4.945479035119996e-06,-0.0005304805529476132,-0.00022050618941130587,-0.07063304925709832
10900.0,1000.0,1950000000.0,6.617232889584913e-07,5.224774609097964e-07,4.9464411715641215e-06,0.00031586330947109875,-2.0178919042233035e-05,-0.028064895112349088
11000.0,1000.0,1950000000.0,6.549788208888912e-07,5.340961121130556e-07,4.9469963152167715e-06,2.989095226570746e-05,0.0002934244318729896,0.02510401563768595
11100.0,1000.0,1950000000.0,6.630236285892953e-07,5.276724210978917e-07,4.946681259943187e-06,-9.36014207027306e-05,5.05266991312675e-05,0.06850750855758969
11200.0,1000.0,1950000000.0,6.682964648614329e-07,5.314123205447542e-07,4.945736233615223e-06,-0.000305321493545242,1.7216866420393014e-05,0.08589048566899185
11300.0,1000.0,1950000000.0,6.646924993291522e-07,5.306414163628517e-07,4.944788211432941e-06,8.185342528511155e-05,0.00041570679697287925,0.07056076666293573
11400.0,1000.0,1950000000.0,6.665842793353461e-07,5.264596885819697e-07,4.944180211523204e-06,-0.0005434604010061447,0.00025700383985118914,0.028121524845101883
11500.0,1000.0,1950000000.0,6.674036566340083e-07,5.340769842649496e-07,4.944280229877572e-06,5.9982351129264474e-05,0.00021664406410739853,-0.024879256102843295
11600.0,1000.0,1950000000.0,6.703597302421534e-07,5.305082099747382e-07,4.944884455489697e-06,0.00011351538198523824,0.00016759991309313118,-0.06848245817551682
11700.0,1000.0,1950000000.0,6.747730873484021e-07,5.274432926470063e-07,4.9454593043069055e-06,-0.0005694639273670454,-0.00010039805773192644,-0.08620510200246792
11800.0,1000.0,1950000000.0,6.765064922122364e-07,5.353098164682717e-07,4.945829812551607e-06,-6.11636532520029e-05,0.0004084199338854592,-0.07121655546787244
11900.0,1000.0,1950000000.0,6.796828771446442e-07,5.381481244547555e-07,4.9455844833729015e-06,7.021255379571812e-07,-0.0003255187113696561,-0.029156861561844633
12000.0,1000.0,1950000000.0,6.78671848167205e-07,5.4103043189411e-07,4.94496062947084e-06,0.00022683760682396458,0.0001953782584838623,0.023901791641499033
12100.0,1000.0,1950000000.0,6.868902837085227e-07,5.428069026629494e-07,4.944290703682056e-06,-0.00015970988786781243,0.0003542467230964293,0.0676893148461827
12200.0,1000.0,1950000000.0,6.899378582852447e-07,5.427273744359335e-07,4.94424015609448e-06,-5.851748469567825e-05,7.558315036850204e-05,0.08570010077374784
12300.0,1000.0,1950000000.0,6.891196944750169e-07,5.425248880555159e-07,4.9443108759216066e-06,-0.0001223681542823291,-0.0002520323198771444,0.07103806464654647
12400.0,1000.0,1950000000.0,6.903613662348952e-07,5.45473499385463e-07,4.944980916322076e-06,-5.740186296491497e-05,-0.0004498244135727068,0.0292292837477662
12500.0,1000.0,1950000000.0,6.861838414783424e-07,5.443182880744656e-07,4.945360072392433e-06,0.0002286729095598946,-0.0005036253910246537,-0.023756040030547376
12600.0,1000.0,1950000000.0,6.868200107445704e-07,5.43311398088034e-07,4.945855837237211e-06,-0.0003022959080831241,-8.686074308322447e-05,-0.06770629735048005
12700.0,1000.0,1950000000.0,6.839509097276695e-07,5.4137779404007e-07,4.946075972981284e-06,-0.00011793168566559629,-3.256567192906585e-05,-0.08567769440493292
12800.0,1000.0,1950000000.0,6.985196306496416e-07,5.362330916130179e-07,4.946071547358459e-06,7.130417359481882e-05,-0.000224904250849155,-0.0710281104452167
12900.0,1000.0,1950000000.0,6.972836044585805e-07,5.361710394451317e-07,4.945644262736573e-06,-0.00040174047309552807,-8.328132739218925e-05,-0.029499702950901954
13000.0,1000.0,1950000000.0,6.988356174442094e-07,5.409141599615189e-07,4.9453383329657925e-06,-0.00026395815749979165,0.00017756306490164183,0.0233282096261088
13100.0,1000.0,1950000000.0,7.097805546738222e-07,5.42238784022382e-07,4.944432024448245e-06,-0.00017541813417961137,0.0002453321109964544,0.06701006865755166
13200.0,1000.0,1950000000.0,7.070048723794509e-07,5.592179557586968e-07,4.9436684558586655e-06,0.00017520211619623458,0.00010222110939463656,0.084995177105189
13300.0,1000.0,1950000000.0,7.058976349432882e-07,5.51593476238659e-07,4.9428484988237e-06,-0.0002465963798051912,-1.3093114476025945e-05,0.07059427001921839
13400.0,1000.0,1950000000.0,7.058221346362607e-07,5.485344017005197e-07,4.942516149489377e-06,4.742681873031226e-05,5.950368922762336e-05,0.029411189476841723
13500.0,1000.0,1950000000.0,7.053530142267271e-07,5.486115605950235e-07,4.942976546536494e-06,0.0001527055448928829,-6.684719757311136e-05,-0.02301011077804863
13600.0,1000.0,1950000000.0,6.99430041430998e-07,5.560766085928766e-07,4.943532544483845e-06,0.00012550550055011463,3.415387975873813e-05,-0.06666304747298805
13700.0,1000.0,1950000000.0,7.015832810892628e-07,5.577660277788307e-07,4.94471648776684e-06,5.941500334354943e-05,0.00010905957719173927,-0.08516327941583912
13800.0,1000.0,1950000000.0,7.023395360585573e-07,5.455176104506245e-07,4.945722316183808e-06,-0.00013767811591232972,-0.00026230075336515653,-0.07108706021465508
13900.0,1000.0,1950000000.0,7.11777876122471e-07,5.409698867450258e-07,4.946486182677739e-06,0.00010134025983882292,1.0692772458973106e-05,-0.029863097842812738
14000.0,1000.0,1950000000.0,7.096668208289336e-07,5.351008039438795e-07,4.946308392229449e-06,-0.00012117291633002653,7.76307101865825e-05,0.02270854717937873
14100.0,1000.0,1950000000.0,7.12400714249987e-07,5.46800113301902e-07,4.945571738862019e-06,1.864848859153659e-05,-0.00011635337863667658,0.06673022365484922
14200.0,1000.0,1950000000.0,7.030787735074741e-07,5.624391867090275e-07,4.944623926117115e-06,-0.00038751593174836917,-0.00017501165129296374,0.08502369302246189
14300.0,1000.0,1950000000.0,7.109583572125163e-07,5.536906740327721e-07,4.943291215147174e-06,-8.623479340445215e-05,1.0068853249911051e-05,0.07086850503758067
14400.0,1000.0,1950000000.0,7.064667556546909e-07,5.656265663026326e-07,4.942287074719589e-06,6.0404539307524176e-05,-0.000275370251634406,0.029718263996855232
14500.0,1000.0,1950000000.0,7.022970265370495e-07,5.620844451776243e-07,4.941550694921079e-06,0.0001304524506482273,-0.00018279222347681123,-0.022859940982325713
14600.0,1000.0,1950000000.0,7.117431652138868e-07,5.604584077012466e-07,4.941034352804201e-06,-0.00034619658287296984,-5.66814268695301e-05,-0.06670821564093043
14700.0,1000.0,1950000000.0,7.071598550184583e-07,5.687897450339562e-07,4.941162002162539e-06,0.0001855606901654263,5.1642312417164036e-05,-0.08521950850429907
14800.0,1000.0,1950000000.0,6.969635960450671e-07,5.710434566101351e-07,4.941747572520298e-06,0.0006387485091331352,-8.498905268341438e-05,-0.07134694211956473
14900.0,1000.0,1950000000.0,6.99628163848233e-07,5.615398865467921e-07,4.942240574345679e-06,0.0003987106014880114,0.0001276914628569264,-0.030154664117862284
15000.0,1000.0,1950000000.0,7.074551012894504e-07,5.530698431374842e-07,4.943037567455965e-06,5.608443728919016e-05,7.739644180900987e-05,0.022481158122912414
15100.0,1000.0,1950000000.0,6.938711748122878e-07,5.67105685016762e-07,4.943330327091309e-06,-0.0003522319673397519,0.00010041793840615512,0.06668756495643435
15200.0,1000.0,1950000000.0,6.980564636751011e-07,5.651395639085861e-07,4.943326882557938e-06,0.0004055031520170686,0.00011444445036924731,0.0854027561602666
15300.0,1000.0,1950000000.0,7.058282410664831e-07,5.532336656442106e-07,4.943005200041969e-06,-1.8300013652722015e-06,-0.00014400059794732412,0.07161850589428839
15400.0,1000.0,1950000000.0,7.113832255770089e-07,5.584397581938162e-07,4.942639958177879e-06,-0.00027219104451112425,3.779961257817677e-05,0.030496052645367134
15500.0,1000.0,1950000000.0,7.133355482349661e-07,5.575287178619983e-07,4.941907649886513e-06,-0.00011426582169327702,0.0003497525801499203,-0.02220877317220289
15600.0,1000.0,1950000000.0,7.080123611778538e-07,5.612900445524262e-07,4.94120337839906e-06,0.0001526277840534258,0.00015172825985621484,-0.06640546509751688
15700.0,1000.0,1950000000.0,7.046665684248147e-07,5.733746318775168e-07,4.941124935140058e-06,0.0002603077990583098,-0.00010945564342970616,-0.08552673324459596
15800.0,1000.0,1950000000.0,7.076325609786612e-07,5.765808825185232e-07,4.941497391597387e-06,0.00023404975179041698,9.531270444182564e-05,-0.07238407551669272
15900.0,1000.0,1950000000.0,6.994535446256912e-07,5.799161313602395e-07,4.941990320244781e-06,-0.0004938049075287595,-0.00022135570842731015,-0.03155424514503992
16000.0,1000.0,1950000000.0,7.128439505753269e-07,5.628130637350064e-07,4.942896749509547e-06,-2.5101202868827154e-05,-3.099034849813553e-05,0.021596107638448426
16100.0,1000.0,1950000000.0,7.076522500465576e-07,5.719865998975563e-07,4.943455873202887e-06,0.00024816195451314544,2.577812650065744e-05,0.06624710321740132
16200.0,1000.0,1950000000.0,7.131812118396383e-07,5.768470581179934e-07,4.943431554052726e-06,-0.00037206958553425513,0.000190941121879444,0.085606357024469
16300.0,1000.0,1950000000.0,7.100663282290715e-07,5.741282194625662e-07,4.943048952301541e-06,-0.00047947413596768527,-0.0003881991583206066,0.07225022399609661
16400.0,1000.0,1950000000.0,7.155620955860826e-07,5.779971103868737e-07,4.942328436025005e-06,-4.449589985181225e-05,-0.00044572948993699306,0.031459736957774945
16500.0,1000.0,1950000000.0,7.196932127787615e-07,5.677042885857108e-07,4.941142858320818e-06,2.9522318225057978e-05,-0.000384470197021136,-0.02136081866364858
16600.0,1000.0,1950000000.0,7.126999238223636e-07,5.72798820243821e-07,4.94033017283713e-06,-0.00023918539322285683,0.0001487204532469036,-0.06589853167668451
16700.0,1000.0,1950000000.0,7.146653906171942e-07,5.695944046227921e-07,4.940450633341248e-06,-0.00017545666428705784,-0.0003124445819392664,-0.08547792489184572
16800.0,1000.0,1950000000.0,7.081757463738069e-07,5.680189874068088e-07,4.941537075605803e-06,-0.0004886315099017878,2.0203938848206635e-06,-0.07258561728227299
16900.0,1000.0,1950000000.0,7.155393703541978e-07,5.644911681031685e-07,4.943414735885622e-06,-7.484645659431934e-05,9.225780266376843e-05,-0.031872188999989746
17000.0,1000.0,1950000000.0,7.158911737461089e-07,5.59774606436316e-07,4.944790352116139e-06,-0.00016881345419403985,0.00013824412715662641,0.02086406366655763
17100.0,1000.0,1950000000.0,7.068545543100625e-07,5.648499936438713e-07,4.945290193784465e-06,6.06948690191857e-05,-0.00017526492291091193,0.06584961707555749
17200.0,1000.0,1950000000.0,7.09765436701654e-07,5.716179227374118e-07,4.944306493369851e-06,0.0004162224693956879,9.567417288235198e-05,0.08572436705699886
17300.0,1000.0,1950000000.0,7.244722133178923e-07,5.667108403143023e-07,4.943553984722966e-06,-1.82745840476229e-05,-0.00020398827906686198,0.07272176436277371
17400.0,1000.0,1950000000.0,7.166006546106828e-07,5.660288311161818e-07,4.942487493781708e-06,0.0002773954442504584,0.0002774862937034436,0.032206439746036514
17500.0,1000.0,1950000000.0,7.258132853649928e-07,5.65475575698143e-07,4.941484549942171e-06,-0.00020455700865716902,5.282356594090517e-06,-0.02078751797762598
17600.0,1000.0,1950000000.0,7.300632388924483e-07,5.661354828510314e-07,4.940981956727231e-06,-2.6008994161283182e-05,-0.00012303181114523617,-0.06569458363995756
17700.0,1000.0,1950000000.0,7.167290581311015e-07,5.788401065042566e-07,4.940546389137844e-06,-2.9717529354629612e-06,-5.329450709336782e-05,-0.08584705568594968
17800.0,1000.0,1950000000.0,7.249696700246545e-07,5.797601899186624e-07,4.940807127331789e-06,-0.0003326257749609747,-6.948966917508946e-05,-0.07350959043167543
17900.0,1000.0,1950000000.0,7.25078901007664e-07,5.791856238006193e-07,4.9416634624804086e-06,-0.00012831910112575296,-0.00015502829168134654,-0.033135261852416914
18000.0,1000.0,1950000000.0,7.147066277140864e-07,5.725798246030516e-07,4.942811520966898e-06,-0.00010869455853158006,-0.0003430874236201659,0.01988564318733801
18100.0,1000.0,1950000000.0,7.102835845072003e-07,5.746458154263088e-07,4.9442477722362825e-06,0.0001713492669685798,0.00015952379830312444,0.06550590762064556
18200.0,1000.0,1950000000.0,7.083244366875511e-07,5.87816835915327e-07,4.9444975544785025e-06,-4.08772528958483e-06,-0.00016019135552670634,0.08598032568661776
18300.0,1000.0,1950000000.0,7.156287327942495e-07,5.78929716330019e-07,4.943861795305341e-06,-6.543590520261709e-05,-0.00023440473246142673,0.07379794585305176
18400.0,1000.0,1950000000.0,7.183061450439477e-07,5.722937880073502e-07,4.9423111570063305e-06,0.0005111830394009087,-0.00038267775210421126,0.03369480612978097
18500.0,1000.0,1950000000.0,7.194309291340797e-07,5.633676284002274e-07,4.940508069155646e-06,0.0003715615786179736,9.563070731381129e-05,-0.019271229394794098
18600.0,1000.0,1950000000.0,7.088800815199536e-07,5.803653606824312e-07,4.938930783475523e-06,0.00041984918566159355,0.00022837807261714022,-0.06500980051828474
18700.0,1000.0,1950000000.0,7.126419315338527e-07,5.995542792761091e-07,4.938449736922858e-06,-0.00019532068574464522,0.00017342806290312162,-0.08627709268343799
18800.0,1000.0,1950000000.0,7.012579906404349e-07,5.940728101734637e-07,4.939191953994464e-06,0.0001397747822215293,0.0002703461694761222,-0.07478482035461916
18900.0,1000.0,1950000000.0,7.020540628055195e-07,6.045956505053384e-07,4.9412047832623205e-06,0.00031068041537063136,9.71985656485478e-06,-0.03484606574771295
19000.0,1000.0,1950000000.0,7.130086058495397e-07,5.907803240159694e-07,4.943421385551184e-06,0.00018966159530510354,0.00021385422311259673,0.018528113231217568
19100.0,1000.0,1950000000.0,7.148013704230112e-07,5.932695524814401e-07,4.944582046780358e-06,-0.0003716491298059108,-0.00021363412376576026,0.0646735520562858
19200.0,1000.0,1950000000.0,7.113471528504469e-07,6.037683160237112e-07,4.944136602012709e-06,-0.00021209687790363962,-3.35065840184593e-05,0.08619560398430658
19300.0,1000.0,1950000000.0,7.116650020499561e-07,6.106083858117439e-07,4.942948020867826e-06,7.671816508025949e-05,-2.001373876045813e-05,0.07484975331894549
19400.0,1000.0,1950000000.0,7.160480897417994e-07,5.980285110258659e-07,4.94044205957405e-06,2.816645266470159e-05,-2.723138818801455e-05,0.03488330881168177
19500.0,1000.0,1950000000.0,7.217024273926459e-07,5.987486280855262e-07,4.938168490638478e-06,0.00022291753594434348,0.00010635655131412771,-0.018296137607546302
19600.0,1000.0,1950000000.0,7.24461577708722e-07,5.991744134370638e-07,4.937091009391309e-06,-7.315964877304864e-05,-0.00032975860314599776,-0.06457149726544385
19700.0,1000.0,1950000000.0,7.31847505997302e-07,5.955135731498153e-07,4.937689536770597e-06,1.4220920037171022e-05,3.127966060321457e-05,-0.0863256814478436
19800.0,1000.0,1950000000.0,7.353220643894046e-07,5.950691789017102e-07,4.939269189104018e-06,-0.00010972174408522574,-0.00015364520068706408,-0.07526466287405853
19900.0,1000.0,1950000000.0,7.328944456719181e-07,5.96002620878556e-07,4.941680290394537e-06,-3.8050792400428606e-06,0.0002784436769131956,-0.03553245728527089
20000.0,1000.0,1950000000.0,7.310295172824565e-07,5.92993590027129e-07,4.943857451937399e-06,-0.000103640058860078,-0.00022457501337903632,0.017849823764054217
20100.0,1000.0,1950000000.0,7.26426315975029e-07,5.890099201558443e-07,4.945132441098482e-06,6.099432699194823e-05,6.089832147203014e-05,0.06450766347288239
20200.0,1000.0,1950000000.0,7.282171232929261e-07,5.940117467372722e-07,4.944665166646564e-06,0.00031404485295542713,1.0773501441665053e-05,0.08662835736546722
20300.0,1000.0,1950000000.0,7.295139224665058e-07,5.952378855170493e-07,4.943265622931392e-06,-0.0002791818357921803,-6.60510260818287e-05,0.07556008193230782
20400.0,1000.0,1950000000.0,7.338612116761337e-07,5.985171898675101e-07,4.940512202459087e-06,0.0001517199717585052,-0.00037434920658054407,0.035780300470976203
20500.0,1000.0,1950000000.0,7.385347543481329e-07,5.949639208083079e-07,4.9380091451604454e-06,-0.0003654751329225871,-0.00019638654195988276,-0.017749350966716104
20600.0,1000.0,1950000000.0,7.345803253018512e-07,5.948371205162876e-07,4.936366231910029e-06,-7.289577818494589e-06,1.8799899342962414e-05,-0.06442687804157098
20700.0,1000.0,1950000000.0,7.420537419815954e-07,5.839797570427637e-07,4.936258325280098e-06,9.983014256951088e-05,0.00022835265892149714,-0.08667848180339602
20800.0,1000.0,1950000000.0,7.385651140706273e-07,6.006700489146397e-07,4.93796607821767e-06,0.00011410653314527094,5.569350745453075e-05,-0.07590822638956435
20900.0,1000.0,1950000000.0,7.384506384268641e-07,6.099233345668782e-07,4.940609187833034e-06,-9.300187271504586e-05,-0.00020058659840361759,-0.03659238542943915
21000.0,1000.0,1950000000.0,7.417208517014757e-07,5.985483953706561e-07,4.94341787836719e-06,-8.831398895787133e-05,0.00024082154424972792,0.01681826495095897
21100.0,1000.0,1950000000.0,7.379321531182207e-07,6.144162527143316e-07,4.945628021461614e-06,5.8265406398877074e-05,-0.0002638333044322729,0.06359728288008376
21200.0,1000.0,1950000000.0,7.482466273784178e-07,5.962016321476923e-07,4.9456117394034325e-06,-0.00014170754773998976,0.00028311925742707697,0.0862714850670142
21300.0,1000.0,1950000000.0,7.486092997582413e-07,5.899833067907656e-07,4.944327283829503e-06,0.00013362023643331312,6.710036520180367e-06,0.07633264012155469
21400.0,1000.0,1950000000.0,7.498002493944186e-07,5.952720013196583e-07,4.941856147358758e-06,0.00032580502113040973,9.419096465394172e-05,0.03725390746762089
21500.0,1000.0,1950000000.0,7.422663923096362e-07,6.014651877495657e-07,4.939453649520792e-06,-7.008023791705259e-05,-4.323664987471232e-05,-0.016127421436907204
21600.0,1000.0,1950000000.0,7.361695431466544e-07,5.95266829517565e-07,4.937244904958812e-06,-0.0003432947012357321,8.254181838174466e-05,-0.06314518757165388
21700.0,1000.0,1950000000.0,7.325453584528779e-07,6.055231461535235e-07,4.936767482905809e-06,3.366258881858961e-05,0.0002147972316269624,-0.08607572911457069
21800.0,1000.0,1950000000.0,7.345336186201107e-07,6.063925671435402e-07,4.9373623393199136e-06,-0.0002931910673776082,0.000221998964456794,-0.07637498552196507
21900.0,1000.0,1950000000.0,7.347461330229648e-07,6.08452547342327e-07,4.9393091683874884e-06,-0.00016494529439945702,0.0006509520606235851,-0.03787575995414445
22000.0,1000.0,1950000000.0,7.427577102945514e-07,6.089180472028405e-07,4.941554730342489e-06,-0.0005804641615781154,2.1447685369568004e-05,0.014992143704025624
22100.0,1000.0,1950000000.0,7.400170411989547e-07,6.06292930449258e-07,4.943312331074269e-06,-0.00024997664923326373,0.0002785743736333598,0.06229692637817459
22200.0,1000.0,1950000000.0,7.473740521686997e-07,6.012243553872922e-07,4.94373088315206e-06,0.0003618442006981009,2.1198175610665603e-05,0.08595551718028184
22300.0,1000.0,1950000000.0,7.561202382732278e-07,5.920893435389735e-07,4.9431597940717784e-06,-1.0862501898606843e-05,-0.0002473471251194256,0.07676710730173561
22400.0,1000.0,1950000000.0,7.434824400490773e-07,6.107096230330801e-07,4.9416073484073765e-06,0.00033762741238876117,-0.00015749176041645482,0.038378279211740196
22500.0,1000.0,1950000000.0,7.461209583772523e-07,6.066198220189899e-07,4.939687979411009e-06,-0.0001822703585190775,6.274107012560558e-06,-0.014740335243556295
22600.0,1000.0,1950000000.0,7.461763783733122e-07,5.998932331196152e-07,4.937979043591149e-06,-0.00017433568260819893,0.0001250608051857835,-0.06201408882423826
22700.0,1000.0,1950000000.0,7.423685627490988e-07,6.08633341069977e-07,4.937135248512437e-06,-6.650214176351156e-05,0.00010584895749710032,-0.08577484187490138
22800.0,1000.0,1950000000.0,7.489899737351668e-07,6.048002612299773e-07,4.937465124009375e-06,-0.00011207484674018042,0.00024251477883283591,-0.07699331925124904
22900.0,1000.0,1950000000.0,7.507065049864494e-07,6.114682329224271e-07,4.939784370881574e-06,-3.407928534169041e-05,4.806078247402597e-06,-0.03894403011000653
23000.0,1000.0,1950000000.0,7.534525710608384e-07,6.046109010256068e-07,4.942385148376438e-06,0.0004323502844287757,1.2257250722305303e-05,0.013976226343705541
23100.0,1000.0,1950000000.0,7.54552476892178e-07,5.932824756103352e-07,4.944334508767672e-06,0.00036256627012486636,0.0005536379127950553,0.06178093788850125
23200.0,1000.0,1950000000.0,7.546368579235546e-07,6.006358206860322e-07,4.944893565422471e-06,-0.000224076587613291,-3.901905716877843e-05,0.0858755719792922
23300.0,1000.0,1950000000.0,7.496718535752138e-07,6.100403332527631e-07,4.944049088530956e-06,6.0964359569285894e-05,0.00012069612287346888,0.0773118262788316
23400.0,1000.0,1950000000.0,7.468634285200024e-07,6.116894344239841e-07,4.941968728292237e-06,0.00022561824308751897,0.00027200426703383694,0.03922712078501324
23500.0,1000.0,1950000000.0,7.514483649274978e-07,6.003670370393557e-07,4.939544898360237e-06,-0.0005174777561920623,5.769987872129512e-06,-0.014029350033943757
23600.0,1000.0,1950000000.0,7.475267125693668e-07,6.045432252128923e-07,4.937894957336875e-06,5.333080776688225e-05,-0.0002021530773871602,-0.06140530062863891
23700.0,1000.0,1950000000.0,7.514546754201593e-07,6.04090221981715e-07,4.9374223936492e-06,0.0002952529180072004,0.00023517666181287374,-0.08568277642280309
23800.0,1000.0,1950000000.0,7.526592602509408e-07,6.2087657310322e-07,4.937872695759551e-06,-0.00010048966404438684,0.0003656610003839231,-0.07773961554339197
23900.0,1000.0,1950000000.0,7.41262603971989e-07,6.304566274301222e-07,4.939644194810309e-06,0.0008267533408536728,0.00022080561403728597,-0.04022617064002681
24000.0,1000.0,1950000000.0,7.479556337085276e-07,6.281818652477938e-07,4.941071652246733e-06,4.6429639275538124e-05,6.456643704528095e-05,0.01252641255525975
24100.0,1000.0,1950000000.0,7.4788222510016e-07,6.302525898056749e-07,4.941786772614632e-06,0.0002115176926941633,0.00016503882788764196,0.060588051589498176
24200.0,1000.0,1950000000.0,7.451902131983668e-07,6.342458429757202e-07,4.9415496338224e-06,0.0003275173904406057,-0.0001473032233691366,0.0853620958281721
24300.0,1000.0,1950000000.0,7.531908366734538e-07,6.233076684640326e-07,4.9403367747873855e-06,-6.508686176583798e-05,0.000528714141519912,0.07776751326501834
24400.0,1000.0,1950000000.0,7.396228548490476e-07,6.26047269291541e-07,4.938410671045988e-06,0.0003533437490134416,0.00027290718462481795,0.040740373218118776
24500.0,1000.0,1950000000.0,7.519435525289954e-07,6.172112269679199e-07,4.93631305135333e-06,0.00020640696044167808,-2.704101092694551e-06,-0.011785348429825421
24600.0,1000.0,1950000000.0,7.523902907143838e-07,6.287081840864927e-07,4.934683536042378e-06,-3.229317667283691e-05,-2.9408443550532834e-05,-0.05985486367357859
24700.0,1000.0,1950000000.0,7.494039574967913e-07,6.231780171544665e-07,4.934348291314424e-06,0.000429860357197541,0.0004363942724072001,-0.08523029916027783
24800.0,1000.0,1950000000.0,7.579842397304022e-07,6.232868704951445e-07,4.935356899421983e-06,-0.00037429145468911824,0.00020214055703105918,-0.07828774614795261
24900.0,1000.0,1950000000.0,7.645485958017632e-07,6.15765108629942e-07,4.937209413680714e-06,9.591566253359853e-05,0.0003237646052606126,-0.041466763536814666
25000.0,1000.0,1950000000.0,7.576402927246538e-07,6.220839550107339e-07,4.939528251927825e-06,0.0006745195718770323,0.00011059391495660622,0.011375871648604765
25100.0,1000.0,1950000000.0,7.637392399246681e-07,6.190084770650574e-07,4.940239061916435e-06,-0.0002448788893468409,-0.00012914748352154442,0.0597208658123012
25200.0,1000.0,1950000000.0,7.603697498751041e-07,6.254491943634526e-07,4.939894740981374e-06,-5.030354691457223e-08,0.000506181932235931,0.08532059817146048
25300.0,1000.0,1950000000.0,7.724528247706741e-07,6.181216530692519e-07,4.938554858392924e-06,6.67427482268659e-05,-0.00012706564173625798,0.07854464363033639
25400.0,1000.0,1950000000.0,7.688654597497609e-07,6.266947301861007e-07,4.937453306497563e-06,-3.3498633006062664e-05,0.00020382213694191935,0.04162661111868317
25500.0,1000.0,1950000000.0,7.697279088133498e-07,6.209301695472504e-07,4.9366341823358215e-06,-0.00016549596893303443,-7.568203673656077e-05,-0.011179057013246695
25600.0,1000.0,1950000000.0,7.725928118598472e-07,6.209656815974508e-07,4.935990206739479e-06,-0.0007535580222927571,-0.0002325538400513452,-0.05970806307785925
25700.0,1000.0,1950000000.0,7.776056355453801e-07,6.139682262447344e-07,4.936150308100082e-06,-0.00032316151895126887,-5.62692640381776e-05,-0.08551917290970751
25800.0,1000.0,1950000000.0,7.850536317421196e-07,6.071798332575818e-07,4.937124071087565e-06,-0.00037138422212197803,3.1357579843996567e-05,-0.0787703841217876
25900.0,1000.0,1950000000.0,7.690668582729302e-07,6.335204347899771e-07,4.937742301039377e-06,-0.0003788474543288727,-9.08790417669732e-05,-0.0422006417357367
26000.0,1000.0,1950000000.0,7.813042354290043e-07,6.222350979069835e-07,4.938688436859631e-06,-0.000162911273605708,-0.00010706855214975051,0.010413699740322087
26100.0,1000.0,1950000000.0,7.839452461589349e-07,6.105156176435648e-07,4.939158170010543e-06,0.00021848788143516198,-0.00040943839767431685,0.05906865018529296
26200.0,1000.0,1950000000.0,7.863731077958005e-07,6.123697289194383e-07,4.939194012634958e-06,4.986867749356581e-05,0.0002019862209359877,0.08548625532912028
26300.0,1000.0,1950000000.0,7.771649259251464e-07,6.208120615602225e-07,4.938620338592444e-06,-6.133479781231214e-05,0.00028348332918996506,0.07925101398427921
26400.0,1000.0,1950000000.0,7.716306109397592e-07,6.354601259562733e-07,4.938035291775886e-06,0.0002747975394245161,6.134655123070447e-05,0.04271481564667503
26500.0,1000.0,1950000000.0,7.762431634569564e-07,6.312992548603531e-07,4.936923875886873e-06,-5.962279407473375e-05,2.684204012257788e-05,-0.010133647639215888
26600.0,1000.0,1950000000.0,7.712965835337266e-07,6.353612388572134e-07,4.935919055022169e-06,0.0001477848269359668,0.00019084637766693095,-0.059111518649249614
26700.0,1000.0,1950000000.0,7.695039881244126e-07,6.293298564449314e-07,4.935548156255606e-06,0.00021259361973328573,1.0605281147695981e-05,-0.08561953366840526
26800.0,1000.0,1950000000.0,7.854551695458548e-07,6.188796591618234e-07,4.935933099560098e-06,-0.0002301611309328117,0.00019601827623742235,-0.07954120880736282
26900.0,1000.0,1950000000.0,7.745268331536544e-07,6.390286679524382e-07,4.936637072537682e-06,-2.3875142504885863e-05,-0.00040408903625597684,-0.04319994318764973
27000.0,1000.0,1950000000.0,7.792686160456676e-07,6.365697759969901e-07,4.9377410155012466e-06,7.868696473003395e-06,0.0002722677659640471,0.00924073840524679
27100.0,1000.0,1950000000.0,7.873641752462091e-07,6.218179386257231e-07,4.938425443292002e-06,0.000247404060390835,-7.92408352007376e-06,0.05849369194233643
27200.0,1000.0,1950000000.0,7.784589313314739e-07,6.153275535656711e-07,4.9384755095050165e-06,-0.00015892517744511906,-0.00017676351069342763,0.08551411016392144
27300.0,1000.0,1950000000.0,7.775281181746288e-07,6.27319151240849e-07,4.938480797359988e-06,0.000205715776242543,0.0005043086552281,0.08015717318741147
27400.0,1000.0,1950000000.0,7.809956873702176e-07,6.24049904963696e-07,4.9381990396726085e-06,-0.0001855552830770926,0.00014433884075309248,0.04407593146281054
27500.0,1000.0,1950000000.0,7.746144676830328e-07,6.242064761665246e-07,4.937716216767259e-06,-0.00027645340079313996,-0.00031317313761256694,-0.008641036012727215
27600.0,1000.0,1950000000.0,7.753453636372129e-07,6.34919182689617e-07,4.9377424718518845e-06,-0.0002186144978574726,-0.00018625294667254844,-0.05822177782576548
27700.0,1000.0,1950000000.0,7.829577093315164e-07,6.203855231931511e-07,4.93823594195724e-06,-0.00011415255746238017,-1.4786722319830188e-05,-0.08571487028564495
27800.0,1000.0,1950000000.0,7.776873017447915e-07,6.190336683406839e-07,4.938939420463754e-06,0.0002093979729893125,-0.00014373073705997106,-0.08038307609424296
27900.0,1000.0,1950000000.0,7.802903020732446e-07,6.137309679801218e-07,4.93944623668052e-06,-0.00031959195934133476,-0.0003631551057661431,-0.04447175820540804
28000.0,1000.0,1950000000.0,7.904521256722172e-07,6.164094949744608e-07,4.939634529689668e-06,-0.00045987621278551936,-0.0003138194344589498,0.00856677736433945
28100.0,1000.0,1950000000.0,7.83243877808872e-07,6.188208240693168e-07,4.9393338470151915e-06,0.0002315956736894972,-0.0002284971050300505,0.05838290189093167
28200.0,1000.0,1950000000.0,7.880739191795244e-07,6.261981744331633e-07,4.939095619887553e-06,0.00037023858238590876,0.00012276899340414127,0.08569444491581749
28300.0,1000.0,1950000000.0,7.986059018375687e-07,6.28384827387675e-07,4.9384297779103655e-06,3.919021689013241e-05,9.971317631889998e-06,0.08013131698655619
28400.0,1000.0,1950000000.0,8.035260809365042e-07,6.06035533891881e-07,4.938061124819649e-06,0.00026605989678145516,-9.417283778559806e-06,0.044317379602223206
28500.0,1000.0,1950000000.0,8.058670763345721e-07,6.127088278048462e-07,4.937504236849985e-06,-7.353821514330501e-05,-0.00022747928142443198,-0.008375722799973817
28600.0,1000.0,1950000000.0,8.053416179476535e-07,6.150270604392234e-07,4.936910194743006e-06,-9.182176230722232e-05,-9.076165852940758e-05,-0.0579230583438226
28700.0,1000.0,1950000000.0,7.996655499907285e-07,6.118235751930886e-07,4.936709758386356e-06,0.00036222622187310317,-1.3541861562394506e-05,-0.08524460149770689
28800.0,1000.0,1950000000.0,8.050911404810777e-07,6.168857124080917e-07,4.936957590494718e-06,-0.0002488105165083614,-0.00020688489245871542,-0.08025512367840643
28900.0,1000.0,1950000000.0,8.107587260693997e-07,6.068041748291893e-07,4.937221946511383e-06,-0.0002027078852479367,-9.590340594321735e-05,-0.044788683178855225
29000.0,1000.0,1950000000.0,8.187315471786634e-07,6.002042101423904e-07,4.937307137683879e-06,-0.00019859705644339763,0.00029020492207665723,0.007827902516170427
29100.0,1000.0,1950000000.0,8.125211147827999e-07,5.990745338992308e-07,4.937632401846061e-06,-0.000222112843336721,0.00019907441977869988,0.05742074034414904
29200.0,1000.0,1950000000.0,8.308509191998364e-07,5.869504559158244e-07,4.936933967047911e-06,0.0001703283571167005,-0.00013733717000953053,0.08535836146474826
29300.0,1000.0,1950000000.0,8.086482791728199e-07,6.091653766888121e-07,4.936653595005495e-06,-0.00041302944269338686,-0.0001575363185922976,0.08061516615218677
29400.0,1000.0,1950000000.0,8.117009196566251e-07,6.141750461307027e-07,4.936005209744522e-06,0.00027396874751797984,-0.0004051320478545,0.045105355801798586
29500.0,1000.0,1950000000.0,8.129210030460257e-07,6.164177752274363e-07,4.935146612391247e-06,0.00016331099139687291,8.855020193639793e-05,-0.007765173468062182
29600.0,1000.0,1950000000.0,8.068338819018113e-07,6.170821797282558e-07,4.934571377449136e-06,0.0001261864722579203,-0.0003263996332190408,-0.05776267019640666
29700.0,1000.0,1950000000.0,8.100350954427137e-07,6.160768514240543e-07,4.934486118920116e-06,0.00019102139760147148,0.0001460990946901394,-0.08570212272502294
29800.0,1000.0,1950000000.0,8.073952672007595e-07,6.218642791691208e-07,4.934468595749145e-06,-2.773722503725665e-06,0.0002503680912233744,-0.08107237805477222
29900.0,1000.0,1950000000.0,8.151647091252038e-07,6.213701089970701e-07,4.9356049202504675e-06,0.00023676881793990338,9.91395863105928e-05,-0.0455104097630554
30000.0,1000.0,1950000000.0,8.127275693453889e-07,6.11479671534229e-07,4.936330663274991e-06,4.820804271762625e-05,0.00023432208889274416,0.007149583238439444
30100.0,1000.0,1950000000.0,8.195054762890378e-07,6.130174108556498e-07,4.937107635834903e-06,-9.43742245360089e-05,-0.0003041387562301385,0.05727778738979306
30200.0,1000.0,1950000000.0,8.218199745607247e-07,6.152977438351497e-07,4.93711171803227e-06,3.840005269997856e-05,0.0002692360365291066,0.08551844137828603
30300.0,1000.0,1950000000.0,8.140304208897803e-07,6.301405763421959e-07,4.937540690231771e-06,-0.00017592596810679352,8.581145865901407e-05,0.08096084985757057
30400.0,1000.0,1950000000.0,8.119903148871662e-07,6.271759068472516e-07,4.93752131632623e-06,0.0005509847221395722,-0.0004451581646865266,0.04581308297334636
30500.0,1000.0,1950000000.0,8.150422003037369e-07,6.144367621923685e-07,4.936441980279414e-06,0.0001767172971236708,-0.0003942250739755615,-0.006877886651664822
30600.0,1000.0,1950000000.0,8.148464598510616e-07,6.15926366890983e-07,4.9350782661091674e-06,0.0003565992685707266,-8.76159238876351e-06,-0.0568026774583279
30700.0,1000.0,1950000000.0,8.131245576044553e-07,6.128082668024891e-07,4.934099554826648e-06,7.455441340494605e-05,-9.592167693823375e-06,-0.08497177550612836
30800.0,1000.0,1950000000.0,8.117488607095685e-07,6.172888642676711e-07,4.933701029003171e-06,0.0006685973333882064,3.107418947698388e-05,-0.08102570855804785
30900.0,1000.0,1950000000.0,8.127122272121486e-07,6.206113098831057e-07,4.934273202803136e-06,-3.9153717493702895e-05,5.97917141864227e-05,-0.04617304616764605
31000.0,1000.0,1950000000.0,8.197163582574191e-07,6.13734634392886e-07,4.93535399545039e-06,-4.7125820549624965e-05,2.1126013403711735e-05,0.006291002797328929
31100.0,1000.0,1950000000.0,8.230745191876618e-07,6.003396213309839e-07,4.936461841082325e-06,0.00022499696258405647,0.00015014819546947525,0.05649076301115064
31200.0,1000.0,1950000000.0,8.245085797051434e-07,6.003425272535272e-07,4.937387221247182e-06,-0.0002683456815386243,-0.0003080397508809487,0.08532426523561976
31300.0,1000.0,1950000000.0,8.177537491533604e-07,6.153506120133757e-07,4.937646830167192e-06,-6.713260557676836e-05,-0.00031782427110865687,0.08165029111937319
31400.0,1000.0,1950000000.0,8.215499017288008e-07,6.103439130383417e-07,4.937546357228055e-06,-4.457566868902399e-05,-1.4560532595221175e-05,0.04664691311530723
31500.0,1000.0,1950000000.0,8.170306681480506e-07,6.119350017836677e-07,4.936883348922728e-06,0.00039118341868571747,0.00010356383871733103,-0.005956047911425856
31600.0,1000.0,1950000000.0,8.342557004958034e-07,6.107463620164168e-07,4.936357688591346e-06,9.98998286044635e-05,0.00015303067561634064,-0.056513235083738234
31700.0,1000.0,1950000000.0,8.196242553244391e-07,6.252914436459477e-07,4.935751202093358e-06,-0.0002332648156865044,-2.083294361143383e-06,-0.08565997260696151
31800.0,1000.0,1950000000.0,8.285543152709803e-07,6.206208331251327e-07,4.935577821240891e-06,0.0002607063199150299,0.00015150202018880113,-0.08212693017403633
31900.0,1000.0,1950000000.0,8.184263190906224e-07,6.252028836498114e-07,4.936087524578063e-06,0.00031236676504042024,3.145508840144164e-05,-0.047539239000815955
32000.0,1000.0,1950000000.0,8.170988660101162e-07,6.23723692903015e-07,4.937473858203044e-06,0.0002623207604283217,0.00013676405394801947,0.0052181652897109205
32100.0,1000.0,1950000000.0,8.247119415357204e-07,6.202348535492077e-07,4.938458009005776e-06,-0.00019807161615025635,0.00025182690040833396,0.055977299723649045
32200.0,1000.0,1950000000.0,8.214997315596996e-07,6.127796364309082e-07,4.939277284624735e-06,0.0001298561311388865,-0.00016610542506983634,0.08575452067719411
32300.0,1000.0,1950000000.0,8.253390350734389e-07,6.160319571538899e-07,4.939542645056389e-06,-0.00024928352857328875,-0.00026417500763822177,0.0827221257560902
32400.0,1000.0,1950000000.0,8.244154152823787e-07,6.161609722861812e-07,4.939082310346478e-06,0.00038935216326218983,0.00044530276934315116,0.04827853638720217
32500.0,1000.0,1950000000.0,8.186714592764338e-07,6.188663519866235e-07,4.937388391792184e-06,0.0001063104216331471,-0.0001227335220728907,-0.0046267799775904644
32600.0,1000.0,1950000000.0,8.203133352763164e-07,6.225451453969189e-07,4.935515457524517e-06,0.00022093384203683623,9.335015746651763e-05,-0.05584793698867191
32700.0,1000.0,1950000000.0,8.178878902777186e-07,6.154913580517105e-07,4.9340357452338515e-06,-0.00027180015222617984,3.7195127662454393e-06,-0.08578068283067564
32800.0,1000.0,1950000000.0,8.186350489101026e-07,6.110049602945563e-07,4.933539435664452e-06,-0.00019022563988102534,-0.00015820732963993015,-0.08266691023259294
32900.0,1000.0,1950000000.0,8.15155715000608e-07,6.145566670864442e-07,4.933944496308053e-06,8.068220197612769e-05,-0.00028776957725288455,-0.04826503341107663
33000.0,1000.0,1950000000.0,8.167752849475123e-07,6.159797095423627e-07,4.934737812388892e-06,-2.597298664034774e-06,0.00015887560040819194,0.004609591113599948
33100.0,1000.0,1950000000.0,8.055826243506407e-07,6.285937847273973e-07,4.936171135469321e-06,4.440887955977915e-05,1.4965522940597163e-05,0.05571519466700974
33200.0,1000.0,1950000000.0,7.924631055628815e-07,6.358710553806773e-07,4.936984196120953e-06,0.00014709142616748896,-0.00032086463190749613,0.08533129170382153
33300.0,1000.0,1950000000.0,7.975012927331367e-07,6.256368646003982e-07,4.937585805595907e-06,-0.0004970303149156651,0.00017768666016561562,0.08248285948012121
33400.0,1000.0,1950000000.0,8.014490850154809e-07,6.283071316717412e-07,4.9372189698536775e-06,0.00018633641496017747,0.00018311258658166215,0.04837120978022533
33500.0,1000.0,1950000000.0,8.040957238951909e-07,6.32036821841583e-07,4.936523372633981e-06,0.0003516929603048776,-1.4629377964729759e-05,-0.004183836558542507
33600.0,1000.0,1950000000.0,7.878186776660907e-07,6.384097879728989e-07,4.935609644412267e-06,-0.0002846193125580541,-0.00019411169918320535,-0.05524142891554643
33700.0,1000.0,1950000000.0,8.072041232334452e-07,6.186018885317296e-07,4.934672925494919e-06,0.0002811494106477824,0.0002456040282640323,-0.08510705941452322
33800.0,1000.0,1950000000.0,8.020351244498308e-07,6.248314093204137e-07,4.934220683439428e-06,-0.0003880516843593514,4.8366479011414997e-05,-0.0827585016523146
33900.0,1000.0,1950000000.0,7.974825195133589e-07,6.338829223948905e-07,4.933892260639848e-06,0.00010926897807071006,0.00035500829463672385,-0.0487436555683915
34000.0,1000.0,1950000000.0,8.17215018361916e-07,6.265213560776311e-07,4.933938846996343e-06,0.00011281758312596025,-2.3177473685074155e-05,0.0036872164160072383
34100.0,1000.0,1950000000.0,8.229973297692185e-07,6.083805264415462e-07,4.934346796816021e-06,0.00029640846321045503,0.0002256424811061197,0.05479210231120977
34200.0,1000.0,1950000000.0,8.157378017282065e-07,6.169392592011293e-07,4.93537559834247e-06,-8.403751415820198e-05,6.516423552429525e-05,0.0851434778289591
34300.0,1000.0,1950000000.0,8.075841366453032e-07,6.185029440017451e-07,4.936310494200193e-06,-0.00010547223432386246,0.00015495946579340402,0.08318383593849911
34400.0,1000.0,1950000000.0,8.035990137031576e-07,6.234528148057639e-07,4.936561117078579e-06,0.00022465021453723,0.00011938489253287005,0.049609364724383154
34500.0,1000.0,1950000000.0,8.141562863004599e-07,6.083299204054949e-07,4.9357714732311235e-06,4.662547497914528e-05,-0.0007190483702323637,-0.0028005851551408034
34600.0,1000.0,1950000000.0,8.219660322672269e-07,6.043253619513679e-07,4.933969972787573e-06,0.0001814542953552599,-0.0002881751582214306,-0.05412622864293059
34700.0,1000.0,1950000000.0,8.115749993639646e-07,6.191587553469259e-07,4.932177133980355e-06,-5.981417742827364e-05,-6.344444550372711e-05,-0.08500565788063155
34800.0,1000.0,1950000000.0,8.153344973346094e-07,6.151778077399234e-07,4.931031087647591e-06,-9.833647329594188e-05,3.798320744687769e-05,-0.08347948903151846
34900.0,1000.0,1950000000.0,8.016461214741114e-07,6.389627018351689e-07,4.930917835275401e-06,0.0003693264698905567,-0.00021126130284216516,-0.05024678676501719
35000.0,1000.0,1950000000.0,8.021335483378053e-07,6.277554574248454e-07,4.931663902388995e-06,4.282479046993644e-06,6.299052450436372e-05,0.0018308684157142348
35100.0,1000.0,1950000000.0,8.00630035040388e-07,6.14646597710007e-07,4.9329425583690805e-06,-0.000277607058506288,9.58929041250557e-05,0.05349691981599409
35200.0,1000.0,1950000000.0,8.031505230915218e-07,6.18197677267601e-07,4.934168354348622e-06,-2.8748277894242994e-05,-0.0001054264397972823,0.08509826193408626
35300.0,1000.0,1950000000.0,8.034693375894864e-07,6.150410235926955e-07,4.9350881867419235e-06,-0.0002574003993652828,8.66256711129626e-05,0.08416248199088378
35400.0,1000.0,1950000000.0,7.941222617965178e-07,6.236998216089354e-07,4.935552747429097e-06,-0.00021423762777735873,0.0003546995616105304,0.050939313657642406
35500.0,1000.0,1950000000.0,8.003887360742072e-07,6.204685146894428e-07,4.9356559610659574e-06,0.00016935661726940595,0.0002123404140477393,-0.0016144344948294338
35600.0,1000.0,1950000000.0,8.064119481917029e-07,6.229648048029051e-07,4.934914553069958e-06,-1.0622254633972293e-05,8.972078964530435e-05,-0.05336114491307859
35700.0,1000.0,1950000000.0,8.102423392147496e-07,6.258749707714002e-07,4.934485256186748e-06,-0.00022378027135543205,-9.369389290130771e-05,-0.08499049964437294
35800.0,1000.0,1950000000.0,7.989638205739803e-07,6.223046686839151e-07,4.934795246781886e-06,-1.615489544179293e-05,0.0002592594451850744,-0.08415865859068683
35900.0,1000.0,1950000000.0,8.017547757863287e-07,6.25762419305977e-07,4.935396447471056e-06,-0.0002752782103359316,-0.0003734310448014083,-0.05140166953248969
36000.0,1000.0,1950000000.0,7.910432822818285e-07,6.336599744162537e-07,4.936187812592624e-06,-0.0002427469294230501,-0.0005931614458650585,0.001068809528847994
36100.0,1000.0,1950000000.0,8.001975694394615e-07,6.125739509883602e-07,4.937210119382192e-06,0.0003592193384510795,0.00033684534902887357,0.05327793342175404
36200.0,1000.0,1950000000.0,7.920875215099962e-07,6.203294749416556e-07,4.937522141749898e-06,0.0004008196485314787,0.0003526541780654809,0.08516807706756453
36300.0,1000.0,1950000000.0,8.050428648489254e-07,6.201673155187992e-07,4.9375573358120885e-06,0.00018498231162837223,-0.00047882097721786037,0.08451939363759292
36400.0,1000.0,1950000000.0,8.116630110438046e-07,6.237003151867181e-07,4.937699344299748e-06,4.1964638681297506e-05,-7.550750285607028e-05,0.051636443361111846
36500.0,1000.0,1950000000.0,8.146546408258131e-07,6.121048943634983e-07,4.93693705681044e-06,6.388550838119135e-05,-0.0004044481807382855,-0.0009134259214198302
36600.0,1000.0,1950000000.0,8.166877717865199e-07,6.170087321580381e-07,4.936180473588104e-06,5.232024268306887e-07,1.5808294321533194e-05,-0.053272147202993454
36700.0,1000.0,1950000000.0,8.136219024676842e-07,6.238800756782714e-07,4.9355223666180745e-06,-4.016989548863147e-05,0.0003790793921816028,-0.08531733301332668
36800.0,1000.0,1950000000.0,8.101476855431682e-07,6.262739402667553e-07,4.935500950969242e-06,-5.898767725920181e-05,-6.119660246231261e-05,-0.08488978021435385
36900.0,1000.0,1950000000.0,8.012734820690689e-07,6.303527010084437e-07,4.935570066567679e-06,-0.0005932033455755877,-0.0005214598835643535,-0.05238931830033064
37000.0,1000.0,1950000000.0,7.984735503775304e-07,6.345865866826378e-07,4.935632224908747e-06,0.00032678531907848017,-0.00015631416951899905,0.00026527598999112655
37100.0,1000.0,1950000000.0,7.928181190896597e-07,6.45579821563687e-07,4.935840563376691e-06,-6.450462257279534e-05,5.012840924146494e-05,0.05253176905185788
37200.0,1000.0,1950000000.0,8.020456503093596e-07,6.314418335241637e-07,4.93529882311599e-06,0.00016733780328178886,-7.078352835810078e-05,0.08499441434648718
37300.0,1000.0,1950000000.0,8.089570387218741e-07,6.258976728294728e-07,4.934857017008799e-06,1.1271145913802313e-05,0.00027721971743718766,0.08506973481047363
37400.0,1000.0,1950000000.0,8.109940970459076e-07,6.386130592539214e-07,4.934234608057426e-06,-0.00014136158238133188,0.0001944997722311109,0.05256210121941004
37500.0,1000.0,1950000000.0,8.090446897812416e-07,6.347213894104493e-07,4.933234657396477e-06,8.67924264074654e-05,6.556804869627968e-05,7.557875979050994e-05
37600.0,1000.0,1950000000.0,8.066367243878544e-07,6.382732963509882e-07,4.932539619823197e-06,0.00018886143346692134,-0.00010580305514511446,-0.0524930941372479
37700.0,1000.0,1950000000.0,8.063878338509915e-07,6.351856499801236e-07,4.932358561238369e-06,-6.833133694124835e-05,-0.0001260187981153692,-0.08518378135742743
37800.0,1000.0,1950000000.0,8.061743523822937e-07,6.34986096851264e-07,4.931951903885614e-06,0.00021249944100602141,0.0003372231611858154,-0.08517142607538036
37900.0,1000.0,1950000000.0,8.128651098000587e-07,6.361453290444439e-07,4.932396938337132e-06,0.0004277522997572189,-0.00046706689874831967,-0.05271485519038105
38000.0,1000.0,1950000000.0,8.054987770271327e-07,6.426332868979085e-07,4.933309467210754e-06,0.0003982471771028434,0.00045188177423782533,-0.00031917714004654535
38100.0,1000.0,1950000000.0,8.010580740047299e-07,6.491492672481164e-07,4.933720789083739e-06,0.0003554844386712057,8.497991878922378e-05,0.05215703833402134
38200.0,1000.0,1950000000.0,8.018236285753466e-07,6.44624620918058e-07,4.933920364565617e-06,0.00045754640216000547,0.00036545891871961485,0.08490414570450446
38300.0,1000.0,1950000000.0,8.109019137266152e-07,6.302419050076364e-07,4.93328378863212e-06,0.00032329865918397365,4.273406899109721e-05,0.08517424748163867
38400.0,1000.0,1950000000.0,7.99232773774323e-07,6.413692168485271e-07,4.932363909467173e-06,-4.629369202622454e-05,0.0004051479124691389,0.05307218057814139
38500.0,1000.0,1950000000.0,8.002069521192379e-07,6.452843460892034e-07,4.9311142931696295e-06,5.231702717173209e-06,-1.510994293286151e-06,0.0008478166330424849
38600.0,1000.0,1950000000.0,8.03479720349191e-07,6.473133115530774e-07,4.929498148327826e-06,-1.5128221476390296e-05,-0.00016858040944266856,-0.051842282542385966
38700.0,1000.0,1950000000.0,8.077101208966108e-07,6.383249877503465e-07,4.928203930720871e-06,-0.000589263784073836,0.00017541068330687097,-0.0848908510871548
38800.0,1000.0,1950000000.0,8.04929938416705e-07,6.435103348275877e-07,4.928288853112022e-06,0.0005808472538750406,-5.190656876231277e-05,-0.08535645232338615
38900.0,1000.0,1950000000.0,8.048688097870786e-07,6.537727370285956e-07,4.928822769330571e-06,-0.00023414494752442287,-0.00011568453874748636,-0.053721940972909235
39000.0,1000.0,1950000000.0,8.138589776621361e-07,6.313082024385016e-07,4.930261755327475e-06,-0.00035834059420573167,2.1354801326032834e-05,-0.0014980372408831101
39100.0,1000.0,1950000000.0,8.149464654320806e-07,6.421059025058847e-07,4.9318404510928046e-06,-0.000394131624353549,0.000573683554668497,0.05148665428018384
39200.0,1000.0,1950000000.0,8.112560258032627e-07,6.41824887216992e-07,4.9331807950486895e-06,-0.0005345848720298976,0.00018787072500903173,0.08467403732356237
39300.0,1000.0,1950000000.0,8.091289861207235e-07,6.526400259828968e-07,4.933699170336002e-06,-6.696639152390581e-05,0.0002599686715088278,0.08561296217497105
39400.0,1000.0,1950000000.0,8.072668415016992e-07,6.588245133630013e-07,4.934088867563766e-06,0.00024216630121776965,-9.502176010712812e-05,0.053671957113196354
39500.0,1000.0,1950000000.0,8.097419398830495e-07,6.567101024972042e-07,4.933051084989718e-06,6.88075694418991e-06,7.512437074619604e-05,0.0013080803188151885
39600.0,1000.0,1950000000.0,8.092605241167292e-07,6.526589014865897e-07,4.932028249083876e-06,-6.384058592800154e-05,-0.0001635057126889164,-0.05151027211169813
39700.0,1000.0,1950000000.0,8.069206114116681e-07,6.557717952330443e-07,4.930601855922345e-06,0.00017209581530466667,0.0002522838426409941,-0.0847705974705812
39800.0,1000.0,1950000000.0,8.044066202788925e-07,6.56021412670238e-07,4.930048457752531e-06,-4.816164644440792e-05,7.953635669111361e-05,-0.08593665982782207
39900.0,1000.0,1950000000.0,7.976883608092644e-07,6.566628428382862e-07,4.930153330218578e-06,0.000253591303001913,-0.00012933210637578255,-0.05393619509344729
40000.0,1000.0,1950000000.0,8.057892418192364e-07,6.54987440685044e-07,4.930882697870888e-06,-0.0002865769995528568,8.916974387676708e-05,-0.001681517095185224
40100.0,1000.0,1950000000.0,8.090220994904136e-07,6.6485627725042e-07,4.932520521095179e-06,0.000199238005141832,0.0003378955862372938,0.05126964040094531
40200.0,1000.0,1950000000.0,8.036946180976366e-07,6.649852576334087e-07,4.93396689244585e-06,0.00029937454488935714,1.0967832215240834e-05,0.08441525211945712
40300.0,1000.0,1950000000.0,8.070665735109312e-07,6.650087799714019e-07,4.935052385894438e-06,-0.00019406827036593273,-0.00023845604142871209,0.08552162631923589
40400.0,1000.0,1950000000.0,8.040034752768441e-07,6.57841777324766e-07,4.935130019548875e-06,-0.00016207647219907803,-0.00045058562611207813,0.05411127816924248
40500.0,1000.0,1950000000.0,8.022638475275817e-07,6.494405189374866e-07,4.934196795537726e-06,0.0006014372540073038,0.00033594550247590153,0.002462165344966245
40600.0,1000.0,1950000000.0,8.125744528803378e-07,6.366212348892037e-07,4.932761807361492e-06,-0.00041539113823048005,0.0004951198091784426,-0.050299365990862495
40700.0,1000.0,1950000000.0,8.070359762182794e-07,6.404900589469049e-07,4.931173160075032e-06,-8.416295582791912e-05,-0.0004759548539741017,-0.08361092557518558
40800.0,1000.0,1950000000.0,8.088230772111339e-07,6.462348461262266e-07,4.930630916364051e-06,-0.00034592252653495596,-0.000465400290355109,-0.08527888155289852
40900.0,1000.0,1950000000.0,8.186843854733428e-07,6.475731947182521e-07,4.930960785842797e-06,0.00030250615241371237,0.0004197479659318929,-0.054486282307176614
41000.0,1000.0,1950000000.0,8.173512117685448e-07,6.564420320528682e-07,4.932404154864268e-06,0.0003321505976799313,6.633668992704673e-06,-0.003064293957146899
41100.0,1000.0,1950000000.0,8.165812501226132e-07,6.540514638341392e-07,4.933883711477422e-06,-0.00013389144696749017,-0.0001957381169629575,0.04929639682860498
41200.0,1000.0,1950000000.0,8.15581862790194e-07,6.485277916107439e-07,4.935187326445981e-06,0.00012609898184481682,-6.175083488423658e-05,0.08305095455951532
41300.0,1000.0,1950000000.0,8.054721190692945e-07,6.499653837591931e-07,4.935888549211324e-06,0.0004628561666956497,0.0001667659647606209,0.085551274486312
41400.0,1000.0,1950000000.0,8.180478815204637e-07,6.376227908381124e-07,4.935344802433929e-06,-0.000127830499587617,0.00025619420733762597,0.055260232603976805
41500.0,1000.0,1950000000.0,8.114184200750322e-07,6.444747851785658e-07,4.93412856269276e-06,-0.0003368451013337947,0.00032974600821986864,0.0039047674905961062
41600.0,1000.0,1950000000.0,8.12507923091717e-07,6.469227679623454e-07,4.932750297961135e-06,-0.00019791011640017694,0.00023906314735217527,-0.0486933306945779
41700.0,1000.0,1950000000.0,8.249618103428833e-07,6.423000529657508e-07,4.931426040296011e-06,-0.00020787854001662378,-0.0003048795731114217,-0.08293484725886875
41800.0,1000.0,1950000000.0,8.142847499332063e-07,6.539001334609369e-07,4.931094649982843e-06,0.00011708102673560132,0.0006571390301218318,-0.08586451090995206
41900.0,1000.0,1950000000.0,8.198961188935176e-07,6.427820061151205e-07,4.931363871015658e-06,0.00011394923718005052,0.00032475828082186774,-0.05591979981734718
42000.0,1000.0,1950000000.0,8.263321612071319e-07,6.448300020521164e-07,4.932549516515681e-06,0.00014818630119740178,7.710108588417299e-05,-0.004556143098328048
42100.0,1000.0,1950000000.0,8.34157875536219e-07,6.425613359414641e-07,4.9339652104380985e-06,0.00043991118839161196,-0.00027582191337883626,0.04835915751004164
42200.0,1000.0,1950000000.0,8.346471411110002e-07,6.425821908610545e-07,4.93494304236006e-06,-0.00028008821323404046,0.00018276495678074434,0.08265803124832465
42300.0,1000.0,1950000000.0,8.386082948359182e-07,6.513612936789619e-07,4.9354239124896805e-06,-0.0004884228992432035,0.00023479541055524084,0.08532925544592843
42400.0,1000.0,1950000000.0,8.34041659101973e-07,6.546488650622387e-07,4.935308997185052e-06,0.00022564919948404663,0.0002015716475500703,0.055555931811644234
42500.0,1000.0,1950000000.0,8.391834953949667e-07,6.390981938516968e-07,4.934580600788004e-06,-3.076464159378029e-05,2.120880653482391e-05,0.004613223648304221
42600.0,1000.0,1950000000.0,8.395344082833724e-07,6.445990938857853e-07,4.933786484331437e-06,-0.00034507510638609446,-0.0002287570820313453,-0.0480673674056057
42700.0,1000.0,1950000000.0,8.459377273763025e-07,6.438773486405025e-07,4.932861655586248e-06,0.00017672083040578483,0.00022442325975398212,-0.08253421649941975
42800.0,1000.0,1950000000.0,8.474662559045013e-07,6.522199839934626e-07,4.932219487056801e-06,-0.00042742415407822943,0.00010454998491483806,-0.08569294831561669
42900.0,1000.0,1950000000.0,8.446930008186683e-07,6.418121261288589e-07,4.932324549487487e-06,0.00029973525577410917,-0.0001358856037447563,-0.05615911580412067
43000.0,1000.0,1950000000.0,8.468633391994027e-07,6.347451729121523e-07,4.932605120756806e-06,-0.00036858527987624425,-0.00027081266151299645,-0.0051980474143729265
43100.0,1000.0,1950000000.0,8.455515172640046e-07,6.380800557656302e-07,4.934006285974499e-06,-0.0002236329879818308,0.00024411701229740953,0.0479154399715189
43200.0,1000.0,1950000000.0,8.435677981425422e-07,6.547092027271464e-07,4.934802413475564e-06,0.00017984432022275025,0.000167470948364736,0.08272164865597756
43300.0,1000.0,1950000000.0,8.443610938119152e-07,6.392191290920046e-07,4.935123705251918e-06,-0.0004999064137545968,-0.00019424112116237308,0.0858285522823719
43400.0,1000.0,1950000000.0,8.424230123247186e-07,6.486830702367795e-07,4.934908232418404e-06,-0.00031893827467954707,0.00013061936120643426,0.05631973841199826
43500.0,1000.0,1950000000.0,8.408868686583374e-07,6.420688800514812e-07,4.9340078437978935e-06,-0.00014712328197593244,0.00021012990399194942,0.0054310401529871636
43600.0,1000.0,1950000000.0,8.46988771923152e-07,6.246680696668855e-07,4.9331150524611216e-06,0.00027925620835233395,-0.0003160897324251995,-0.04743573390612531
43700.0,1000.0,1950000000.0,8.410040643348636e-07,6.393149680845304e-07,4.931420625961454e-06,0.0002646808885098047,-0.0004416978112589327,-0.08201310112632924
43800.0,1000.0,1950000000.0,8.502818741338965e-07,6.402992268382143e-07,4.9309305225736845e-06,-0.00017261753589862912,0.0002515910125769997,-0.08562928880560414
43900.0,1000.0,1950000000.0,8.409788491708614e-07,6.453664226039341e-07,4.930834224744883e-06,0.00023538474050569877,-1.6549146573809215e-05,-0.05670471459178939
44000.0,1000.0,1950000000.0,8.444504092394356e-07,6.323807963869447e-07,4.931223490455157e-06,0.00010734416063789067,0.00028678017306228514,-0.006012348092917095
44100.0,1000.0,1950000000.0,8.494188748656194e-07,6.374170012861201e-07,4.932053961535676e-06,0.00010710219447003364,-0.00041573879184235164,0.04667977072280314
44200.0,1000.0,1950000000.0,8.472923495535606e-07,6.375455952313273e-07,4.9326710143537806e-06,-0.000559532008233705,-0.000341167313795866,0.08161718029002665
44300.0,1000.0,1950000000.0,8.465688772739625e-07,6.383415887217151e-07,4.933889452486628e-06,-0.0002922377912740992,7.973602181185814e-06,0.08574969838496899
44400.0,1000.0,1950000000.0,8.43545106126542e-07,6.431486097692359e-07,4.934840828182711e-06,-8.88056084915376e-05,-0.00022721875604484368,0.05720161528851259
44500.0,1000.0,1950000000.0,8.479541409410668e-07,6.498148545290463e-07,4.935558289042647e-06,0.0001801973242362218,-0.00014063332924190027,0.006573641286074876
44600.0,1000.0,1950000000.0,8.449822986636923e-07,6.457430360031599e-07,4.93548209698286e-06,-3.260389952272911e-05,0.00037811116278195446,-0.0465078116372032
44700.0,1000.0,1950000000.0,8.503933853929101e-07,6.468429571707731e-07,4.9348196145140355e-06,0.00027493820285609885,-0.00010389904221275001,-0.08198041012529468
44800.0,1000.0,1950000000.0,8.48373677533079e-07,6.50339856355942e-07,4.934265376437777e-06,0.00034332188108123217,-0.0003111755615674628,-0.08636006677753508
44900.0,1000.0,1950000000.0,8.557402380203349e-07,6.60424553337216e-07,4.934075829495844e-06,-8.13363815000162e-05,0.00011637130254613996,-0.05811044402687218
45000.0,1000.0,1950000000.0,8.543913295540011e-07,6.506306315958433e-07,4.934116708480388e-06,-0.0001683758187857472,-0.00017680217559595677,-0.007727052948263719
45100.0,1000.0,1950000000.0,8.533092693624205e-07,6.53108758340605e-07,4.934503276567528e-06,-0.00021350447456097216,0.00021902669323672382,0.04575397156170651
45200.0,1000.0,1950000000.0,8.504210518341516e-07,6.660264865727348e-07,4.935213368740636e-06,-0.0004087944626440571,0.00017059937428178586,0.08164166758383144
45300.0,1000.0,1950000000.0,8.575248526260186e-07,6.586526783191052e-07,4.935416135800883e-06,0.00013800318592092697,-0.00017219566928702824,0.08633357820857919
45400.0,1000.0,1950000000.0,8.508259448464325e-07,6.644899972391879e-07,4.935691005982202e-06,-0.0006352935219867151,0.0007049201032506174,0.05797511428645989
45500.0,1000.0,1950000000.0,8.538457570324884e-07,6.650328730665058e-07,4.935748594723327e-06,-0.00015379934407450222,-0.00037025128362961257,0.007683211728729571
45600.0,1000.0,1950000000.0,8.66725567544644e-07,6.419498316593649e-07,4.935863533350813e-06,-0.0005494357869983364,-0.00022599389072578118,-0.04551757767041582
45700.0,1000.0,1950000000.0,8.686902164976857e-07,6.572545882240088e-07,4.936035856918751e-06,-0.00014575620516100288,9.992434025206514e-06,-0.08144515470078835
45800.0,1000.0,1950000000.0,8.676539638172382e-07,6.533976865340027e-07,4.936397495921307e-06,0.0002551624147401543,-0.00014577775940390847,-0.08651394869925243
45900.0,1000.0,1950000000.0,8.663952192572379e-07,6.574840028234041e-07,4.936666931489773e-06,-0.0002854578555594191,2.593788052328962e-06,-0.05863378988827835
46000.0,1000.0,1950000000.0,8.666744736423381e-07,6.486301388572757e-07,4.937376114412461e-06,0.00038652468160226537,-9.065830571765673e-05,-0.00833778198656951
46100.0,1000.0,1950000000.0,8.676984807781489e-07,6.532444362019277e-07,4.937669926685473e-06,0.0001909619083540101,-8.697504684704065e-05,0.045315392566508496
46200.0,1000.0,1950000000.0,8.549044413711384e-07,6.660333963272634e-07,4.9383148233467e-06,-0.0002986944801557434,6.636329418316366e-05,0.08147982612728394
46300.0,1000.0,1950000000.0,8.536897696888952e-07,6.578610555019913e-07,4.93863845243867e-06,0.0005200342909770601,9.424455977249383e-06,0.08672644394270317
46400.0,1000.0,1950000000.0,8.71433802718451e-07,6.364369355829137e-07,4.939074867263595e-06,-0.0003187235080101452,-0.00042654099266934315,0.05894366131238569
46500.0,1000.0,1950000000.0,8.665363183889424e-07,6.504983567256194e-07,4.939268474423931e-06,0.00018328319195931448,0.00024231462113411784,0.009047073596158105
46600.0,1000.0,1950000000.0,8.65189994831112e-07,6.482938894863249e-07,4.938889111839152e-06,4.700250306508655e-05,-5.752622022553496e-05,-0.044514591577359854
46700.0,1000.0,1950000000.0,8.724430181872155e-07,6.469834530762765e-07,4.9382996828771315e-06,-0.00014917388738200032,0.0004426846495544078,-0.0811196529207166
46800.0,1000.0,1950000000.0,8.720646968730331e-07,6.526774838638518e-07,4.9376264359842195e-06,0.00033789085893880385,0.00036954028643428505,-0.08698906264541059
46900.0,1000.0,1950000000.0,8.75091600725008e-07,6.569302709624397e-07,4.937176005441899e-06,0.0002659496321751902,-0.00024083014446334632,-0.05999080497606928
47000.0,1000.0,1950000000.0,8.695020898684918e-07,6.59742413310822e-07,4.9373222461547366e-06,6.40245486732873e-05,5.2431897371253775e-05,-0.009980282419555148
47100.0,1000.0,1950000000.0,8.760225407780738e-07,6.474833822885634e-07,4.93742927948842e-06,-0.00016026569466862504,-0.0006194605941777182,0.04394677649466602
47200.0,1000.0,1950000000.0,8.776244931141508e-07,6.406426252761584e-07,4.937576025859477e-06,-0.00011191359101308949,9.420345557329338e-06,0.08114920419208438
47300.0,1000.0,1950000000.0,8.718912907277545e-07,6.501203296420991e-07,4.937980178812894e-06,4.345058832854613e-05,-0.0001955770657240651,0.08766726647629197
47400.0,1000.0,1950000000.0,8.730869463165861e-07,6.58999558048845e-07,4.938061540480578e-06,-0.00011748865458877758,0.0001445357907575046,0.060409817129137955
47500.0,1000.0,1950000000.0,8.796742578520128e-07,6.577755583316301e-07,4.9381955192526775e-06,6.76370774215515e-05,0.00015126167188078,0.010141492204710435
47600.0,1000.0,1950000000.0,8.676530731873735e-07,6.578382033634097e-07,4.937981599961421e-06,7.262205237988215e-05,5.542459721662997e-05,-0.04401420440830709
47700.0,1000.0,1950000000.0,8.663817270255198e-07,6.570530692368676e-07,4.937254766339547e-06,-6.3898436450819e-05,0.00022067916862031654,-0.08119934683761731
47800.0,1000.0,1950000000.0,8.680343598026273e-07,6.515278868818387e-07,4.937089770798625e-06,-2.685887757244687e-05,-6.742534318565788e-05,-0.0875309643491121
47900.0,1000.0,1950000000.0,8.737648404664194e-07,6.465627448200769e-07,4.936459435822415e-06,-0.00010693844674045938,5.6315760504186825e-05,-0.06051475962933007
48000.0,1000.0,1950000000.0,8.774251007565089e-07,6.471313395493331e-07,4.936606538638168e-06,-4.947932323633383e-06,0.0003761110696780827,-0.010426593497607441
48100.0,1000.0,1950000000.0,8.71544066257549e-07,6.355409001750572e-07,4.93658803807327e-06,0.000112570523205701,1.272489529954389e-05,0.043769563333622835
48200.0,1000.0,1950000000.0,8.586380251306949e-07,6.547757841250707e-07,4.9374737350797175e-06,-0.0002097903613499906,0.00012649148738380658,0.08146887263612969
48300.0,1000.0,1950000000.0,8.564540463450623e-07,6.558859834842826e-07,4.937976814477871e-06,0.0004204682574460873,-0.0003631456296940367,0.08803030721127404
48400.0,1000.0,1950000000.0,8.689419749964119e-07,6.474706999207373e-07,4.938702117799613e-06,-3.159011934199924e-05,-0.0006033567552422398,0.06080598542276792
48500.0,1000.0,1950000000.0,8.58955907062753e-07,6.571427237036581e-07,4.939375297838295e-06,-3.723714200977645e-05,-2.6626458321552855e-05,0.010602904877484646
48600.0,1000.0,1950000000.0,8.65648486660771e-07,6.438874404145117e-07,4.939284948664805e-06,-0.00020494473768732386,5.653668160285475e-05,-0.043546791658806365
48700.0,1000.0,1950000000.0,8.610292813261885e-07,6.482336317844979e-07,4.939110097584684e-06,0.00011967309273403424,-0.0005005759514810414,-0.08095025514431635
48800.0,1000.0,1950000000.0,8.505408393163683e-07,6.571634219145501e-07,4.939156884499786e-06,4.893810456749523e-05,8.462237902214138e-05,-0.08776913185597283
48900.0,1000.0,1950000000.0,8.61925392252343e-07,6.4273591677465e-07,4.938671053274205e-06,0.00033081681531090933,-0.00026947523801441414,-0.060978083504177175
49000.0,1000.0,1950000000.0,8.719386135396895e-07,6.472461529515516e-07,4.938247070461412e-06,-0.0002286635039207229,0.00017073490242590966,-0.011087132398814975
49100.0,1000.0,1950000000.0,8.690087053847781e-07,6.401034272774265e-07,4.9377346288120895e-06,-0.0001340944384192918,0.0002919535878795165,0.043115674783818725
49200.0,1000.0,1950000000.0,8.64068201844049e-07,6.483223857355187e-07,4.937368028031055e-06,-0.00016526402335668996,0.0004287986318285473,0.0808077917205085
49300.0,1000.0,1950000000.0,8.554187758537864e-07,6.500369755761866e-07,4.936916873370407e-06,0.00021035935659763399,-0.0002986114356149171,0.08770164946827788
49400.0,1000.0,1950000000.0,8.632474163420582e-07,6.390738987634868e-07,4.937401372224893e-06,0.00013522034390336547,0.0004072490712388782,0.06138394297740145
49500.0,1000.0,1950000000.0,8.460271176474007e-07,6.556385906415287e-07,4.93783224123531e-06,0.00026326024672696245,-0.0003479331095376029,0.011769466074848745
49600.0,1000.0,1950000000.0,8.504386724487108e-07,6.57168142362592e-07,4.9379354549891505e-06,-0.00020414051515963336,-0.00019623892278597364,-0.04259484170629761
49700.0,1000.0,1950000000.0,8.388515976936339e-07,6.705714621261005e-07,4.937758991595093e-06,0.00029338538504772283,0.0004112860175892629,-0.08072633725485341
49800.0,1000.0,1950000000.0,8.437984457224515e-07,6.715092754492525e-07,4.937312746742782e-06,0.00011122119344742748,-0.00043869266981806383,-0.08846922057136074
49900.0,1000.0,1950000000.0,8.493805654547545e-07,6.665015936430881e-07,4.93692402280395e-06,0.00016518147666249314,0.00028947911273849615,-0.06243541663719372
50000.0,1000.0,1950000000.0,8.4707564298779e-07,6.617950865055376e-07,4.936400907320141e-06,-0.00024238282099862488,-0.00017267811823282298,-0.012570477598086958
50100.0,1000.0,1950000000.0,8.571302772740224e-07,6.594438213013459e-07,4.9365099489253794e-06,0.00010921623353204778,-0.0002419828912359008,0.04220521382876676
50200.0,1000.0,1950000000.0,8.519361002852873e-07,6.633334906153771e-07,4.936729646768783e-06,-0.00035754913436286234,0.0004234694871036131,0.08074063860974263
50300.0,1000.0,1950000000.0,8.581164769723365e-07,6.647038783749992e-07,4.937894068450924e-06,4.209934280009334e-05,0.00013417784873578462,0.08853915555993601
50400.0,1000.0,1950000000.0,8.537967619902806e-07,6.676112949398372e-07,4.938258951853322e-06,0.0002686646021004045,0.00017409604491879099,0.06269164147140512
50500.0,1000.0,1950000000.0,8.571794528211324e-07,6.648920565489819e-07,4.9379595700500474e-06,0.0003946758068939773,0.0005049347599061636,0.01290142335124579
50600.0,1000.0,1950000000.0,8.635997291485021e-07,6.522823018421369e-07,4.937418397792975e-06,0.0005488119174903114,-7.256349866838233e-05,-0.04180364315888709
50700.0,1000.0,1950000000.0,8.607251062320662e-07,6.580347018868026e-07,4.936706092220567e-06,0.0002848395232845315,0.0002967414040220603,-0.08034000629974185
50800.0,1000.0,1950000000.0,8.618969973249345e-07,6.544870814101141e-07,4.9366690299711325e-06,0.0002814187453343847,0.00015179284555824868,-0.08841288897355998
50900.0,1000.0,1950000000.0,8.59232810151171e-07,6.532022810337686e-07,4.936765455189082e-06,5.9531953585295826e-05,4.808076453463785e-05,-0.06282309283520128
51000.0,1000.0,1950000000.0,8.655092072520528e-07,6.518503337119292e-07,4.936690616426609e-06,-0.00017942132819142724,-0.00035477473309275304,-0.01336456090572894
51100.0,1000.0,1950000000.0,8.652059546139464e-07,6.510853965077956e-07,4.9367669387923706e-06,-0.00014553150450057357,0.00014506720664126923,0.04114358226292948
51200.0,1000.0,1950000000.0,8.637718822677565e-07,6.529523099708974e-07,4.937350751797982e-06,-0.0001930006641183094,6.759727421989112e-05,0.07998639975932333
51300.0,1000.0,1950000000.0,8.520417793790144e-07,6.642567970271182e-07,4.936896365637089e-06,0.00035623156984295124,0.00015292830908769252,0.08850712863504823
51400.0,1000.0,1950000000.0,8.616977115159119e-07,6.67983165995058e-07,4.936537460726187e-06,0.00014214381899662089,0.00039963905838851817,0.06298294603748464
51500.0,1000.0,1950000000.0,8.598128793694721e-07,6.743005996187819e-07,4.935859430225145e-06,-0.00042697017368461865,-0.0003486025039368973,0.013311362905428652
51600.0,1000.0,1950000000.0,8.653284394883126e-07,6.592294834134763e-07,4.9347326456897975e-06,9.259180900063404e-05,-0.00045180687431247557,-0.04121451968380647
51700.0,1000.0,1950000000.0,8.550088943908314e-07,6.677238487133979e-07,4.933607007565462e-06,-0.0006015626343120764,0.00033600703297693415,-0.07990977860363314
51800.0,1000.0,1950000000.0,8.53203775804864e-07,6.804913730174048e-07,4.933545852571185e-06,0.0001605701092389622,3.246941731356475e-05,-0.0885484843886839
51900.0,1000.0,1950000000.0,8.584193221058332e-07,6.700621938820407e-07,4.93391324156466e-06,1.8417889977506455e-05,-4.36061371874709e-06,-0.06351874533151554
52000.0,1000.0,1950000000.0,8.603992701501328e-07,6.657766621626672e-07,4.934333330823079e-06,-0.0003709857045085837,0.00020155046536698965,-0.01424392847333995
52100.0,1000.0,1950000000.0,8.66043234770228e-07,6.542975659502473e-07,4.934370828612612e-06,-0.0005372760711640258,-8.999809728404556e-06,0.04062795544584103
52200.0,1000.0,1950000000.0,8.542178857342269e-07,6.525363762243873e-07,4.933965866079898e-06,0.00019841681691940902,-2.117521883027846e-05,0.08018746875287687
52300.0,1000.0,1950000000.0,8.504391778206544e-07,6.540871211004562e-07,4.933273198986984e-06,-0.00026678502024925205,0.0001965366090080101,0.08924593150759223
52400.0,1000.0,1950000000.0,8.513460262611669e-07,6.605464828362155e-07,4.9327267415745566e-06,-0.0002838243791661103,-0.00043098114907420636,0.06417200718413395
52500.0,1000.0,1950000000.0,8.486718241927608e-07,6.697430901786473e-07,4.932586937738556e-06,-0.0002060335213744758,-0.0002575803936473306,0.014656734467106124
52600.0,1000.0,1950000000.0,8.499763905484902e-07,6.658086903743891e-07,4.932593657126745e-06,-0.0002620965148518786,-2.2063986473180688e-05,-0.040538813986371415
52700.0,1000.0,1950000000.0,8.455253968941145e-07,6.723448297061861e-07,4.932310596925154e-06,-2.0622824556418705e-05,-0.00022632094873416655,-0.08026230966370394
52800.0,1000.0,1950000000.0,8.560195415253599e-07,6.664430883427055e-07,4.9320765252152896e-06,8.844459904566246e-05,-0.00026900633648755697,-0.08950146473717878
52900.0,1000.0,1950000000.0,8.423114558391822e-07,6.936395588693579e-07,4.932283206249825e-06,-0.00018881096718960282,7.774335728517107e-05,-0.06514071900811308
53000.0,1000.0,1950000000.0,8.469773834959277e-07,6.944913147789294e-07,4.933008405429847e-06,-1.986884391577756e-05,7.079015641295157e-05,-0.01589283917258562
53100.0,1000.0,1950000000.0,8.607019077087501e-07,6.68202715991579e-07,4.93289939142796e-06,-0.00013545225128147777,1.5650609862671967e-05,0.03943488098805885
53200.0,1000.0,1950000000.0,8.637196156549873e-07,6.616560155680296e-07,4.932981873214223e-06,-9.899679438701886e-06,4.485894077515779e-05,0.07992927940318093
53300.0,1000.0,1950000000.0,8.688771017763388e-07,6.517903019186406e-07,4.933485748027401e-06,-0.00010388298027221894,-0.00022814520292836066,0.09019370990042873
53400.0,1000.0,1950000000.0,8.498183395586722e-07,6.65796840794993e-07,4.9334847924009305e-06,0.0002950391631554713,-0.0003679870020077643,0.06609832574160832
53500.0,1000.0,1950000000.0,8.540266189513352e-07,6.641821749668026e-07,4.933123156158327e-06,-9.872077910024462e-05,0.00047824318573979626,0.016783036264298952
53600.0,1000.0,1950000000.0,8.510620032416511e-07,6.666435537732345e-07,4.932716648694325e-06,0.00020047380568451818,-9.776427330228736e-05,-0.03878085684054207
53700.0,1000.0,1950000000.0,8.52632784346351e-07,6.637515044026612e-07,4.931837472665771e-06,0.0001771087817687339,-0.00027574352677060495,-0.07958415384035862
53800.0,1000.0,1950000000.0,8.546669325868189e-07,6.632565513620173e-07,4.931380664721701e-06,0.0004106603870285567,-0.00010673648507566253,-0.08989793165063217
53900.0,1000.0,1950000000.0,8.45701786913251e-07,6.728329249991839e-07,4.931655892468485e-06,-7.694117812395701e-05,0.00018198474667457872,-0.06607376677558563
54000.0,1000.0,1950000000.0,8.534115883615269e-07,6.69498919301562e-07,4.9318957721779265e-06,0.0002651657148507877,-0.00023034050686452788,-0.017146114385502294
54100.0,1000.0,1950000000.0,8.612056678161822e-07,6.673674739829705e-07,4.932265658153586e-06,-0.0004491688057927589,0.00021478588288544612,0.03814935341486778
54200.0,1000.0,1950000000.0,8.640895752975417e-07,6.700220145913128e-07,4.932265578530299e-06,0.00013104178068679514,7.628380936370429e-05,0.07895182382522736
54300.0,1000.0,1950000000.0,8.632854599490657e-07,6.554644237295532e-07,4.932615086190368e-06,0.00017989583626875307,-2.8766272896410637e-06,0.09017190855303411
54400.0,1000.0,1950000000.0,8.582951653334499e-07,6.537608876425139e-07,4.933191803234659e-06,-0.00025843317085893244,0.0002667344951516553,0.06709521157140022
54500.0,1000.0,1950000000.0,8.519518936466888e-07,6.632691087541875e-07,4.933675593263556e-06,5.01101067756595e-05,8.315312633862626e-05,0.018281119760053012
54600.0,1000.0,1950000000.0,8.480804964260835e-07,6.74393912293685e-07,4.933983378227385e-06,0.00026413470742348634,4.5677852608497574e-05,-0.03763470032851406
54700.0,1000.0,1950000000.0,8.619152170567406e-07,6.57335778950297e-07,4.933414112824912e-06,0.00014199174930017378,-0.00010276832549243477,-0.07908592856572225
54800.0,1000.0,1950000000.0,8.619817575818961e-07,6.499471652151772e-07,4.932713064075753e-06,0.0002461798501900283,0.00015262388227539064,-0.09030367648359729
54900.0,1000.0,1950000000.0,8.556681827505293e-07,6.585392630168979e-07,4.931841096187747e-06,0.00017205639344062686,7.346028815788315e-05,-0.06704019249820387
55000.0,1000.0,1950000000.0,8.574474815648306e-07,6.567695357336586e-07,4.9319365243259324e-06,0.0005925512474203045,-0.00021086788931328555,-0.01822750965540218
55100.0,1000.0,1950000000.0,8.548127456340635e-07,6.496580686845587e-07,4.931843758260563e-06,0.00018494963760118686,3.583237611911291e-05,0.037512857109438684
55200.0,1000.0,1950000000.0,8.706476027670414e-07,6.41869144705854e-07,4.932898114761554e-06,-0.00024235342194982762,-2.6497449569633776e-05,0.07888495799677002
55300.0,1000.0,1950000000.0,8.721787578311904e-07,6.333812409802251e-07,4.93458731389097e-06,-4.501778414990526e-05,0.0003921841888437567,0.09056036953178395
55400.0,1000.0,1950000000.0,8.66005326190586e-07,6.339626300152811e-07,4.936662129540143e-06,-0.00033516028671064756,0.00022916577637561932,0.06779166633552508
55500.0,1000.0,1950000000.0,8.588751109710434e-07,6.467449400094501e-07,4.9381056809947915e-06,-9.348844399509699e-05,-0.00016125396178679082,0.01938759726369465
55600.0,1000.0,1950000000.0,8.605856105513074e-07,6.519395681719625e-07,4.938726350526577e-06,0.0003229921281717568,-2.2549780078774726e-05,-0.036738102880860095
55700.0,1000.0,1950000000.0,8.681138761227344e-07,6.355553793223629e-07,4.938059695506378e-06,-0.000251041426608845,-0.0004024855328865587,-0.07888230890384985
55800.0,1000.0,1950000000.0,8.809087725558994e-07,6.253274171297861e-07,4.936983996947235e-06,0.00011903182136135585,-0.00027101064779648054,-0.09072000593662097
55900.0,1000.0,1950000000.0,8.806550790895858e-07,6.240681274302028e-07,4.935856720498627e-06,-0.00010830170194611638,7.134476976171033e-05,-0.06809972273927076
56000.0,1000.0,1950000000.0,8.780014926700557e-07,6.256952042246222e-07,4.9352714499628775e-06,0.00014081564355209952,3.1107684721737594e-05,-0.019512344482586996
56100.0,1000.0,1950000000.0,8.669744201377038e-07,6.557304805414481e-07,4.935481491831632e-06,-0.00013648036484015068,0.00018587176560282788,0.036189091546861715
56200.0,1000.0,1950000000.0,8.685615812965684e-07,6.466085160238506e-07,4.935670978193353e-06,0.0001957817475382794,0.0002309551009655277,0.07805543782285711
56300.0,1000.0,1950000000.0,8.717215559265491e-07,6.489301933582943e-07,4.9355867559614545e-06,-0.0001791535434981346,0.00017230135853164565,0.09005958445563161
56400.0,1000.0,1950000000.0,8.697422270997385e-07,6.443549844778624e-07,4.935589435602227e-06,0.00046627948737468873,-3.498711772915345e-05,0.06793602057707285
56500.0,1000.0,1950000000.0,8.696724636104026e-07,6.465600055288271e-07,4.934553367672649e-06,0.00013720176299485717,-0.0005018818046449995,0.01993523097051187
56600.0,1000.0,1950000000.0,8.609193076739832e-07,6.531135561168252e-07,4.9334527462240484e-06,9.149063065079906e-05,2.192260050311459e-05,-0.03559194827278379
56700.0,1000.0,1950000000.0,8.571238961230023e-07,6.582229437898887e-07,4.9323629729296055e-06,0.00023962748458103243,-1.7209287118092523e-05,-0.07757480109034655
56800.0,1000.0,1950000000.0,8.575190593420825e-07,6.640758121102197e-07,4.932082876005351e-06,0.00039794585263001057,-0.0005057448523875569,-0.09019217906895786
56900.0,1000.0,1950000000.0,8.659440163482712e-07,6.406127267030594e-07,4.933108223602088e-06,0.00015813966040420133,-0.00025754963715227895,-0.06834665321174978
57000.0,1000.0,1950000000.0,8.658140227629954e-07,6.492543691788254e-07,4.935366343039556e-06,0.0003197985693993405,-0.0002976274770027693,-0.020505323248663592
57100.0,1000.0,1950000000.0,8.591147364018088e-07,6.517682516978087e-07,4.9374617041549805e-06,3.710291336803103e-05,-1.251681072175608e-05,0.035291441315558815
57200.0,1000.0,1950000000.0,8.67847619052524e-07,6.464030402732763e-07,4.939466421810405e-06,-9.914842408102966e-05,-0.00021552173429650618,0.07769899588439681
57300.0,1000.0,1950000000.0,8.537990310508272e-07,6.437284073287724e-07,4.939992846567025e-06,-0.0007045384200523142,-0.0002452122397789719,0.09053064976680135
57400.0,1000.0,1950000000.0,8.663989875038129e-07,6.378026725928584e-07,4.939541339128974e-06,-0.00013506455361353705,8.641003128282317e-05,0.06894370671897435
57500.0,1000.0,1950000000.0,8.622398034310014e-07,6.488523224469339e-07,4.937890143118675e-06,0.0004282513730864376,0.00022920238034707254,0.021078406350083376
57600.0,1000.0,1950000000.0,8.69555642594415e-07,6.400557601934256e-07,4.936408860614792e-06,-0.00013444374900515322,-0.0001671575588845455,-0.034983077024231174
57700.0,1000.0,1950000000.0,8.767687788064316e-07,6.411051117145216e-07,4.934260586936221e-06,-0.00019882867380712407,-0.00020393888297629847,-0.07767304610634945
57800.0,1000.0,1950000000.0,8.655250625374986e-07,6.492200510108927e-07,4.933633869630313e-06,-2.652167119996915e-05,0.00037698560712141053,-0.09084224719898809
57900.0,1000.0,1950000000.0,8.679479207976315e-07,6.444431711522181e-07,4.93401355874906e-06,0.0001748066591971364,-1.0211313287633806e-05,-0.06942477274709191
58000.0,1000.0,1950000000.0,8.610904676993957e-07,6.561296637609945e-07,4.935540029262048e-06,0.0003465780327782166,0.0003581641090311576,-0.021774124796872255
58100.0,1000.0,1950000000.0,8.662993812444963e-07,6.510283319013553e-07,4.9377706405815285e-06,0.0001844159818489778,0.00018288566435417203,0.034297124302533843
58200.0,1000.0,1950000000.0,8.717057611451246e-07,6.451808162577124e-07,4.939274386849472e-06,-3.067267935716143e-05,0.00015214411859519104,0.07734658091368443
58300.0,1000.0,1950000000.0,8.616400153096017e-07,6.665327873056758e-07,4.940391264400988e-06,0.0005179185673032713,0.0002626792486240587,0.09088462605724276
58400.0,1000.0,1950000000.0,8.642541837437616e-07,6.538736728553975e-07,4.940083449659073e-06,0.00028684261262394917,9.787946729170642e-05,0.06976901005866896
58500.0,1000.0,1950000000.0,8.639621703694032e-07,6.489119562030419e-07,4.938733347588568e-06,-1.3905200008220303e-05,-0.00015048632335554337,0.022169062226711403
58600.0,1000.0,1950000000.0,8.591904345555155e-07,6.475342209093777e-07,4.9372928480539e-06,-2.89952266234108e-05,0.0004874591709206571,-0.03372307023230552
58700.0,1000.0,1950000000.0,8.697618540477409e-07,6.47943584292304e-07,4.935676324930351e-06,-0.00012648084127513202,-6.6614024024733e-05,-0.07684597460965129
58800.0,1000.0,1950000000.0,8.688004739706497e-07,6.467581365279416e-07,4.935375783177983e-06,0.0007284409957261335,-0.0001554640096477712,-0.09060901484675106
58900.0,1000.0,1950000000.0,8.658222558242589e-07,6.563272106704421e-07,4.9359572661050275e-06,-0.000185622212281968,-0.00032985999387110217,-0.07015105557622747
59000.0,1000.0,1950000000.0,8.679691409541868e-07,6.54608104708363e-07,4.937522161899443e-06,4.690547460109184e-05,-8.674779561911427e-05,-0.022909049020293153
59100.0,1000.0,1950000000.0,8.661964521648695e-07,6.515632339076048e-07,4.938608281337158e-06,0.0003455533872109692,-4.3769395147725115e-05,0.03297264082756773
59200.0,1000.0,1950000000.0,8.752295568532745e-07,6.491067203855596e-07,4.939920083361653e-06,-0.000488360704192321,0.00017401689533348285,0.07627360786764688
59300.0,1000.0,1950000000.0,8.734678549494036e-07,6.464110938993139e-07,4.9404389224661355e-06,-9.939623079383308e-05,4.8481248126351265e-05,0.09085690738179648
59400.0,1000.0,1950000000.0,8.741365381705607e-07,6.422586528016545e-07,4.939900566752234e-06,0.00014476331933374755,0.00012694216461785676,0.07079358183709632
59500.0,1000.0,1950000000.0,8.696493237789884e-07,6.450883055614504e-07,4.938526317423846e-06,-0.0005965664486306415,0.00034219812301485833,0.02366838278978685
59600.0,1000.0,1950000000.0,8.665002396683791e-07,6.418505976784554e-07,4.936137340966283e-06,-0.00029808908370873577,-0.00019148985288975845,-0.03217464180045947
59700.0,1000.0,1950000000.0,8.856705358304067e-07,6.389220906271577e-07,4.934169088369007e-06,0.00020898759093769832,-0.00017618148151733517,-0.07594603270947736
59800.0,1000.0,1950000000.0,8.870280231606593e-07,6.38142803583889e-07,4.933694230764225e-06,-9.640670165106892e-05,0.00010566066416866705,-0.09103166537869613
59900.0,1000.0,1950000000.0,8.862914310180762e-07,6.3880940304813e-07,4.934520773067884e-06,-0.0003586670339497363,0.0006004548537632389,-0.07151514912744829
60000.0,1000.0,1950000000.0,8.872307336516636e-07,6.351970204502773e-07,4.936428509936883e-06,0.00017845843882695968,0.00011635872659372384,-0.024590374820693678
60100.0,1000.0,1950000000.0,8.76486779472533e-07,6.359102940353013e-07,4.938410021345388e-06,-0.0003746400906688756,-4.2795080618505984e-05,0.03168501731527371
60200.0,1000.0,1950000000.0,8.69282584073291e-07,6.461912601418836e-07,4.939683734485515e-06,0.00017792965152665536,-7.996988372115901e-05,0.07603421908702734
60300.0,1000.0,1950000000.0,8.680434908567444e-07,6.552367963003187e-07,4.939690831407935e-06,-0.00010993286625376932,-1.6816654936123566e-05,0.09124857331097415
60400.0,1000.0,1950000000.0,8.604168277443233e-07,6.585787022754255e-07,4.938809841368593e-06,6.746443190319084e-05,0.00019124392966697392,0.0716532855613357
60500.0,1000.0,1950000000.0,8.626294926032886e-07,6.65919420381465e-07,4.936757561622148e-06,0.00010347565359362109,-7.701678395671524e-05,0.024773014741471165
60600.0,1000.0,1950000000.0,8.541918898165438e-07,6.642673628782223e-07,4.935571885182541e-06,-4.439070701593732e-05,0.0005784912832700234,-0.03170544655977819
60700.0,1000.0,1950000000.0,8.646583235595239e-07,6.404823387855435e-07,4.934165739611003e-06,-7.042924865982304e-05,0.00011933370030752949,-0.07601711053922068
60800.0,1000.0,1950000000.0,8.620063942411325e-07,6.502832257321464e-07,4.933525469193222e-06,-0.00036830024220423085,-0.0003928985316503934,-0.091204261314356
60900.0,1000.0,1950000000.0,8.689463102109293e-07,6.575553265225748e-07,4.93443949485316e-06,0.000252210333986296,-0.00013171782041846068,-0.07169474495354251
61000.0,1000.0,1950000000.0,8.734647127750648e-07,6.59059884843808e-07,4.93598314278204e-06,1.0420203179661758e-05,-3.074103170437213e-05,-0.025048878529526156
61100.0,1000.0,1950000000.0,8.814911866072741e-07,6.43932371041291e-07,4.937646977146439e-06,-0.00048111984494570283,-0.00029186506794763963,0.031080936198967807
61200.0,1000.0,1950000000.0,8.787215635207526e-07,6.50822283684036e-07,4.938890388261742e-06,-7.315962305710655e-05,8.51791958347842e-05,0.07544949382944331
61300.0,1000.0,1950000000.0,8.845665073822729e-07,6.553375408825018e-07,4.939561316517064e-06,7.067925245056618e-05,0.0001600249432790116,0.09109990456633735
61400.0,1000.0,1950000000.0,8.884561010779822e-07,6.435384535813831e-07,4.9388958244889866e-06,0.00014621944692442957,-0.00026564089118192403,0.07206089694857089
61500.0,1000.0,1950000000.0,8.78967631836569e-07,6.430220064892157e-07,4.937276309429083e-06,-0.00025632436055877337,6.555854481818224e-05,0.025386129282984424
61600.0,1000.0,1950000000.0,8.753654624621858e-07,6.503847956165199e-07,4.935506314533525e-06,6.579702969908414e-05,-0.00015040231598394558,-0.03069899316930757
61700.0,1000.0,1950000000.0,8.800895092912196e-07,6.447510322407272e-07,4.9339959255127286e-06,0.0003581980202151849,0.0004242438892348524,-0.07519897205856252
61800.0,1000.0,1950000000.0,8.789922836216238e-07,6.583339980336987e-07,4.9336746463022176e-06,0.00030645488663719574,5.319670348238311e-05,-0.09128767817622668
61900.0,1000.0,1950000000.0,8.763442117112946e-07,6.584053988826444e-07,4.934704095338387e-06,0.0005632618927108857,-7.56090264696178e-05,-0.07245552797115977
62000.0,1000.0,1950000000.0,8.785783701050845e-07,6.651212671534229e-07,4.936407640231039e-06,-0.00042069156311905085,-5.761017259570622e-05,-0.026388517586023025
62100.0,1000.0,1950000000.0,8.748569225143376e-07,6.658059061216526e-07,4.937638994083571e-06,0.00021024003655380715,0.0004387933461060439,0.029854117792486742
62200.0,1000.0,1950000000.0,8.836034652532822e-07,6.687002751656219e-07,4.938164783432025e-06,-1.1065344248457695e-05,7.23821122455936e-06,0.07449690485403021
62300.0,1000.0,1950000000.0,8.784028090367955e-07,6.509224790405623e-07,4.937888473236702e-06,7.415705549943129e-05,-0.0001535851541582662,0.09100959181302906
62400.0,1000.0,1950000000.0,8.793511495095369e-07,6.513583432538281e-07,4.936147870850305e-06,-0.00038275576281725845,0.0008031156315299391,0.07288107108866038
62500.0,1000.0,1950000000.0,8.709666250877375e-07,6.601784094972422e-07,4.9342572059351515e-06,0.00038898871008245393,-4.001175982619024e-05,0.02729187549992672
62600.0,1000.0,1950000000.0,8.785216655794462e-07,6.615506041736656e-07,4.93258748664612e-06,-0.0003074486318442658,-2.7154399830543746e-05,-0.0289233544224388
62700.0,1000.0,1950000000.0,8.789826426020361e-07,6.626311178573178e-07,4.931714791244162e-06,-1.37717602560143e-05,-0.00010741547510543676,-0.07417126077728167
62800.0,1000.0,1950000000.0,8.652181406290743e-07,6.768236257400792e-07,4.932396719787222e-06,0.000504903081083958,-0.0002164400373316095,-0.09145180035891337
62900.0,1000.0,1950000000.0,8.76472525855659e-07,6.797600456572726e-07,4.9336755221677945e-06,-0.00026058710849376346,-4.274272169625858e-05,-0.07406114674518048
63000.0,1000.0,1950000000.0,8.794945360950021e-07,6.796959085939077e-07,4.9351627565875645e-06,-0.00013208714394838142,-0.0002891739797553346,-0.02845094105770298
63100.0,1000.0,1950000000.0,8.726917750219232e-07,6.797251572986639e-07,4.936918647011805e-06,0.00023772998759968584,0.00017442518632879272,0.027948598643981692
63200.0,1000.0,1950000000.0,8.715210518031062e-07,6.794569436575374e-07,4.937455296439534e-06,-0.00010094245222032298,0.0001452022354142388,0.07371807689926736
63300.0,1000.0,1950000000.0,8.662352293822707e-07,6.752345950731188e-07,4.93737364703639e-06,0.00024874085070480354,0.0006628170504523678,0.09163849623135381
63400.0,1000.0,1950000000.0,8.675754675626259e-07,6.679482805375714e-07,4.936209296742525e-06,-0.0006571484269134059,-0.0002500587880397972,0.07445121321595825
63500.0,1000.0,1950000000.0,8.774867403344046e-07,6.673689428684149e-07,4.934258470274514e-06,0.00030487854861091523,-0.0005835863495394729,0.029186136789974487
63600.0,1000.0,1950000000.0,8.655411956799533e-07,6.776494352623467e-07,4.932058780392053e-06,-0.00036121376797202526,-0.00017776478598640816,-0.02726773476746591
63700.0,1000.0,1950000000.0,8.718850545759165e-07,6.701680905431393e-07,4.930759692841242e-06,0.00014776229549148676,5.68775308688773e-05,-0.07318726793646722
63800.0,1000.0,1950000000.0,8.659570548169944e-07,6.766775180462313e-07,4.931153632921826e-06,-9.835953021858236e-05,-0.0004864673446487117,-0.0914223294449894
63900.0,1000.0,1950000000.0,8.64718415077731e-07,6.857414045099221e-07,4.9322525109213254e-06,8.104483438083156e-05,0.00021435909189477384,-0.07493964437557031
64000.0,1000.0,1950000000.0,8.738954515664935e-07,6.682048796516098e-07,4.934466562979024e-06,-0.00026279354093218976,3.844879087778715e-05,-0.02992693130384314
64100.0,1000.0,1950000000.0,8.709406806999176e-07,6.725971755194665e-07,4.936214272807697e-06,0.00037683574501615115,9.425982335249791e-05,0.0267125979945919
64200.0,1000.0,1950000000.0,8.662580702200292e-07,6.70453673494411e-07,4.936954399218326e-06,5.025112663445121e-05,0.0005042663977911651,0.07313250854584141
64300.0,1000.0,1950000000.0,8.585664501073078e-07,6.846652804956593e-07,4.937069964113667e-06,0.0002874414012482459,-0.00023385021119494886,0.09178209050770522
64400.0,1000.0,1950000000.0,8.686498456821646e-07,6.76600245230588e-07,4.93603855907082e-06,-0.0002832279497161008,0.0003511870354010434,0.07518416270217938
64500.0,1000.0,1950000000.0,8.722397641006026e-07,6.77510596503245e-07,4.9346566816998375e-06,0.0002589592959439113,0.0001616545612138051,0.030237069984483445
64600.0,1000.0,1950000000.0,8.817621905736377e-07,6.630189076673786e-07,4.93410219593673e-06,0.00028249375118743965,3.3865477183328226e-05,-0.026250871026196505
64700.0,1000.0,1950000000.0,8.818744472728481e-07,6.564345181464375e-07,4.933733967744239e-06,0.0003972738569658455,-0.00016998992227372118,-0.07273783508567108
64800.0,1000.0,1950000000.0,8.875080966039989e-07,6.644723509802677e-07,4.933245337775377e-06,-0.00020587997971040025,-0.00048212570774145303,-0.09158417311508225
64900.0,1000.0,1950000000.0,8.850747257495335e-07,6.651688507929376e-07,4.933992581695522e-06,0.0001453803590779592,6.19391583271885e-05,-0.07543068334414312
65000.0,1000.0,1950000000.0,8.804549788267047e-07,6.674382978717123e-07,4.935107503158424e-06,0.00045356086357277263,-0.00038742614390834977,-0.030623784556273872
65100.0,1000.0,1950000000.0,8.770876494601871e-07,6.625813762168219e-07,4.93553490725507e-06,7.083200980091163e-05,-0.0004258149045450029,0.025823557271776713
65200.0,1000.0,1950000000.0,8.770032565126388e-07,6.618237907064908e-07,4.935693662792485e-06,0.0005128593861012023,-0.0003111896690296362,0.07256023478145948
65300.0,1000.0,1950000000.0,8.739798611261366e-07,6.723799013150658e-07,4.93508700499508e-06,-0.000284468059231006,-1.8755237429188356e-05,0.09164990766033417
65400.0,1000.0,1950000000.0,8.775284874627346e-07,6.799450133693179e-07,4.934387777081008e-06,-5.4432303492797195e-05,0.0003110859381094348,0.07562036046257131
65500.0,1000.0,1950000000.0,8.812846886756569e-07,6.744010222662663e-07,4.93381151423019e-06,0.000310296351543175,-1.7021780387992114e-05,0.03084894084375936
65600.0,1000.0,1950000000.0,8.814240607485947e-07,6.715541396591073e-07,4.933481607477504e-06,0.0003148025999431065,8.222486839353641e-06,-0.025791830968966735
65700.0,1000.0,1950000000.0,8.823322028572194e-07,6.695832975001157e-07,4.933846056621117e-06,0.0001503766660619434,3.446893233161879e-05,-0.07242949310102363
65800.0,1000.0,1950000000.0,8.764139241998485e-07,6.795437625695421e-07,4.934989562831099e-06,-0.00022672416127155598,0.00012148530611347267,-0.09168083995837663
65900.0,1000.0,1950000000.0,8.703549021354632e-07,6.862944270247652e-07,4.936104581261404e-06,2.8648267094609207e-05,0.0004256336558560205,-0.07600570140011906
66000.0,1000.0,1950000000.0,8.748888174911396e-07,6.846227274549221e-07,4.936930069935496e-06,-6.084200770394861e-05,0.00022302830335551958,-0.031503049305296175
66100.0,1000.0,1950000000.0,8.803852014317192e-07,6.747229503998166e-07,4.937250882245902e-06,-2.438650690040203e-05,-0.00020428784035164837,0.025186605465491625
66200.0,1000.0,1950000000.0,8.759649009867743e-07,6.82443480751086e-07,4.937004516540951e-06,-0.00022199627696926878,0.00035468727610878673,0.07234196245278432
66300.0,1000.0,1950000000.0,8.870854967678604e-07,6.703044802998322e-07,4.935966057581816e-06,0.000392036338868656,0.00012359876304361768,0.09192195850923165
66400.0,1000.0,1950000000.0,8.699704455020484e-07,6.869088584743584e-07,4.934633582249174e-06,-0.00011957273100914983,-0.00011019670690846513,0.07610111784108947
66500.0,1000.0,1950000000.0,8.623964532971863e-07,6.921367134787517e-07,4.933613563663475e-06,-0.00029027988754128927,-3.8691529445898594e-05,0.03144382603240219
66600.0,1000.0,1950000000.0,8.667147343554011e-07,6.802027450078255e-07,4.933503464962448e-06,0.00018661439400869182,0.00020950345892515606,-0.02505851962528594
66700.0,1000.0,1950000000.0,8.719477843920112e-07,6.675410036723824e-07,4.934119192158727e-06,0.00036617700490745213,-0.00013042521895842554,-0.07181452900190383
66800.0,1000.0,1950000000.0,8.838432132948764e-07,6.653388971194332e-07,4.9352833893615465e-06,-0.00021187693869845328,-5.5504404330474384e-05,-0.09131621623109591
66900.0,1000.0,1950000000.0,8.755645867385261e-07,6.750225713511941e-07,4.936869178025474e-06,-0.00022399247445713914,-7.597907707524187e-05,-0.0761091958519855
67000.0,1000.0,1950000000.0,8.599505597284227e-07,6.883118918027947e-07,4.93814798551847e-06,0.0003910263661077167,-1.0072451114142086e-05,-0.03182750530058879
67100.0,1000.0,1950000000.0,8.600548424677081e-07,6.845974895367538e-07,4.938895512480395e-06,-0.0003660601405639634,-0.00011577629953627236,0.02441292134426448
67200.0,1000.0,1950000000.0,8.611612047078696e-07,6.800192248688697e-07,4.938637120072685e-06,-6.235698736641398e-05,0.00032701157486865283,0.071483668315294
67300.0,1000.0,1950000000.0,8.740237926427059e-07,6.593024871675463e-07,4.937838542177891e-06,2.3860255588730544e-05,-0.00019620829483909765,0.091430900191615
67400.0,1000.0,1950000000.0,8.620951078855734e-07,6.770848397067396e-07,4.937254549352893e-06,0.00021775203929209235,-0.00010580531966144972,0.076868460155351
67500.0,1000.0,1950000000.0,8.716152963196829e-07,6.614411434915164e-07,4.936732010926552e-06,0.0001689897582612471,-4.968154518490296e-05,0.032806827276601495
67600.0,1000.0,1950000000.0,8.677294180551237e-07,6.763251923070284e-07,4.9368844298777915e-06,6.584352644346371e-06,9.879913013556223e-05,-0.023640881380180605
67700.0,1000.0,1950000000.0,8.561659603743952e-07,6.780034607399136e-07,4.93775466862777e-06,0.0001665824240019805,-0.00037231488129143295,-0.07100989927864326
67800.0,1000.0,1950000000.0,8.642950618130662e-07,6.651419130357113e-07,4.9385980690539705e-06,-0.000511323475681342,-0.0003000297324321037,-0.09147847054440561
67900.0,1000.0,1950000000.0,8.5338781635695e-07,6.830008821272215e-07,4.940406401507097e-06,-0.00040805933409051107,-0.0005324056915533557,-0.07707017575312419
68000.0,1000.0,1950000000.0,8.405303971590367e-07,6.915467332007869e-07,4.94154438885492e-06,-0.00037232249509189637,6.416513230930508e-05,-0.03339253135214461
68100.0,1000.0,1950000000.0,8.491111166032087e-07,6.821311985133288e-07,4.942131613407115e-06,-0.00015550474605388303,7.866490067490374e-05,0.023126132730647044
68200.0,1000.0,1950000000.0,8.539212361041883e-07,6.8319542914989e-07,4.941980455872746e-06,-1.6777534406986446e-05,-0.0004841990249036187,0.0707960598021321
68300.0,1000.0,1950000000.0,8.447101273211423e-07,6.91640616960259e-07,4.940952846055139e-06,-5.136896773819621e-05,-0.0002262133738537825,0.09118397791184903
68400.0,1000.0,1950000000.0,8.478840552070999e-07,6.838308218988588e-07,4.939564282876e-06,1.9809579571943802e-05,7.907801776248746e-05,0.07710331184006095
68500.0,1000.0,1950000000.0,8.529923536072252e-07,6.873078092730926e-07,4.9383745065745624e-06,-2.0423337725949495e-05,5.8295606194404735e-05,0.03365524929639171
68600.0,1000.0,1950000000.0,8.598237925802338e-07,6.734832808053244e-07,4.936655280234062e-06,1.767681574634354e-05,0.00028023950279881956,-0.02238579678676543
68700.0,1000.0,1950000000.0,8.658477343747275e-07,6.703419113705654e-07,4.935906153158341e-06,0.00017734380908452632,4.480885172721033e-05,-0.07012661134270622
68800.0,1000.0,1950000000.0,8.701653274557846e-07,6.683715475411638e-07,4.935774081878282e-06,0.00013564967813925626,0.00019932544324996088,-0.09084833722219963
68900.0,1000.0,1950000000.0,8.724441586909452e-07,6.621251398193591e-07,4.936495830025104e-06,-0.0003428288216694835,0.00011432739294561732,-0.07716799378542806
69000.0,1000.0,1950000000.0,8.576042286658952e-07,6.731083592547377e-07,4.937810565468791e-06,0.00020757858782601593,-0.00011244080104172125,-0.03394523256585391
69100.0,1000.0,1950000000.0,8.625672355630716e-07,6.597451011527024e-07,4.939183691950512e-06,0.00010909270116083682,-0.00040148745206531906,0.02221803053979723
69200.0,1000.0,1950000000.0,8.647309514298073e-07,6.639382978300199e-07,4.9400684549182045e-06,0.0005702362294137267,1.599821729117703e-07,0.06994463430129418
69300.0,1000.0,1950000000.0,8.731587919661947e-07,6.585034699938327e-07,4.939854120500193e-06,-0.0002516711420632662,-0.0001734175763158824,0.09086798165588936
69400.0,1000.0,1950000000.0,8.687200919223128e-07,6.678944803927119e-07,4.93851203406971e-06,0.0001444346516948975,0.00011225391573181927,0.0773232815512865
69500.0,1000.0,1950000000.0,8.724578636220934e-07,6.741391094253942e-07,4.937204707331319e-06,-9.875382427798733e-05,0.0002681913389671943,0.03417091013953139
69600.0,1000.0,1950000000.0,8.755486388673071e-07,6.546087109284525e-07,4.935523980630554e-06,5.9734257037939863e-05,0.00022501852080604044,-0.02190082988085702
69700.0,1000.0,1950000000.0,8.784620507896732e-07,6.505796863853082e-07,4.935154168794819e-06,-0.00024798788661468474,0.000286006959339582,-0.06957799271596875
69800.0,1000.0,1950000000.0,8.795535873389219e-07,6.531578656777602e-07,4.935629899447243e-06,-0.000175055418582748,9.697372872185011e-06,-0.09074998100221772
69900.0,1000.0,1950000000.0,8.745570065087144e-07,6.572417595609504e-07,4.9373070926284654e-06,-0.00044410223463201275,-0.00024824182547101024,-0.07749969019151866
70000.0,1000.0,1950000000.0,8.765334283294838e-07,6.642011804860911e-07,4.939123241966465e-06,-0.0003413447999908675,-8.962200996551515e-05,-0.03461863858185106
70100.0,1000.0,1950000000.0,8.731494784745961e-07,6.545791191730521e-07,4.940525628536439e-06,-0.00047386316562142335,-0.00015278608312707507,0.021400192733968076
70200.0,1000.0,1950000000.0,8.695111548105589e-07,6.581118110823059e-07,4.94099901959302e-06,-6.597915125233485e-05,-0.00010923630849217562,0.06925138903395937
70300.0,1000.0,1950000000.0,8.773904077638099e-07,6.534573731085105e-07,4.940245765231219e-06,-0.00025853781126934926,-2.3374896699464522e-05,0.09059481749921643
70400.0,1000.0,1950000000.0,8.777165821707067e-07,6.605518585170716e-07,4.938602076596078e-06,-0.00010732427044012876,0.00027651010434034777,0.0774743903182899
70500.0,1000.0,1950000000.0,8.823666057794552e-07,6.583420474183921e-07,4.937283151372512e-06,0.0005239241912484954,0.00014741038484565355,0.03479482569462037
70600.0,1000.0,1950000000.0,8.738652571581904e-07,6.664004477279108e-07,4.936060174110119e-06,8.099087738370495e-05,0.0006977901347634477,-0.021198539767831707
70700.0,1000.0,1950000000.0,8.822491152255426e-07,6.657591448883965e-07,4.935620288256804e-06,-1.716210953958113e-05,-0.0002073686855387164,-0.06918627171856058
70800.0,1000.0,1950000000.0,8.901511399425108e-07,6.633544126365674e-07,4.9357907689914036e-06,0.00028332563596984825,-0.0002450620006416579,-0.09082864773028065
70900.0,1000.0,1950000000.0,8.797748933287102e-07,6.745782217457307e-07,4.936196277487002e-06,-0.00036762295044667683,2.4679075968217325e-05,-0.07807849744286605
71000.0,1000.0,1950000000.0,8.798086416836633e-07,6.666335968689096e-07,4.9374174517293905e-06,0.00038418761674368615,0.0002864606248586223,-0.03553333096757172
71100.0,1000.0,1950000000.0,8.848294899447838e-07,6.673350179334966e-07,4.9382666266874075e-06,-9.952584156158604e-05,-7.03292212817612e-06,0.02051426199368489
71200.0,1000.0,1950000000.0,8.931382639830074e-07,6.578758101850475e-07,4.938666360652936e-06,0.0001571126135652282,-0.00017289051153646472,0.06890668110099751
71300.0,1000.0,1950000000.0,8.876646879232324e-07,6.712486203501165e-07,4.938523998553694e-06,-0.00018170519945894363,-8.942611463057762e-05,0.09077548132429365
71400.0,1000.0,1950000000.0,8.842350180951882e-07,6.712859785451208e-07,4.9382689202829875e-06,0.00013157831498170774,0.00022365696398702364,0.07824165934104163
71500.0,1000.0,1950000000.0,8.8943652787161e-07,6.763954213142871e-07,4.9380929615513655e-06,-9.033571382495962e-06,-4.23067232580926e-05,0.03577085418721942
71600.0,1000.0,1950000000.0,8.864438869850808e-07,6.779059090127972e-07,4.937376550370503e-06,0.00029626070104795955,-0.0001869718221811347,-0.020228068718528922
71700.0,1000.0,1950000000.0,8.767322557762374e-07,6.864751704669879e-07,4.936938753082438e-06,0.0001313413444791641,-1.409662387348545e-06,-0.0689443882574503
71800.0,1000.0,1950000000.0,8.874647354390185e-07,6.858523693521824e-07,4.937160169091818e-06,-2.0966660456801674e-05,0.0002727734028441242,-0.09146830087508213
71900.0,1000.0,1950000000.0,8.925131099792619e-07,6.824732469103048e-07,4.9380203948862515e-06,0.0003325603858098833,-0.0005677806362840092,-0.07912252783667768
72000.0,1000.0,1950000000.0,8.997447118728515e-07,6.729674584280612e-07,4.938939357859122e-06,0.0003433229034377488,-3.5346840871350173e-05,-0.03661552234202263
72100.0,1000.0,1950000000.0,8.881190360995234e-07,6.888219131555637e-07,4.939564459019687e-06,-0.00010769367609754268,-0.00029307357976889834,0.019825402889808694
72200.0,1000.0,1950000000.0,8.832152864394118e-07,6.852698790935257e-07,4.939261519318153e-06,0.000293979146013756,-0.0002873297933850244,0.06867942877807438
72300.0,1000.0,1950000000.0,8.983830660365217e-07,6.716351078012431e-07,4.937849194298765e-06,0.00017191222602580729,-7.048511602390862e-05,0.09153591182237084
72400.0,1000.0,1950000000.0,8.887657534405957e-07,6.784527367348721e-07,4.937129641080268e-06,6.938916171842681e-05,-0.0002921873429186056,0.07950069864565236
72500.0,1000.0,1950000000.0,8.840679905330367e-07,6.884346610541169e-07,4.936325055143758e-06,0.00019771437223417646,-4.1657384011962526e-05,0.03723997318261553
72600.0,1000.0,1950000000.0,8.880297973052088e-07,6.806635894652191e-07,4.935753623088072e-06,0.0001423752161168753,0.00013727289354733586,-0.019184117858841353
72700.0,1000.0,1950000000.0,8.795090138599363e-07,6.833761505691793e-07,4.935706069737596e-06,-0.00018031411221110065,8.627749587694485e-05,-0.06814153703742597
72800.0,1000.0,1950000000.0,8.882002521415821e-07,6.717279383164056e-07,4.935926085945444e-06,-0.00026270707977518303,-7.5290504409418e-05,-0.09128596955568641
72900.0,1000.0,1950000000.0,8.848551687952608e-07,6.687560115584712e-07,4.936857408168634e-06,0.0002810935855685332,-0.0005016797277903623,-0.07949946486013075
73000.0,1000.0,1950000000.0,8.942804048117873e-07,6.677192383050462e-07,4.93749844430872e-06,-0.00034405849028586465,-0.0004454616190946561,-0.037415781484467225
73100.0,1000.0,1950000000.0,8.835865865995688e-07,6.701003777316096e-07,4.938033495619327e-06,-3.764480778921276e-05,-0.00018459760830794925,0.018984598141755
73200.0,1000.0,1950000000.0,8.840719426861452e-07,6.752873659217028e-07,4.938387445655851e-06,-0.00047586514003031635,-2.830478370094821e-05,0.06806640687530323
73300.0,1000.0,1950000000.0,8.867527005810392e-07,6.751635392855264e-07,4.937943945138783e-06,-0.0001205934550885758,0.0003739850832924546,0.09108678015337356
73400.0,1000.0,1950000000.0,8.92314016750798e-07,6.676005438601251e-07,4.937740383760895e-06,0.00027539528182168795,0.0003158742967261302,0.07963666045969225
73500.0,1000.0,1950000000.0,9.041171836131125e-07,6.537653994608451e-07,4.9374098031786965e-06,-0.00012797048474596782,0.00019593632238773325,0.037913279386934444
73600.0,1000.0,1950000000.0,8.966573891030798e-07,6.557570908050154e-07,4.937161640415547e-06,0.00032764881818946783,-0.00021877364040262385,-0.01808174036912972
73700.0,1000.0,1950000000.0,9.011149136562929e-07,6.541162523096802e-07,4.936535975637126e-06,0.0001224950900556628,-4.845913665239859e-05,-0.06721260366743491
73800.0,1000.0,1950000000.0,9.134296004798868e-07,6.60279272305746e-07,4.936569768031901e-06,0.00012035901427180748,-0.0002508562044414733,-0.09105189732428094
73900.0,1000.0,1950000000.0,9.108425486935937e-07,6.572118590917392e-07,4.9374320748241745e-06,2.1441305755629715e-05,0.00018143127484082468,-0.0800927431151601
74000.0,1000.0,1950000000.0,9.029380787834475e-07,6.666144273445237e-07,4.9384453741632695e-06,-0.00011893487865709673,-8.905194013181673e-05,-0.03881916662654745
74100.0,1000.0,1950000000.0,9.029552875380856e-07,6.58134738265417e-07,4.939175365402947e-06,-0.00019918788675504754,-0.0001568539749336084,0.017371547796760117
74200.0,1000.0,1950000000.0,9.029643459556775e-07,6.579526115293192e-07,4.939752138985665e-06,-0.00012617827594035331,3.113022325274711e-05,0.0669774647455001
74300.0,1000.0,1950000000.0,9.020961989228263e-07,6.589651780765674e-07,4.9390879182799955e-06,-3.982610154777073e-05,0.0002614286257076758,0.09104002940985648
74400.0,1000.0,1950000000.0,8.895148815769625e-07,6.675690930781379e-07,4.937886014944335e-06,0.0004546813530239389,-1.8178828358492657e-05,0.08064790859815994
74500.0,1000.0,1950000000.0,8.951185589772945e-07,6.634782495989871e-07,4.936308939970144e-06,0.00018473042994902395,0.0003048868327520289,0.03945930587140232
74600.0,1000.0,1950000000.0,8.840866485474965e-07,6.620419726321953e-07,4.934401182460525e-06,-0.00024586205987277564,0.0005129980290737619,-0.016833724170283556
74700.0,1000.0,1950000000.0,8.821271529876084e-07,6.765064500036806e-07,4.93331045002743e-06,-2.8809655354820617e-05,-0.00019538615374064378,-0.06672260662480167
74800.0,1000.0,1950000000.0,8.914944897890759e-07,6.630436246903777e-07,4.932756302571802e-06,-0.00011520341231095572,-0.00020806048122096,-0.09120100531670838
74900.0,1000.0,1950000000.0,9.076577364804161e-07,6.47332725890122e-07,4.933182642281706e-06,-0.00022372489518976502,-5.4517024229702866e-05,-0.08074171546304208
75000.0,1000.0,1950000000.0,9.083067589706924e-07,6.642428932763158e-07,4.9335530956652625e-06,0.0001643503159685086,-0.0003121484880814945,-0.039738498743233236
75100.0,1000.0,1950000000.0,9.049822195118486e-07,6.590716293474767e-07,4.934588288584627e-06,-7.448355845894948e-05,-0.00014420619656036292,0.01620911541991586
75200.0,1000.0,1950000000.0,8.994230594503312e-07,6.602745501674842e-07,4.934291143426698e-06,-0.00019297046151664547,0.00031948616908732347,0.06600658115078334
75300.0,1000.0,1950000000.0,8.875499479880469e-07,6.698966771176331e-07,4.934296068329268e-06,-0.00023304474368018301,7.380059280538551e-05,0.09070625029053551
75400.0,1000.0,1950000000.0,8.888770014750381e-07,6.737190847344343e-07,4.93385182098796e-06,-0.00022564995102768745,7.304062038644575e-05,0.08078473342525715
75500.0,1000.0,1950000000.0,8.956355170697749e-07,6.718595680737868e-07,4.9335290538651075e-06,-4.052246249796623e-05,7.17362885518864e-05,0.04010665290312704
75600.0,1000.0,1950000000.0,8.967014501875483e-07,6.711874573364832e-07,4.933024629543962e-06,7.286943486186956e-05,-0.00015923172849231985,-0.01588301077805196
75700.0,1000.0,1950000000.0,9.037774489509122e-07,6.65166205571695e-07,4.932743432927262e-06,0.00025754844063983703,0.00014011975148116104,-0.06564348561902368
75800.0,1000.0,1950000000.0,9.123633307465152e-07,6.73922758870686e-07,4.932843092211809e-06,-1.47531718870504e-05,-0.0003318374456437598,-0.09071544468057259
75900.0,1000.0,1950000000.0,9.236218921172382e-07,6.717738552778714e-07,4.933949976020403e-06,-0.0004371720712340633,-4.713052818239651e-05,-0.08161521888229357
76000.0,1000.0,1950000000.0,9.182661113102436e-07,6.831622297966497e-07,4.935289215498799e-06,-6.80181791048194e-05,9.26205556137459e-05,-0.041445124778283715
76100.0,1000.0,1950000000.0,9.152507228298544e-07,6.772401926412246e-07,4.936145133800399e-06,3.0014683121062983e-05,-0.0003555008664255311,0.014660524694021229
76200.0,1000.0,1950000000.0,9.16199500281553e-07,6.741792041609147e-07,4.936435836793551e-06,-5.5029628804315804e-05,0.000304840640729227,0.06524094799917127
76300.0,1000.0,1950000000.0,9.171982278938018e-07,6.747195603417423e-07,4.935829915467689e-06,-0.0003986372862983901,0.00014184274245243418,0.0908441480438209
76400.0,1000.0,1950000000.0,9.326167413421525e-07,6.688105387653573e-07,4.93422752914556e-06,-3.347526243131911e-05,0.00013318795936250849,0.08191640922604061
76500.0,1000.0,1950000000.0,9.315457039538236e-07,6.618854161149039e-07,4.932523219689615e-06,-0.00012875155142143632,-0.00010013811978486975,0.041740819757649456
76600.0,1000.0,1950000000.0,9.169349007106506e-07,6.795106067007154e-07,4.930879056325379e-06,5.451118474892711e-05,-0.0001906392799924125,-0.014431605496988655
76700.0,1000.0,1950000000.0,9.188489211705892e-07,6.774016859399505e-07,4.930986856703238e-06,0.00017639349633826964,-0.00047554447819748465,-0.06493877615385264
76800.0,1000.0,1950000000.0,9.133573702144189e-07,6.89377556695735e-07,4.932380057946259e-06,0.00012743838247944474,0.00021556876956306436,-0.09092709482537067
76900.0,1000.0,1950000000.0,9.087260227286543e-07,6.91029940101432e-07,4.934555933442087e-06,-0.0001526638478769234,-0.00014250003248022006,-0.0825407486715354
77000.0,1000.0,1950000000.0,9.097134697869385e-07,6.873083442246914e-07,4.9368126151429466e-06,-8.647935320296393e-05,-0.000529306355982286,-0.042485349986498014
77100.0,1000.0,1950000000.0,9.12035217550903e-07,6.855980374830832e-07,4.938565173525388e-06,-0.00013840147127785747,-0.00025053020267342806,0.013871481824413225
77200.0,1000.0,1950000000.0,9.122442496379067e-07,6.96749120445244e-07,4.938370735439943e-06,4.306577767438736e-06,-0.00020849738980320944,0.06471529000866941
77300.0,1000.0,1950000000.0,8.974329023373091e-07,7.073320139326256e-07,4.937367390456862e-06,-0.00017228011020186374,0.00029765295215797375,0.09090325393543726
77400.0,1000.0,1950000000.0,9.013262653978688e-07,7.006155601295299e-07,4.935422094888054e-06,0.00020044643215537974,0.0002832370284565957,0.08253762791141941
77500.0,1000.0,1950000000.0,9.055786119215127e-07,7.030223286348536e-07,4.933900509351981e-06,0.00025298352475561036,-3.303851202087464e-05,0.04266877905287307
77600.0,1000.0,1950000000.0,9.042617803275512e-07,6.902082968128053e-07,4.932617043409663e-06,9.624176609420976e-05,-3.3296646356025324e-05,-0.01339268932516067
77700.0,1000.0,1950000000.0,9.132315795654584e-07,6.840573689644473e-07,4.932414544040378e-06,0.0003407152070279508,2.377654948137129e-05,-0.06419470802944789
77800.0,1000.0,1950000000.0,9.125357138160274e-07,6.706270802764391e-07,4.933142625634104e-06,-0.0002903620012452737,5.6614203181194156e-05,-0.0905509807650467
77900.0,1000.0,1950000000.0,9.16777977577268e-07,6.835756702001118e-07,4.9345651499411475e-06,-0.00016095653230967087,0.00011625066900717787,-0.08242270194318757
78000.0,1000.0,1950000000.0,9.015713224282334e-07,6.944131484789984e-07,4.936974892308789e-06,6.24210521828089e-05,-1.4699192792284168e-05,-0.04281586071844796
78100.0,1000.0,1950000000.0,9.031119654260873e-07,6.92440807752486e-07,4.938402989512527e-06,0.0002232030677126992,-5.017571981914576e-06,0.012882672220074592
78200.0,1000.0,1950000000.0,9.07458381917456e-07,6.895800955776806e-07,4.938922375445163e-06,0.0002829080046237655,-0.0001680745325823917,0.06367092355507162
78300.0,1000.0,1950000000.0,9.135090066081125e-07,6.831139851662885e-07,4.937736308881035e-06,-8.331647449056897e-05,0.00039716522887935573,0.09046234938997172
78400.0,1000.0,1950000000.0,9.130213246256872e-07,6.903476959495792e-07,4.935684677160399e-06,-5.2939506450865555e-05,-0.0006590405771872813,0.08259645555597199
78500.0,1000.0,1950000000.0,9.07840620590325e-07,6.95338772180423e-07,4.932980698635548e-06,-0.00035707906563724163,-0.0005849013584992397,0.043064190182469375
78600.0,1000.0,1950000000.0,9.106874406932384e-07,7.042051731229139e-07,4.930967356489107e-06,0.00021291930255163023,-0.00029745762717898387,-0.012861598836867676
78700.0,1000.0,1950000000.0,9.063319081349471e-07,7.093299893318996e-07,4.929951760643712e-06,-0.00011445625049522564,7.379881960608659e-06,-0.06406835698502235
78800.0,1000.0,1950000000.0,9.0683217364982e-07,6.964722671573019e-07,4.930575562300669e-06,0.00023057976581734372,-4.368712875092999e-05,-0.09083793287478859
78900.0,1000.0,1950000000.0,9.103806688861073e-07,7.022036010346465e-07,4.93255299742359e-06,0.0001294225292214584,1.154016024422664e-05,-0.08311276592934763
79000.0,1000.0,1950000000.0,9.081118236196791e-07,7.046178340246934e-07,4.9352196638671725e-06,-0.0006630477248812381,7.062913551243037e-05,-0.04384231013858841
79100.0,1000.0,1950000000.0,9.106673170429709e-07,7.051846496544202e-07,4.937123147185557e-06,0.00012119967465185343,0.00023252443160057373,0.012313996897977148
79200.0,1000.0,1950000000.0,9.139551253203156e-07,6.923129425716587e-07,4.938107222629584e-06,0.00018501861247499616,-5.886841887696161e-05,0.06378744475094993
79300.0,1000.0,1950000000.0,9.187834118998841e-07,6.995456266693682e-07,4.937025779613321e-06,-8.372788296793635e-05,-0.0001047094127697991,0.09069549974546863
79400.0,1000.0,1950000000.0,9.219739498601049e-07,6.973140394980771e-07,4.935296843750586e-06,0.0001810675016277899,-0.00026907580696312975,0.08332264807715842
79500.0,1000.0,1950000000.0,9.144289877087649e-07,7.011142969836411e-07,4.933040361609711e-06,0.0002968208435486527,-3.110498677290672e-05,0.04421600184543556
79600.0,1000.0,1950000000.0,9.248494822508381e-07,6.839487387965105e-07,4.930892630836477e-06,0.0001338379635671576,-6.77404837722521e-05,-0.011538868639505971
79700.0,1000.0,1950000000.0,9.179729926059768e-07,7.054708835550324e-07,4.929501779875077e-06,-6.80690281360623e-05,8.064955181417494e-05,-0.06297285591312284
79800.0,1000.0,1950000000.0,9.12064866169418e-07,6.849057723364861e-07,4.929306254508101e-06,-0.0006630800272160343,0.00010291233844269477,-0.09025537540213609
79900.0,1000.0,1950000000.0,9.091914187009727e-07,6.85167070944686e-07,4.930537051348896e-06,-0.00018305540091650898,-0.00025965372797321387,-0.083099424950941
80000.0,1000.0,1950000000.0,9.092499062781625e-07,6.889186449203166e-07,4.932269350486866e-06,0.0004127087726978134,-0.0004868045848452154,-0.04426130840922755
80100.0,1000.0,1950000000.0,9.133091062729176e-07,6.834678485635695e-07,4.93436433087376e-06,-0.0002471678605379194,-0.0005711577565877445,0.01108316882492669
80200.0,1000.0,1950000000.0,9.116180491316708e-07,6.9735020634662e-07,4.935307357611538e-06,-0.00014097671479396446,0.0001454331076887177,0.06246957760132122
80300.0,1000.0,1950000000.0,9.020127206570816e-07,6.974514908611109e-07,4.935349492850153e-06,-7.59177210763093e-05,-6.917241897777132e-05,0.08988236027409345
80400.0,1000.0,1950000000.0,9.014984781999445e-07,7.0133784499631e-07,4.934520296944898e-06,-8.918387658949792e-05,8.206649695723904e-05,0.08334935249432611
80500.0,1000.0,1950000000.0,9.034668898955551e-07,6.939272648340122e-07,4.933108811741874e-06,-0.0001687787944574721,-0.00034116448781758556,0.044949515357947736
80600.0,1000.0,1950000000.0,9.062766242686212e-07,6.870849453528908e-07,4.931566426708339e-06,-0.0003520438361723687,-7.391068991931699e-05,-0.010462934335980867
80700.0,1000.0,1950000000.0,9.066323633571863e-07,6.842186164733796e-07,4.930458602711698e-06,0.00035180117578498504,-1.0499678082832565e-05,-0.06168839479385229
80800.0,1000.0,1950000000.0,8.995303859144052e-07,6.886379396601357e-07,4.930274680599934e-06,0.00018320780059865257,0.0005129609543618458,-0.08953184763375571
80900.0,1000.0,1950000000.0,8.932535066878529e-07,6.96830702626557e-07,4.93198727332504e-06,-0.00035647121479457473,9.202548171961435e-05,-0.08330486675210841
81000.0,1000.0,1950000000.0,9.031110218562652e-07,6.792224265708276e-07,4.9342816449586256e-06,-8.05890938511551e-05,-0.00019676857025102695,-0.045220515770550467
81100.0,1000.0,1950000000.0,9.014634889309472e-07,6.833246214498704e-07,4.935983979375627e-06,0.00039708499903630347,6.137343784906637e-05,0.0100702363344025
81200.0,1000.0,1950000000.0,9.118282637759206e-07,6.774354601343462e-07,4.936883622461038e-06,-0.0005967465121318447,-0.0003872708807667866,0.061543560382003114
81300.0,1000.0,1950000000.0,9.160020495557513e-07,6.725888324676512e-07,4.936108139060578e-06,0.00011147209465783702,-9.37997466386066e-06,0.08958301006804029
81400.0,1000.0,1950000000.0,9.187203272881547e-07,6.635351386679862e-07,4.934139755138489e-06,-3.420718619809787e-05,-1.3676709931315734e-05,0.08368102380997064
81500.0,1000.0,1950000000.0,9.055460168687458e-07,6.808051711964312e-07,4.932044507036633e-06,0.00024881824189502375,-0.0004702973727429206,0.045913170894464526
81600.0,1000.0,1950000000.0,9.134344587889602e-07,6.845823927330741e-07,4.9298938425403735e-06,0.00012339616526647358,0.00021447325020596743,-0.00946707452291484
81700.0,1000.0,1950000000.0,9.217901552570496e-07,6.765779647053143e-07,4.929113870134123e-06,0.00011115588452791298,-4.314115326149306e-05,-0.061413666983958386
81800.0,1000.0,1950000000.0,9.187331292199335e-07,6.755599739072869e-07,4.9292591108768795e-06,-0.0003650605111358642,-0.00010345592492339698,-0.09008400784130613
81900.0,1000.0,1950000000.0,9.216375979653538e-07,6.867208548478453e-07,4.931337436058366e-06,7.741497535407058e-06,-0.0003113477313174966,-0.08459620685851042
82000.0,1000.0,1950000000.0,9.168274947569454e-07,6.924378510766262e-07,4.933954205450667e-06,0.0003370376094145946,-0.0001788174330388686,-0.04693109815484406
82100.0,1000.0,1950000000.0,9.250306188849646e-07,6.706599589608329e-07,4.936322807934741e-06,0.00039586457507410146,-0.0003088467020745502,0.008939143119041973
82200.0,1000.0,1950000000.0,9.2643804726826e-07,6.771426779857011e-07,4.937397301728339e-06,0.00020232054894789886,6.126162761172258e-05,0.06137663583779743
82300.0,1000.0,1950000000.0,9.200941191132621e-07,6.796313960277786e-07,4.936529886311367e-06,0.00013986634708163624,0.0003274456784185914,0.0903940669643971
82400.0,1000.0,1950000000.0,9.178146460524743e-07,6.706952315460902e-07,4.934222722508294e-06,-0.0002832240156722181,0.0002680043399593206,0.08520675147554001
82500.0,1000.0,1950000000.0,9.146667472427668e-07,6.82948254952358e-07,4.9315933571618865e-06,0.00022156713238571598,-9.574589399285187e-05,0.04761946503876268
82600.0,1000.0,1950000000.0,9.182860354611473e-07,6.706605381874574e-07,4.929781066047069e-06,-0.0002092731888004649,-3.1308366460426036e-05,-0.008407970532361605
82700.0,1000.0,1950000000.0,9.256956993235918e-07,6.695721061227547e-07,4.929080163856513e-06,-0.00013203463101960013,0.000178017090056787,-0.06086666169221749
82800.0,1000.0,1950000000.0,9.304675968257846e-07,6.590057053548854e-07,4.929347876627697e-06,-0.00014013666371762387,-8.078347071500062e-05,-0.09043970904234751
82900.0,1000.0,1950000000.0,9.24475345428968e-07,6.577728977049249e-07,4.93110018151947e-06,2.3910089329480407e-05,0.0002801050935157564,-0.08536056545134853
83000.0,1000.0,1950000000.0,9.334839885386269e-07,6.678967789957027e-07,4.9334541269948615e-06,-0.00021077863223702552,0.00021245673569779273,-0.04797302545718832
83100.0,1000.0,1950000000.0,9.389822745085985e-07,6.656895820531612e-07,4.9351346670354145e-06,0.0001956366891407041,3.781876208665885e-05,0.007717772422545965
83200.0,1000.0,1950000000.0,9.461764964862863e-07,6.59265516531433e-07,4.935580445304672e-06,0.00036820405977167363,-1.2328542368787487e-05,0.06061729581531535
83300.0,1000.0,1950000000.0,9.435048100615572e-07,6.677446293071488e-07,4.935132231893382e-06,-0.00023104692636354506,0.0003230685292995622,0.09038960047410781
83400.0,1000.0,1950000000.0,9.344283937685539e-07,6.677315474872975e-07,4.9338759469698875e-06,0.0003087433597355136,-0.0001758073782087159,0.08573477906256145
83500.0,1000.0,1950000000.0,9.312260401693435e-07,6.786299354364836e-07,4.932555793531651e-06,0.00021104218964007062,-0.00016786698170602566,0.048164487960319094
83600.0,1000.0,1950000000.0,9.394028045959817e-07,6.55806896135419e-07,4.931957485779988e-06,-0.0002848065183583403,-0.00012123418313187543,-0.0076757380351885314
83700.0,1000.0,1950000000.0,9.37220219759539e-07,6.53165420960898e-07,4.932011837215861e-06,0.00021911410583571396,7.493226809979757e-06,-0.06011761335079784
83800.0,1000.0,1950000000.0,9.435340873618438e-07,6.455071634545762e-07,4.932868617108253e-06,-7.234227902363327e-05,-0.0001265972808448706,-0.08981528478020062
83900.0,1000.0,1950000000.0,9.321483567421523e-07,6.587249026436282e-07,4.933487545170334e-06,-0.00021943144721752632,7.69429899975165e-05,-0.0852869117834398
84000.0,1000.0,1950000000.0,9.354562042091284e-07,6.609559505606556e-07,4.934267892268947e-06,-0.00043777566461406756,-1.1884827503004718e-05,-0.04825973895089053
84100.0,1000.0,1950000000.0,9.255264085512414e-07,6.642939198996292e-07,4.934074669812478e-06,-9.566827953629551e-05,0.00016540059257896648,0.007206902550453967
84200.0,1000.0,1950000000.0,9.379155552689388e-07,6.590017367937492e-07,4.9336005400625054e-06,-8.16693723933269e-05,0.0002197883526018653,0.05988424550029521
84300.0,1000.0,1950000000.0,9.322597807889052e-07,6.592825369497552e-07,4.932507629915032e-06,-0.00010973349405435078,0.0001869576076074702,0.08985968961754887
84400.0,1000.0,1950000000.0,9.231636781882108e-07,6.623108206242127e-07,4.9314851081857026e-06,5.130913925964184e-05,-0.00010654202245774641,0.08574536974182591
84500.0,1000.0,1950000000.0,9.37277131455658e-07,6.610173511849268e-07,4.929851139478882e-06,-0.0002702586053414649,0.000105177088342669,0.04870232151923702
84600.0,1000.0,1950000000.0,9.374531884263718e-07,6.50348394513048e-07,4.928798267919984e-06,-0.0006255325014643651,0.00018115407822898364,-0.006740154097192455
84700.0,1000.0,1950000000.0,9.311001405870902e-07,6.655551034808347e-07,4.9280975055408755e-06,-0.0004004525751779194,-9.032003309768918e-05,-0.05959194013638724
84800.0,1000.0,1950000000.0,9.30053755200773e-07,6.723998221789923e-07,4.928671493462717e-06,0.00027127359261762835,0.00013172151113480135,-0.08992278762116743
84900.0,1000.0,1950000000.0,9.244296141151732e-07,6.698819921283852e-07,4.9294127257981304e-06,0.00042533960204057305,0.00017961171259307682,-0.08623087604639097
85000.0,1000.0,1950000000.0,9.318110205050468e-07,6.659053245048413e-07,4.930563212626846e-06,-6.065222630921847e-05,-0.0001727697034814284,-0.04972609317439124
85100.0,1000.0,1950000000.0,9.351016652694367e-07,6.582620841476105e-07,4.931724139618859e-06,0.0003358717625377598,-0.00015280977544269476,0.006046436142915506
85200.0,1000.0,1950000000.0,9.3190815002139e-07,6.558714328449903e-07,4.93252764260136e-06,0.00017840758417998902,3.724129453832339e-05,0.05935880018400972
85300.0,1000.0,1950000000.0,9.329391875874103e-07,6.69657877533478e-07,4.932407099093168e-06,0.000160135528049297,-0.00025259002800075636,0.09019513472611196
85400.0,1000.0,1950000000.0,9.370268496878931e-07,6.702036918692058e-07,4.9318078735531295e-06,-0.00032665908113566804,-6.44897515319417e-05,0.08642896991797465
85500.0,1000.0,1950000000.0,9.32609797043617e-07,6.615250899083103e-07,4.930428862832752e-06,-1.456596934384744e-05,-3.318075656371265e-05,0.049915759493248106
85600.0,1000.0,1950000000.0,9.369408148712485e-07,6.604360998401135e-07,4.92918101991338e-06,0.00024011307036711572,-8.192864758290869e-05,-0.005434512479049246
85700.0,1000.0,1950000000.0,9.37534482068084e-07,6.569493157653762e-07,4.9283329072825405e-06,-0.00024498320533622816,-7.872618432316035e-05,-0.05878395946569965
85800.0,1000.0,1950000000.0,9.370501787803015e-07,6.752604893053467e-07,4.929098947965771e-06,-0.00020286931899712038,0.0004199298069559221,-0.08989405530959756
85900.0,1000.0,1950000000.0,9.366006751415672e-07,6.767044430403127e-07,4.93064833078753e-06,0.00023518500532750732,0.0002244753716099154,-0.08700270206556995
86000.0,1000.0,1950000000.0,9.293520432344059e-07,6.776555668961412e-07,4.932302376883889e-06,-0.0005964248877059204,0.0001524085347716153,-0.05138478930245666
86100.0,1000.0,1950000000.0,9.445346837452651e-07,6.623095343174369e-07,4.933857920644117e-06,-1.2174636567945619e-05,0.00011024960303052418,0.004324643856359594
86200.0,1000.0,1950000000.0,9.44493609401579e-07,6.592928034265421e-07,4.934142320440492e-06,-0.0003987880242709283,-0.0004043503542550386,0.05842071035488124
86300.0,1000.0,1950000000.0,9.303293218013899e-07,6.778325103232262e-07,4.933174098805163e-06,-0.00013975980993514796,2.4510002222320046e-05,0.09024205204697426
86400.0,1000.0,1950000000.0,9.353959725659979e-07,6.68493837154342e-07,4.931865971061386e-06,2.2800353806802288e-05,0.00016411270232460077,0.08759540700866171
86500.0,1000.0,1950000000.0,9.326703744655712e-07,6.750371035868227e-07,4.930689795724294e-06,0.0003339379043827453,-8.253117834200245e-05,0.051804801563735896
86600.0,1000.0,1950000000.0,9.287422122229e-07,6.600983146818162e-07,4.929720796079946e-06,0.00034068068651741144,0.0002623212043533208,-0.00365494931623967
86700.0,1000.0,1950000000.0,9.264279369292925e-07,6.65154257795069e-07,4.9297884459701595e-06,-0.0005350575493480701,4.23137764250591e-05,-0.05763089813293732
86800.0,1000.0,1950000000.0,9.433332072050455e-07,6.534218823913157e-07,4.930418674238338e-06,-4.541041496788959e-05,-0.0001084198670926691,-0.0897288639460337
86900.0,1000.0,1950000000.0,9.408223783994819e-07,6.692419491389071e-07,4.931441499330558e-06,-0.00026394491208529114,-8.797971076859871e-05,-0.08788641308953336
87000.0,1000.0,1950000000.0,9.419035162097321e-07,6.612246015206238e-07,4.932871093614593e-06,0.0003641635193195045,-0.00028660150500099733,-0.05241332418686365
87100.0,1000.0,1950000000.0,9.40392255839554e-07,6.665211203579212e-07,4.934239471119549e-06,-4.4780516675029605e-05,-0.00020204267205908087,0.002940956329718274
87200.0,1000.0,1950000000.0,9.361397307313891e-07,6.753002124457452e-07,4.93470089421256e-06,0.00023246895866927566,-6.892713778033302e-06,0.057030800520963425
87300.0,1000.0,1950000000.0,9.448081881657901e-07,6.71356718448014e-07,4.934928657627746e-06,-6.98134950287332e-05,-0.0006390614583008709,0.08938497790825212
87400.0,1000.0,1950000000.0,9.437656670074909e-07,6.78860139040307e-07,4.933660724700707e-06,0.00020108445270513052,-1.0598661504945932e-05,0.08754355343547796
87500.0,1000.0,1950000000.0,9.379649578110661e-07,6.737620903993671e-07,4.932078879700957e-06,0.0005416742615025847,0.0003707291430948487,0.05248989581550611
87600.0,1000.0,1950000000.0,9.443648563055934e-07,6.733386473770095e-07,4.930712767996777e-06,-0.00021888162011848624,-8.525829365226586e-05,-0.002767248017023563
87700.0,1000.0,1950000000.0,9.416835407871317e-07,6.840450164130543e-07,4.929538993275821e-06,-7.861588612040576e-06,-4.580009529401845e-05,-0.05672709514252853
87800.0,1000.0,1950000000.0,9.495045677794393e-07,6.690610909259446e-07,4.92922391388865e-06,-0.00011768034131187808,0.0002729791198913872,-0.0892834589213918
87900.0,1000.0,1950000000.0,9.597953715349826e-07,6.588562903337056e-07,4.929479573453062e-06,7.369220814847056e-06,0.00010747627735729171,-0.08768801812024853
88000.0,1000.0,1950000000.0,9.606990732176797e-07,6.628096273340425e-07,4.930434927225497e-06,-6.976337038405656e-05,7.363391142476184e-05,-0.052729041291832
88100.0,1000.0,1950000000.0,9.499828509725385e-07,6.757290431023422e-07,4.93146248442046e-06,-9.123514468698482e-06,-0.00036060115838880836,0.0022141288358081992
88200.0,1000.0,1950000000.0,9.521705159437965e-07,6.717840157743737e-07,4.931940261045988e-06,7.966370796194734e-05,0.00013077608347322178,0.05607438740461819
88300.0,1000.0,1950000000.0,9.464448726914246e-07,6.792373006336717e-07,4.931066017986721e-06,0.00018493033225204438,2.201941838603677e-05,0.0886889398586713
88400.0,1000.0,1950000000.0,9.471326972388211e-07,6.78331476511943e-07,4.929854210413487e-06,7.298816480374597e-05,0.00018968570910751556,0.08764858392232519
88500.0,1000.0,1950000000.0,9.315904893400383e-07,6.775493991135582e-07,4.9289124326265254e-06,-0.00045001391807399224,-0.00022988429165455657,0.05324588333582803
88600.0,1000.0,1950000000.0,9.418326958501938e-07,6.776910909199657e-07,4.928564050206194e-06,-0.00023735402775598298,-0.0003388705222152663,-0.0012535683224746395
88700.0,1000.0,1950000000.0,9.279332736673025e-07,6.845798172410245e-07,4.928319359418396e-06,-0.0001343137458588091,1.8071821487015687e-05,-0.05528516163644861
88800.0,1000.0,1950000000.0,9.238026458369072e-07,6.931492889210661e-07,4.928967529239767e-06,0.00023925772576337644,-0.00039312134684635076,-0.08840879780268009
88900.0,1000.0,1950000000.0,9.290901284991654e-07,6.77166761152777e-07,4.930430649834801e-06,0.00015143466707654365,6.497315620585763e-05,-0.08796611810084781
89000.0,1000.0,1950000000.0,9.314735683721087e-07,6.799747643880312e-07,4.931922783568241e-06,0.0003448983324532312,-3.2608055735284264e-05,-0.053813136017210286
89100.0,1000.0,1950000000.0,9.262500363506162e-07,6.787189567289592e-07,4.932974439037299e-06,-0.0002506685655522237,-2.2019312030145995e-05,0.0009346674437975845
89200.0,1000.0,1950000000.0,9.263766303322348e-07,6.866064090861816e-07,4.933288226227851e-06,-0.0003235746940304229,0.00026153411981292966,0.05536283606621977
89300.0,1000.0,1950000000.0,9.163897824739127e-07,6.831594591687702e-07,4.932454482353984e-06,-0.0004998370710691982,0.00010441228953327897,0.08866463429834716
89400.0,1000.0,1950000000.0,9.148693603457021e-07,6.901021069131801e-07,4.931794070332132e-06,3.710264189933384e-05,-6.773721911502584e-05,0.08826612599834241
89500.0,1000.0,1950000000.0,9.227770089684859e-07,6.734593697550854e-07,4.9309246082420845e-06,-0.00013975111188811395,0.00024122635383866349,0.05416716025366614
89600.0,1000.0,1950000000.0,9.13570227579423e-07,6.747427574788316e-07,4.930163500942815e-06,0.00046508364971628325,-3.3062559531109084e-05,-0.00011186667686272317
89700.0,1000.0,1950000000.0,9.208227727862183e-07,6.641660239884486e-07,4.929938856792188e-06,-0.00014022832002419166,-2.863835833827771e-05,-0.05452911952361336
89800.0,1000.0,1950000000.0,9.117220056660229e-07,6.798992917360356e-07,4.930838587264779e-06,-0.0002494158409297825,-0.00010713013031978723,-0.08828322717671036
89900.0,1000.0,1950000000.0,9.123816308988786e-07,6.832969931919853e-07,4.932236271081836e-06,-0.00020279619922123902,8.887662243385678e-05,-0.08843668845652257
90000.0,1000.0,1950000000.0,9.272692833498664e-07,6.639523551143395e-07,4.933721191367474e-06,0.0001961274138145662,9.454138836692796e-06,-0.05489826686724984
90100.0,1000.0,1950000000.0,9.293231008336e-07,6.665446892546813e-07,4.934775945701073e-06,-0.0003945417343892134,-0.0001512116666820693,-0.0005039660759255672
90200.0,1000.0,1950000000.0,9.255137088379781e-07,6.669474632784633e-07,4.934956365450372e-06,0.0006859638321752796,-0.0005545587922389251,0.05425578071868378
90300.0,1000.0,1950000000.0,9.192309262488592e-07,6.776789349388854e-07,4.933713934736833e-06,9.953030108502206e-05,-0.0002529708895542194,0.08817512557436982
90400.0,1000.0,1950000000.0,9.137198682867581e-07,6.817722950016498e-07,4.932106759924242e-06,0.00043602645836039006,-0.00020348996910775143,0.08846223508761833
90500.0,1000.0,1950000000.0,9.206575242966918e-07,6.870228196435066e-07,4.931433415092382e-06,-0.00042521525399916046,-3.426229064681523e-05,0.05494269652509578
90600.0,1000.0,1950000000.0,9.114043189412156e-07,6.768073259726291e-07,4.930770125349239e-06,-0.0005760681799665313,-0.0004301608625214169,0.0006742010228675604
90700.0,1000.0,1950000000.0,9.220691059215846e-07,6.90556163132493e-07,4.9313555654839146e-06,0.000300088579997453,0.00022918908508072765,-0.05402226067557133
90800.0,1000.0,1950000000.0,9.217740523580049e-07,6.982760931057613e-07,4.93292005325056e-06,3.53364035344187e-05,-0.00013615388992366782,-0.08851540564329201
90900.0,1000.0,1950000000.0,9.104814552819536e-07,6.935913214185189e-07,4.9354239709796035e-06,-8.19751249676886e-05,-0.0004266968035108404,-0.08910745860582892
91000.0,1000.0,1950000000.0,9.134515346881113e-07,6.987703829810839e-07,4.937273477794308e-06,-6.83212129229291e-05,0.00026206697096565335,-0.05583757735419417
91100.0,1000.0,1950000000.0,9.136798836802357e-07,6.837973472754957e-07,4.938723815500113e-06,-0.0005487360701622922,-9.567964904127797e-05,-0.0012106800956810074
91200.0,1000.0,1950000000.0,9.200074084586803e-07,6.888699788103506e-07,4.9387826020202765e-06,3.553850330066951e-05,-7.238152885527515e-05,0.053921250381173805
91300.0,1000.0,1950000000.0,9.139425660441162e-07,6.898247845673444e-07,4.937858047283495e-06,6.810819210733532e-05,8.135348425338482e-05,0.08847962257718577
91400.0,1000.0,1950000000.0,9.214849379380381e-07,6.829625260401814e-07,4.936349397925639e-06,-0.0007320754132345758,-0.00014041253442614832,0.08929069757289267
91500.0,1000.0,1950000000.0,9.19325188148561e-07,6.93145558265035e-07,4.934845805889558e-06,-4.2902451018615125e-05,0.00020841281515719036,0.05621811099001661
91600.0,1000.0,1950000000.0,9.195591169295573e-07,6.913191552564003e-07,4.93447490445274e-06,0.00022039171518218267,-2.74542665876772e-06,0.0016918846870641142
91700.0,1000.0,1950000000.0,9.266362217657865e-07,6.793418745240081e-07,4.935041163502044e-06,0.00047737504095429637,9.477967037037688e-05,-0.05338103500583259
91800.0,1000.0,1950000000.0,9.22180580015541e-07,6.953895609977907e-07,4.936402231267518e-06,-0.0002413368311780709,-0.00012570248121361336,-0.08848922336490972
91900.0,1000.0,1950000000.0,9.221451703950735e-07,7.009646478842522e-07,4.938254397842154e-06,-7.361386188311407e-05,6.754483157729437e-05,-0.08983316192642599
92000.0,1000.0,1950000000.0,9.177416120235082e-07,6.955286345599026e-07,4.93966266935184e-06,8.351268001200945e-05,0.00023483231015116233,-0.05698648966441749
92100.0,1000.0,1950000000.0,9.09965733709121e-07,7.069043596744476e-07,4.940692109669839e-06,0.0002429656693102997,-0.00027450807450584206,-0.0023521483486806773
92200.0,1000.0,1950000000.0,9.108420936960917e-07,7.060977348978226e-07,4.940763298042984e-06,-0.00018667189425147478,0.0002436260490451139,0.053096316928037166
92300.0,1000.0,1950000000.0,9.053323691266059e-07,7.063505903817827e-07,4.939695740983873e-06,0.00024193949017902095,0.00019596653261092623,0.08853329139825941
92400.0,1000.0,1950000000.0,9.148895845193645e-07,6.872757449143428e-07,4.938173643752344e-06,-2.673765249361153e-05,0.000286701963680444,0.09006844359476936
92500.0,1000.0,1950000000.0,9.151413930777143e-07,6.966239448154332e-07,4.937056314779052e-06,-0.0003242625840568151,-0.0002510213282037738,0.05738901929609616
92600.0,1000.0,1950000000.0,9.135345560649066e-07,6.968808774408112e-07,4.936292765861469e-06,-4.376701876514864e-06,-0.00045481854186552273,0.0030431905105291
92700.0,1000.0,1950000000.0,9.106875845991054e-07,6.89636921863541e-07,4.936634129317857e-06,-0.00037240873936287053,9.266415645466344e-05,-0.05278213956808461
92800.0,1000.0,1950000000.0,9.076060661355354e-07,7.165739630810354e-07,4.9373112919636665e-06,-3.665978282896432e-06,-0.0003279218039670779,-0.08847400271524578
92900.0,1000.0,1950000000.0,9.169236847312069e-07,7.05375934831287e-07,4.938541714050533e-06,0.00019218289842533147,-0.00021315395474647686,-0.09051459823383884
93000.0,1000.0,1950000000.0,9.107009380060878e-07,7.081920865865048e-07,4.93995226901785e-06,-8.565117394044249e-05,-0.00021627605086317663,-0.05838039926934015
93100.0,1000.0,1950000000.0,9.231303648975702e-07,7.037893065828571e-07,4.939998447637263e-06,0.00026390916611059,0.00043191379600467886,-0.0038851198738681964
93200.0,1000.0,1950000000.0,9.162071982595921e-07,7.05439348071228e-07,4.939342952290526e-06,-0.0002612955656395613,-0.00010721653260628621,0.051937996884087095
93300.0,1000.0,1950000000.0,9.153923541394667e-07,7.049984814287124e-07,4.93826902587704e-06,-0.00012409963955778362,0.0004593905510829581,0.08801402359511594
93400.0,1000.0,1950000000.0,9.092373643893246e-07,6.929527556193801e-07,4.93713696955411e-06,-0.0001809990372492652,-0.0001982379592315975,0.09099946567707763
93500.0,1000.0,1950000000.0,9.153252328422928e-07,6.848557604764949e-07,4.9366320583778295e-06,-4.141722335258849e-06,0.0002614125989165264,0.05928386863065654
93600.0,1000.0,1950000000.0,9.176181360313049e-07,6.809648890455357e-07,4.935722452974019e-06,-0.00028583676227472607,1.812090682498702e-05,0.005111102757943395
93700.0,1000.0,1950000000.0,9.208548385252348e-07,6.909941638111912e-07,4.936076201226198e-06,-0.0005031502409758111,-1.8092339812717013e-05,-0.050887771065225525
93800.0,1000.0,1950000000.0,9.18750481253653e-07,6.972906298149897e-07,4.9363109570041635e-06,-0.00017283663596654413,1.9259182893467667e-05,-0.08775560191799546
93900.0,1000.0,1950000000.0,9.099494821691501e-07,6.914972697824308e-07,4.936872865450891e-06,-6.147575877718345e-05,0.00010761433791057324,-0.09110652374954825
94000.0,1000.0,1950000000.0,9.165923417533892e-07,6.814817331250548e-07,4.938119469932862e-06,-0.00027547679134559813,-7.222484651022356e-05,-0.05962448993616618
94100.0,1000.0,1950000000.0,9.083792461947154e-07,6.889211909014608e-07,4.93965916073256e-06,-0.0002154575188066197,-0.00016757003295931025,-0.005562912155817552
94200.0,1000.0,1950000000.0,9.186102665923138e-07,6.832809104382468e-07,4.9402579880498585e-06,-0.00027017232983330845,5.126694759202417e-05,0.05065527508640921
94300.0,1000.0,1950000000.0,9.121294475314791e-07,6.831350578106087e-07,4.940105746397642e-06,-2.606048226713818e-05,-0.0004901811015797257,0.08751106890763152
94400.0,1000.0,1950000000.0,9.244662134831968e-07,6.820415979882724e-07,4.939425839115801e-06,-6.582124961181325e-05,-0.00034957216018992977,0.09111827263601664
94500.0,1000.0,1950000000.0,9.233794409398148e-07,6.800917041974518e-07,4.938159322592857e-06,0.0007310335246345403,3.3283293538850324e-05,0.06018493902597522
94600.0,1000.0,1950000000.0,9.193679252583714e-07,6.927317712769441e-07,4.9364329550461905e-06,0.0004164311987171144,-0.00028312246553845264,0.0061656854812170755
94700.0,1000.0,1950000000.0,9.245941703941942e-07,6.775412622917526e-07,4.935225800247604e-06,3.6220976296780536e-05,0.00011365480756952901,-0.05027677508962422
94800.0,1000.0,1950000000.0,9.247069497498047e-07,6.759971094729139e-07,4.935172360880845e-06,-1.5606974748462433e-05,-0.0003026663563089863,-0.0873544487628637
94900.0,1000.0,1950000000.0,9.173399231573111e-07,6.827725137631371e-07,4.935878152624464e-06,-0.00013613076046795907,5.073150224974058e-05,-0.0912948131268539
95000.0,1000.0,1950000000.0,9.103530515229645e-07,6.84064713898294e-07,4.936997019901226e-06,0.00014140519635848548,-0.00046085038958094607,-0.06024958290125915
95100.0,1000.0,1950000000.0,9.094514334495508e-07,6.799918231244747e-07,4.938224732759565e-06,0.00018512862390982873,0.00017148963120913887,-0.006429117694241049
95200.0,1000.0,1950000000.0,9.101212481492275e-07,6.906198118813004e-07,4.939003251524131e-06,-7.472896564318912e-05,-0.00015348451974738384,0.05001145797375969
95300.0,1000.0,1950000000.0,9.084792318029205e-07,6.847417070043509e-07,4.938954449184432e-06,-0.00015044401048931082,-1.1819167613188904e-05,0.08725265270170235
95400.0,1000.0,1950000000.0,9.117295695281012e-07,6.83360342592405e-07,4.937800589715617e-06,-0.00034680129651569464,-9.380103265880997e-05,0.0912980317296327
95500.0,1000.0,1950000000.0,9.070759247662064e-07,6.848566394724257e-07,4.936439890398932e-06,-1.4070226553768608e-06,3.6920748521883535e-06,0.06076399191559666
95600.0,1000.0,1950000000.0,9.035518134425849e-07,6.927329396456423e-07,4.934858154159207e-06,-0.00011174146494279376,0.0005414895587986752,0.006999882680450242
95700.0,1000.0,1950000000.0,9.124893183960607e-07,6.86956800410625e-07,4.9338370195810144e-06,0.00010103959082019305,-0.0003317174028541761,-0.0494744719003051
95800.0,1000.0,1950000000.0,9.14633036345096e-07,6.919019498564042e-07,4.934011870665967e-06,-0.0003115315598374793,0.00014944818916083028,-0.08722775608504517
95900.0,1000.0,1950000000.0,9.092906597262905e-07,7.03630493433885e-07,4.935065861793868e-06,1.954097231029533e-05,0.0003070158521083578,-0.09192208184656514
96000.0,1000.0,1950000000.0,9.154182110419859e-07,6.876141180556002e-07,4.936299252131262e-06,0.0003142381759986814,-0.0004767130549716078,-0.061810112958542954
96100.0,1000.0,1950000000.0,9.141187389376331e-07,6.85756162455017e-07,4.937849239095142e-06,0.0001770728840734132,-0.00011026832577446998,-0.007818290729682422
96200.0,1000.0,1950000000.0,9.286519248905327e-07,6.803789798426662e-07,4.9385324214695315e-06,-6.70948202234963e-06,0.00010487587098887187,0.04912379322529811
96300.0,1000.0,1950000000.0,9.265042961523565e-07,6.852319521120206e-07,4.938564754576791e-06,0.00037547637060526227,-0.0003987502107718627,0.08736398543402615
96400.0,1000.0,1950000000.0,9.277702822414433e-07,6.864009427041925e-07,4.938007284064622e-06,-0.00023708066758281216,-8.341701217183145e-06,0.09216317356093906
96500.0,1000.0,1950000000.0,9.195290686279562e-07,6.853013342557412e-07,4.93667442235957e-06,0.00010782213153580688,0.0003924573274618713,0.06195592419572997
96600.0,1000.0,1950000000.0,9.124547758388264e-07,6.945344712269256e-07,4.9353794788890006e-06,0.0002846081996647664,-0.00017160186305462038,0.008329251111126312
96700.0,1000.0,1950000000.0,9.270251402420244e-07,6.910158654819208e-07,4.934381562293343e-06,5.046721570626704e-05,0.00018694705657418788,-0.04857411317329353
96800.0,1000.0,1950000000.0,9.239426482805101e-07,6.780761484133169e-07,4.934699458486191e-06,0.000210411731735461,1.6094446668347287e-05,-0.08683469789984358
96900.0,1000.0,1950000000.0,9.272051090842369e-07,6.748585649318033e-07,4.935942141178795e-06,-0.0006202708119598995,0.0001786279340160189,-0.09196866525976843
97000.0,1000.0,1950000000.0,9.284355393262518e-07,6.700042069601855e-07,4.93720439725144e-06,-0.0003766495615725754,7.102034044627664e-06,-0.06192753365076201
97100.0,1000.0,1950000000.0,9.220427863723155e-07,6.698799504775103e-07,4.939282975312036e-06,-1.805786847045931e-05,-8.389816016034157e-05,-0.008187956319295336
97200.0,1000.0,1950000000.0,9.227753976419837e-07,6.784115214684174e-07,4.939952140507991e-06,0.0003814138771773223,9.262534887290926e-05,0.04853638732922841
97300.0,1000.0,1950000000.0,9.231130789336676e-07,6.678773396197246e-07,4.939387850443611e-06,-0.00011815638579425945,-0.0003637772217044664,0.08682629922682963
97400.0,1000.0,1950000000.0,9.206204384083868e-07,6.929956467082648e-07,4.937792337283487e-06,0.0001128369731501936,-7.775679759502673e-05,0.09177553894628641
97500.0,1000.0,1950000000.0,9.177755615434538e-07,7.016202198808557e-07,4.9359093165650895e-06,-3.831075305382496e-05,-0.00012373798911947148,0.061661376282959555
97600.0,1000.0,1950000000.0,9.148416220949409e-07,7.086236179785973e-07,4.934498332065975e-06,-0.00012261063982814963,7.852219836056321e-05,0.007690083905005539
97700.0,1000.0,1950000000.0,9.13679393501685e-07,7.072039047074022e-07,4.933891226862085e-06,0.0005894858787080646,4.028035575559666e-05,-0.048903203312259155
97800.0,1000.0,1950000000.0,9.15600143901405e-07,7.006518509507757e-07,4.934601402130071e-06,0.00039760540096484877,-0.00019372255951451774,-0.08681255028319648
97900.0,1000.0,1950000000.0,9.162536207273441e-07,7.054128240535379e-07,4.936413965130623e-06,9.443934034799951e-06,-0.0003812605185062357,-0.09205422825045388
98000.0,1000.0,1950000000.0,9.14734942790417e-07,7.009727471077301e-07,4.938353258982896e-06,-0.0001426835410662763,0.00032410125424128035,-0.062074416061615026
98100.0,1000.0,1950000000.0,9.076935552756254e-07,7.155447943698614e-07,4.940139803819245e-06,0.000154329683410884,-8.189704107332293e-05,-0.008407890321019108
98200.0,1000.0,1950000000.0,9.125560901999673e-07,6.914658610108245e-07,4.941640833473225e-06,0.0002447865419459092,-0.0003749068898652668,0.048483721212309844
98300.0,1000.0,1950000000.0,9.141993797522877e-07,6.919418440484035e-07,4.941404605140148e-06,6.135027205117437e-05,3.43661914829935e-05,0.08698822601676474
98400.0,1000.0,1950000000.0,9.045404665083352e-07,7.062775102129022e-07,4.940906480055412e-06,-7.425404206562674e-05,0.0001267338527476969,0.0923241185257766
98500.0,1000.0,1950000000.0,9.055388001280008e-07,7.082226090307098e-07,4.940360502097282e-06,0.00025419980375538043,-0.00021760816294906198,0.06274587783027455
98600.0,1000.0,1950000000.0,8.917774771589147e-07,7.221388679094143e-07,4.939586939001339e-06,0.00034118239296110814,-8.916359994947385e-05,0.009059146894007589
98700.0,1000.0,1950000000.0,9.023907105800456e-07,7.001394350857593e-07,4.939777086415098e-06,-0.00043420728613346196,-0.00012632175646048433,-0.048089592811120734
98800.0,1000.0,1950000000.0,8.949775883565312e-07,6.911357198377899e-07,4.939861982391415e-06,0.0006280983385729772,3.058206709798372e-05,-0.08637735060192482
98900.0,1000.0,1950000000.0,9.043512250444603e-07,6.968918114517364e-07,4.940467650370563e-06,0.00035937304518927676,-6.299492678987564e-05,-0.09191400570140064
99000.0,1000.0,1950000000.0,9.047414130384812e-07,6.949478415937373e-07,4.941266649546701e-06,-0.00025918791465357827,-0.00032752843670836505,-0.06273768194684425
99100.0,1000.0,1950000000.0,9.002971129219226e-07,6.994730904734761e-07,4.942096770083918e-06,-0.0003321851551216798,-0.0002764041314162538,-0.009387029805151966
99200.0,1000.0,1950000000.0,9.207171299310851e-07,6.896658326788883e-07,4.942790774757545e-06,4.831797747921945e-05,0.0002580697170046565,0.0474651643260902
99300.0,1000.0,1950000000.0,9.288985103038691e-07,6.755219140294965e-07,4.942378219870712e-06,0.00016689792786306484,0.00010267291128055026,0.08614497957350527
99400.0,1000.0,1950000000.0,9.12323489871976e-07,6.771004555108583e-07,4.941392608701821e-06,-3.2196468715914586e-05,0.00011345657451147932,0.09241657486359306
99500.0,1000.0,1950000000.0,9.129985293490121e-07,6.840768458015163e-07,4.9403482839077574e-06,-0.00020510057792786986,4.319915709632842e-05,0.06329923434444161
99600.0,1000.0,1950000000.0,9.090577545726915e-07,6.840677218606056e-07,4.939187362125009e-06,-0.0007049045179037032,9.496134779888746e-05,0.010105475876661114
99700.0,1000.0,1950000000.0,9.100469787655036e-07,6.776888318205748e-07,4.9386501151260066e-06,-0.00030719643791581817,0.00027600313394918896,-0.04674586117345153
99800.0,1000.0,1950000000.0,9.136083777185643e-07,6.807502759720048e-07,4.939242209434832e-06,0.0003257502657728323,-0.00013448793339487252,-0.085789473031897
99900.0,1000.0,1950000000.0,9.064822220164411e-07,6.982620300918722e-07,4.940672073012624e-06,-0.00017167131245796337,-0.0001504368621198159,-0.09243275031540318
100000.0,1000.0,1950000000.0,9.004441190451357e-07,7.055146503144837e-07,4.942227384025109e-06,0.00016288177274925938,8.762595750140289e-05,-0.0639598382231464
